# Exported from Nomad Sculpt
o Box
usemtl Box
v -0.23178715 -12.710516 0.199556201 1 1 1
v -0.23178717 -12.7105169 -0.199558 1 1 1
v 0.236024022 -12.7105188 0.199554711 1 1 1
v 0.236024022 -12.7105169 -0.19955711 1 1 1
v -0.23178715 -11.3980284 0.203269556 1 1 1
v -0.23178715 -11.3980284 -0.20326516 1 1 1
v 0.236024022 -11.3980284 0.203272223 1 1 1
v 0.236024022 -11.3980284 -0.20326693 1 1 1
v -0.23178715 -9.67793369 0.212290912 1 1 1
v -0.23178715 -9.67794609 -0.21228983 1 1 1
v 0.236024022 -9.67793751 0.212296664 1 1 1
v 0.236024022 -9.67794037 -0.21228905 1 1 1
v -0.23178715 -7.96597624 0.212293759 1 1 1
v -0.23178715 -7.96597624 -0.21228969 1 1 1
v 0.236024022 -7.96597624 0.212296202 1 1 1
v 0.236024051 -7.96597624 -0.21229158 1 1 1
v -0.23178715 -6.25401211 0.212294116 1 1 1
v -0.23178717 -6.25401354 -0.21228969 1 1 1
v 0.236024022 -6.25401354 0.212296202 1 1 1
v 0.236024022 -6.25401211 -0.21229194 1 1 1
v -0.23178715 -4.54205465 0.212294414 1 1 1
v -0.23178715 -4.54206181 -0.21228929 1 1 1
v 0.236024022 -4.54206705 0.212295487 1 1 1
v 0.236024022 -4.54204655 -0.21229194 1 1 1
v -0.23178715 -2.83007932 0.212294340 1 1 1
v -0.23178715 -2.83008194 -0.21228965 1 1 1
v 0.236024022 -2.83008242 0.212296113 1 1 1
v 0.236024051 -2.83007884 -0.21229215 1 1 1
v -0.23178715 -1.11811435 0.212294071 1 1 1
v -0.23178715 -1.11811566 -0.21228965 1 1 1
v 0.236024022 -1.11811614 0.212296113 1 1 1
v 0.236024022 -1.11811435 -0.2122919 1 1 1
v -0.23178715 0.222309723 0.259535700 1 1 1
v -0.23178715 0.222308188 -0.25952834 1 1 1
v 0.236024022 0.222303092 0.259537458 1 1 1
v 0.236024022 0.222318902 -0.25953174 1 1 1
s 1
g Front
f 7 5 1 3
f 11 9 5 7
f 15 13 9 11
f 19 17 13 15
f 23 21 17 19
f 27 25 21 23
f 31 29 25 27
f 35 33 29 31
f 36 34 33 35
g Right
f 7 3 4 8
f 11 7 8 12
f 15 11 12 16
f 19 15 16 20
f 23 19 20 24
f 27 23 24 28
f 31 27 28 32
f 35 31 32 36
g Back
f 8 4 2 6
f 12 8 6 10
f 16 12 10 14
f 20 16 14 18
f 24 20 18 22
f 28 24 22 26
f 32 28 26 30
f 36 32 30 34
f 3 1 2 4
g Left
f 5 6 2 1
f 9 10 6 5
f 13 14 10 9
f 17 18 14 13
f 21 22 18 17
f 25 26 22 21
f 29 30 26 25
f 33 34 30 29
o Box_1
usemtl Box_1
v -0.26572993 -8.44375038 0.229545235 1 1 1
v -0.23089917 -8.42516804 -0.22641559 1 1 1
v 0.267468422 -8.44057655 0.240798041 1 1 1
v 0.234926432 -8.42475891 -0.23017961 1 1 1
v -0.28816521 -7.68357706 0.316296249 1 1 1
v -0.26570404 -7.6825757 -0.32406652 1 1 1
v 0.344032675 -7.71959877 0.361557334 1 1 1
v 0.283818125 -7.68234491 -0.31882301 1 1 1
v -0.28558698 -6.74776363 0.320679456 1 1 1
v -0.40574539 -6.66136217 -0.28270698 1 1 1
v 0.428187191 -6.66789818 0.291153997 1 1 1
v 0.288560330 -6.74777222 -0.2753979 1 1 1
v -0.26964745 -5.3755641 0.329758375 1 1 1
v -0.27172169 -5.36852169 -0.34100178 1 1 1
v 0.274190574 -5.41568136 0.402426689 1 1 1
v 0.289385259 -5.37098742 -0.34569055 1 1 1
v -0.28473902 -4.20830965 0.359424918 1 1 1
v -0.28473905 -4.20821381 -0.35472968 1 1 1
v 0.288975864 -4.20964813 0.358854532 1 1 1
v 0.288975894 -4.20821524 -0.3543669 1 1 1
v -0.26376632 -3.06728148 0.371358633 1 1 1
v -0.28093615 -3.05200458 -0.28500429 1 1 1
v 0.369613587 -3.00470233 0.291941255 1 1 1
v 0.312099874 -3.01588845 -0.28305507 1 1 1
v -0.37332526 -1.9118315 0.362592935 1 1 1
v -0.26031512 -1.87172186 -0.29450706 1 1 1
v 0.399900198 -1.83406365 0.234762489 1 1 1
v 0.389716118 -1.79023755 -0.27909032 1 1 1
v -0.28473914 -0.73680854 0.379797548 1 1 1
v -0.28473914 -0.74000973 -0.32639852 1 1 1
v 0.288975715 -0.73566079 0.374086469 1 1 1
v 0.288975715 -0.74176741 -0.31982964 1 1 1
v -0.21853189 0.043452564 0.294119238 1 1 1
v -0.21620844 0.026507314 -0.29660061 1 1 1
v 0.217477351 0.054808221 0.293984323 1 1 1
v 0.214701190 0.03464026 -0.29708862 1 1 1
s 1
g Front
f 43 41 37 39
f 47 45 41 43
f 51 49 45 47
f 55 53 49 51
f 59 57 53 55
f 63 61 57 59
f 67 65 61 63
f 71 69 65 67
f 72 70 69 71
g Right
f 43 39 40 44
f 47 43 44 48
f 51 47 48 52
f 55 51 52 56
f 59 55 56 60
f 63 59 60 64
f 67 63 64 68
f 71 67 68 72
g Back
f 44 40 38 42
f 48 44 42 46
f 52 48 46 50
f 56 52 50 54
f 60 56 54 58
f 64 60 58 62
f 68 64 62 66
f 72 68 66 70
f 39 37 38 40
g Left
f 41 42 38 37
f 45 46 42 41
f 49 50 46 45
f 53 54 50 49
f 57 58 54 53
f 61 62 58 57
f 65 66 62 61
f 69 70 66 65
o Sphere
usemtl Sphere
v -0.02175116 0.856311321 1.039072990 1 1 1
v -0.02198769 0.828896164 1.042987823 1 1 1
v -0.06485511 0.837191283 1.045254468 1 1 1
v -0.06082889 0.860353529 1.042413830 1 1 1
v 0.021750558 0.856311082 1.039072990 1 1 1
v 0.021987391 0.828896701 1.042988300 1 1 1
v -0.02134435 0.886212348 1.041206002 1 1 1
v -0.06022406 0.882385313 1.04398036 1 1 1
v 0.021343406 0.886211991 1.041205763 1 1 1
v -0.02184523 0.803035974 1.052481412 1 1 1
v -0.0654973 0.806933641 1.055274486 1 1 1
v 0.02184554 0.803034603 1.052482366 1 1 1
v -0.10383148 0.853533744 1.050668358 1 1 1
v -0.08510178 0.865391731 1.046363472 1 1 1
v -0.10707299 0.813486635 1.061559915 1 1 1
v -0.08463901 0.881444573 1.047801613 1 1 1
v -0.06351935 0.907411456 1.051162481 1 1 1
v -0.10303293 0.896662354 1.055487990 1 1 1
v -0.02137663 0.912053763 1.048747301 1 1 1
v 0.021377421 0.912051796 1.048745274 1 1 1
v 0.060223847 0.882384240 1.043978571 1 1 1
v 0.060827650 0.860353708 1.042414069 1 1 1
v 0.063512884 0.907408595 1.051155567 1 1 1
v 0.064853414 0.837190985 1.045256733 1 1 1
v 0.065494068 0.806933760 1.055276513 1 1 1
v 0.021030455 0.772817671 1.074538707 1 1 1
v -0.02103055 0.772817671 1.074537992 1 1 1
v 0.065057270 0.777847468 1.075727462 1 1 1
v -0.0650578 0.777850627 1.075723648 1 1 1
v -0.10365877 0.783551037 1.081613898 1 1 1
v -0.13187043 0.790136098 1.088192939 1 1 1
v -0.14714569 0.812735736 1.077787041 1 1 1
v -0.14812416 0.855113863 1.065183997 1 1 1
v -0.14262329 0.899532795 1.070196270 1 1 1
v -0.09707928 0.936201036 1.074517726 1 1 1
v -0.12803508 0.940290212 1.090775251 1 1 1
v -0.06355629 0.939389884 1.066692471 1 1 1
v -0.02143708 0.942269504 1.061953663 1 1 1
v 0.021427208 0.942266285 1.061961770 1 1 1
v 0.063544057 0.939371526 1.066728353 1 1 1
v 0.103036195 0.896662056 1.055486798 1 1 1
v 0.084639944 0.881443262 1.047799587 1 1 1
v 0.097082361 0.936199069 1.074512243 1 1 1
v 0.085102140 0.865391790 1.046363353 1 1 1
v 0.103830345 0.853533566 1.050669193 1 1 1
v 0.107070595 0.813486099 1.061561584 1 1 1
v 0.103656180 0.783550262 1.081614732 1 1 1
v 0.064671888 0.756602585 1.111094951 1 1 1
v 0.021188322 0.751850962 1.110476374 1 1 1
v 0.106656082 0.766549527 1.111896276 1 1 1
v -0.02118833 0.751851618 1.110473990 1 1 1
v -0.0646737 0.756601989 1.111090421 1 1 1
v -0.1066568 0.766547858 1.111892461 1 1 1
v -0.13835907 0.778658807 1.112893700 1 1 1
v -0.16401836 0.794588208 1.110068440 1 1 1
v -0.1731672 0.826401829 1.086295962 1 1 1
v -0.17851381 0.858186900 1.081582665 1 1 1
v -0.18901245 0.817085266 1.110711455 1 1 1
v -0.17155808 0.901670694 1.087434887 1 1 1
v -0.1554181 0.943470060 1.111742138 1 1 1
v -0.10653577 0.971856594 1.111565947 1 1 1
v -0.0895081 0.960847675 1.090053558 1 1 1
v -0.13161935 0.964755535 1.124578118 1 1 1
v -0.06089501 0.968801558 1.083997488 1 1 1
v -0.0215885 0.973006129 1.077398419 1 1 1
v 0.021587261 0.973017752 1.077398061 1 1 1
v 0.060894850 0.968815326 1.084000468 1 1 1
v 0.089522920 0.960857868 1.090068697 1 1 1
v 0.128048956 0.940299868 1.090766787 1 1 1
v 0.142625257 0.899537146 1.070195078 1 1 1
v 0.106537215 0.971847236 1.111543536 1 1 1
v 0.065714083 0.995278656 1.109380841 1 1 1
v 0.022696178 0.999559998 1.094150304 1 1 1
v -0.02268857 0.999557197 1.094148039 1 1 1
v -0.06572233 0.995288729 1.109406471 1 1 1
v -0.10440797 0.980981290 1.153501629 1 1 1
v -0.12967065 0.966369867 1.159692764 1 1 1
v -0.06707793 0.997907221 1.155150532 1 1 1
v -0.15766022 0.953158021 1.154439926 1 1 1
v -0.19635876 0.899622678 1.111155271 1 1 1
v -0.17982201 0.929847717 1.119757175 1 1 1
v -0.18342347 0.932961881 1.153492331 1 1 1
v -0.20406874 0.854736149 1.107665300 1 1 1
v -0.16400738 0.794564664 1.15315938 1 1 1
v -0.18910359 0.817013621 1.152274489 1 1 1
v -0.20589818 0.853943169 1.153632402 1 1 1
v -0.20269796 0.899409651 1.152512669 1 1 1
v -0.17393583 0.923344731 1.177338242 1 1 1
v -0.18019873 0.895052909 1.183126211 1 1 1
v -0.14846645 0.933672547 1.18585217 1 1 1
v -0.11016177 0.942933321 1.191034555 1 1 1
v -0.09570214 0.965641260 1.177962064 1 1 1
v -0.06285283 0.971374511 1.181654214 1 1 1
v -0.05014351 1.011931777 1.143745541 1 1 1
v -0.05028853 1.011185407 1.119828343 1 1 1
v -0.0204365 1.021379351 1.148287296 1 1 1
v -0.02250395 1.000146985 1.168773174 1 1 1
v -0.02142185 0.973488926 1.185907125 1 1 1
v -0.02047244 1.021361947 1.114992618 1 1 1
v 0.020490499 1.021381616 1.114992141 1 1 1
v 0.050301563 1.011194586 1.119882583 1 1 1
v 0.020405199 1.021344304 1.148314237 1 1 1
v 0.050113875 1.011911392 1.143712401 1 1 1
v 0.022491984 1.000193715 1.168737769 1 1 1
v 0.021415287 0.973492503 1.185904264 1 1 1
v -0.06454695 0.940994203 1.199093341 1 1 1
v -0.02127657 0.942040860 1.201689958 1 1 1
v 0.021277105 0.942041933 1.201692342 1 1 1
v -0.14791781 0.896158278 1.199606537 1 1 1
v -0.10381623 0.896888494 1.211041808 1 1 1
v -0.06341635 0.907997310 1.213495969 1 1 1
v -0.18027641 0.856964826 1.182966470 1 1 1
v -0.14763103 0.853852689 1.199906110 1 1 1
v -0.17337885 0.826339721 1.177019834 1 1 1
v -0.14696826 0.812695145 1.185556531 1 1 1
v -0.10403996 0.852399170 1.213024735 1 1 1
v -0.10712595 0.813118279 1.201517224 1 1 1
v -0.08560953 0.881635606 1.216486573 1 1 1
v -0.08614712 0.864090383 1.217266321 1 1 1
v -0.06047139 0.882987737 1.219574213 1 1 1
v -0.02128448 0.912383496 1.214456200 1 1 1
v -0.02130832 0.886740386 1.221952080 1 1 1
v 0.021284943 0.912381351 1.214453101 1 1 1
v 0.064546927 0.941005885 1.199087619 1 1 1
v 0.063417539 0.907996356 1.213492751 1 1 1
v 0.062854863 0.971393525 1.181593775 1 1 1
v 0.067058786 0.997883498 1.155090689 1 1 1
v 0.104406736 0.981047868 1.153302550 1 1 1
v 0.095692664 0.965667367 1.177887082 1 1 1
v 0.110140763 0.942945241 1.191042184 1 1 1
v 0.103806093 0.896893382 1.211035966 1 1 1
v 0.060469932 0.88298136 1.219564199 1 1 1
v 0.021311804 0.886737406 1.221952199 1 1 1
v 0.085604079 0.881635665 1.216482877 1 1 1
v -0.06112687 0.859427571 1.220849037 1 1 1
v -0.02173682 0.856015086 1.224178314 1 1 1
v 0.021738592 0.856016099 1.224178195 1 1 1
v -0.06495869 0.836166024 1.217787623 1 1 1
v -0.06546665 0.806665122 1.207856535 1 1 1
v -0.13185045 0.790130317 1.175067544 1 1 1
v -0.10365171 0.783551812 1.181645274 1 1 1
v -0.06505974 0.777847170 1.187528610 1 1 1
v -0.13834742 0.778652191 1.150354385 1 1 1
v -0.10665606 0.766549468 1.151360392 1 1 1
v -0.06467205 0.756602525 1.152161598 1 1 1
v -0.02103046 0.772817552 1.188717842 1 1 1
v -0.02118832 0.751850903 1.152780056 1 1 1
v -0.02184593 0.803027808 1.210771083 1 1 1
v -0.02197823 0.828605651 1.220200419 1 1 1
v 0.021978255 0.828606128 1.220201134 1 1 1
v 0.061126001 0.859429717 1.220844388 1 1 1
v 0.064958877 0.836170017 1.217789411 1 1 1
v 0.086143046 0.864095091 1.217266559 1 1 1
v 0.104038074 0.852403819 1.213025569 1 1 1
v 0.147914737 0.896150112 1.199597239 1 1 1
v 0.147627815 0.853850483 1.199907302 1 1 1
v 0.148474574 0.933668434 1.185850977 1 1 1
v 0.065469712 0.806665718 1.207858920 1 1 1
v 0.107126221 0.813120663 1.201518893 1 1 1
v 0.146968171 0.812694132 1.185555934 1 1 1
v 0.021845467 0.803029000 1.210771918 1 1 1
v 0.021030401 0.772817492 1.188718557 1 1 1
v 0.021188333 0.751851618 1.152782678 1 1 1
v 0.064673550 0.756601929 1.152166247 1 1 1
v 0.065060168 0.777850151 1.187532067 1 1 1
v 0.103654205 0.783552587 1.181645989 1 1 1
v 0.131850466 0.790130138 1.175068616 1 1 1
v 0.138348102 0.778650879 1.150354743 1 1 1
v 0.164008691 0.794567227 1.15315938 1 1 1
v 0.173380076 0.826340854 1.177019715 1 1 1
v 0.189091041 0.817004263 1.152272820 1 1 1
v 0.180278763 0.856947898 1.182968616 1 1 1
v 0.180206909 0.895028948 1.183128714 1 1 1
v 0.173945218 0.923324346 1.177339434 1 1 1
v 0.157667771 0.953153431 1.154433012 1 1 1
v 0.129642158 0.966364502 1.159622907 1 1 1
v 0.183454766 0.932934165 1.153502941 1 1 1
v 0.202729716 0.899353504 1.152516365 1 1 1
v 0.205901444 0.853910088 1.153645515 1 1 1
v 0.164016574 0.794585526 1.110067963 1 1 1
v 0.189013913 0.817085206 1.110705733 1 1 1
v 0.204065725 0.854710519 1.107664585 1 1 1
v 0.138358235 0.778659999 1.112893939 1 1 1
v 0.106656819 0.766547858 1.151364207 1 1 1
v 0.131869852 0.790136516 1.088193535 1 1 1
v 0.147144734 0.812736868 1.077785611 1 1 1
v 0.173164755 0.826397836 1.086294889 1 1 1
v 0.178510606 0.858187854 1.081580281 1 1 1
v 0.196380749 0.899625241 1.111154794 1 1 1
v 0.171561867 0.901664912 1.087425470 1 1 1
v 0.179849147 0.929838478 1.119755625 1 1 1
v 0.155429661 0.943465471 1.111730814 1 1 1
v 0.131599172 0.964762032 1.124568224 1 1 1
v 0.148124545 0.855118751 1.065184235 1 1 1
s 1
f 73 74 75 76
f 77 78 74 73
f 79 73 76 80
f 81 77 73 79
f 83 75 74 82
f 84 82 74 78
f 75 85 86 76
f 75 83 87 85
f 80 76 86 88
f 89 80 88 90
f 91 79 80 89
f 92 81 79 91
f 93 94 77 81
f 95 93 81 92
f 96 78 77 94
f 97 84 78 96
f 84 98 99 82
f 100 98 84 97
f 82 99 101 83
f 83 101 102 87
f 87 102 103 104
f 87 104 105 85
f 88 86 85 90
f 90 85 105 106
f 107 90 106 108
f 89 90 107 109
f 91 89 109 110
f 111 92 91 110
f 112 95 92 111
f 114 93 95 113
f 115 113 95 112
f 116 94 93 114
f 96 94 116 117
f 118 97 96 117
f 119 100 97 118
f 120 121 98 100
f 122 120 100 119
f 121 123 99 98
f 124 101 99 123
f 124 125 102 101
f 125 126 103 102
f 127 104 103 126
f 105 104 128 129
f 127 130 128 104
f 106 105 129 131
f 108 106 131 132
f 134 107 108 133
f 108 132 135 133
f 109 107 134 136
f 110 109 136 137
f 138 111 110 137
f 139 112 111 138
f 140 115 112 139
f 142 113 115 141
f 141 115 140 143
f 140 139 144 143
f 139 138 145 144
f 145 138 137 146
f 146 137 136 147
f 147 136 134 133
f 148 133 135 149
f 147 133 148 150
f 135 132 151 149
f 131 152 153 132
f 151 132 153 154
f 152 131 129 155
f 155 129 128 130
f 156 157 130 127
f 158 155 130 157
f 159 152 155 158
f 153 152 159 154
f 160 154 159 161
f 151 154 160 162
f 149 151 162 163
f 164 148 149 163
f 150 148 164 165
f 166 167 147 150
f 166 150 169 168
f 169 150 165 170
f 146 147 167 171
f 172 145 146 171
f 173 144 145 172
f 174 172 171 168
f 175 173 172 174
f 168 171 167 166
f 174 168 169 176
f 177 176 169 170
f 170 165 178 179
f 177 170 179 180
f 164 163 178 165
f 163 162 181 182
f 178 163 182 183
f 160 161 181 162
f 161 159 158 184
f 181 161 184 185
f 158 157 186 184
f 186 157 156 187
f 185 184 186 187
f 185 187 189 188
f 182 181 185 188
f 190 182 188 191
f 183 182 190 192
f 179 178 183 193
f 194 193 183 192
f 180 179 193 195
f 196 180 195 197
f 198 177 180 196
f 198 199 176 177
f 175 174 176 199
f 175 199 144 173
f 200 143 144 199
f 201 200 199 198
f 201 198 196 202
f 196 197 203 202
f 197 195 205 204
f 206 203 197 204
f 205 195 193 194
f 194 192 207 208
f 205 194 208 209
f 192 190 191 207
f 191 188 210 207
f 210 188 189 211
f 189 187 212 213
f 211 189 213 214
f 156 215 212 187
f 212 215 216 213
f 214 213 216 217
f 218 214 217 219
f 220 211 214 218
f 221 210 211 220
f 208 207 210 221
f 209 208 221 222
f 209 222 224 223
f 204 205 209 223
f 204 223 225 206
f 206 225 226 203
f 227 203 226 228
f 202 203 227 229
f 224 230 231 226
f 228 226 231 232
f 225 223 224 226
f 222 233 230 224
f 222 221 220 233
f 233 220 218 234
f 234 218 219 235
f 219 217 124 123
f 235 219 123 121
f 217 216 125 124
f 216 215 126 125
f 156 127 126 215
f 236 235 121 120
f 234 235 236 237
f 233 234 237 230
f 230 237 238 231
f 231 238 239 232
f 239 240 241 232
f 242 232 241 243
f 228 232 242 244
f 227 228 244 245
f 246 229 227 245
f 229 247 248 202
f 246 249 247 229
f 246 245 250 249
f 245 244 251 250
f 242 243 251 244
f 243 241 252 253
f 251 243 253 254
f 241 240 255 252
f 240 256 122 255
f 239 238 256 240
f 238 237 236 256
f 256 236 120 122
f 122 119 257 255
f 252 255 257 258
f 252 258 259 253
f 254 253 259 260
f 261 254 260 262
f 250 251 254 261
f 250 261 263 249
f 263 264 247 249
f 247 264 265 248
f 265 143 200 248
f 201 202 248 200
f 265 264 141 143
f 262 142 141 264
f 263 261 262 264
f 262 260 266 142
f 259 258 266 260
f 257 119 118 258
f 266 258 118 117
f 142 266 117 113
f 117 116 114 113
o Sphere
usemtl Sphere_1
v -1.01261091 -0.71573943 0.196007028 1 1 1
v -1.01172638 -0.7780214 0.200973153 1 1 1
v -1.10456979 -0.75928986 0.203373044 1 1 1
v -1.09869564 -0.70343214 0.199397102 1 1 1
v -0.91734648 -0.71807271 0.192751690 1 1 1
v -0.91731578 -0.78436643 0.199784740 1 1 1
v -1.01392877 -0.62768364 0.191162258 1 1 1
v -1.1039958 -0.62670237 0.196291655 1 1 1
v -0.91737372 -0.62771332 0.186149656 1 1 1
v -1.01258159 -0.83656353 0.206891149 1 1 1
v -1.10699296 -0.82885695 0.209002032 1 1 1
v -0.91728032 -0.84240365 0.207288533 1 1 1
v -1.20110595 -0.72299588 0.206607729 1 1 1
v -1.16297615 -0.68759686 0.202585905 1 1 1
v -1.20462465 -0.81826955 0.212902173 1 1 1
v -1.17665386 -0.6195963 0.200867161 1 1 1
v -1.10845637 -0.53107965 0.194556534 1 1 1
v -1.1860137 -0.53107876 0.199713528 1 1 1
v -1.013924 -0.53108341 0.188775926 1 1 1
v -0.9173798 -0.53109044 0.182973682 1 1 1
v -0.82081825 -0.62778097 0.181713655 1 1 1
v -0.82077211 -0.71759993 0.190478175 1 1 1
v -0.82083911 -0.5311057 0.177362337 1 1 1
v -0.8207286 -0.7830531 0.199570998 1 1 1
v -0.82064801 -0.84114081 0.209534212 1 1 1
v -0.91717738 -0.92119199 0.219701737 1 1 1
v -1.01384151 -0.91971725 0.217240616 1 1 1
v -0.82039982 -0.92095488 0.225850462 1 1 1
v -1.10915661 -0.91592807 0.217806503 1 1 1
v -1.20704114 -0.91745543 0.221637740 1 1 1
v -1.3036164 -0.91741949 0.227003291 1 1 1
v -1.30360973 -0.82082021 0.219483271 1 1 1
v -1.30247319 -0.72326082 0.213838115 1 1 1
v -1.23213506 -0.626688 0.204728141 1 1 1
v -1.30805337 -0.6276502 0.210432723 1 1 1
v -1.24395347 -0.53107989 0.203531965 1 1 1
v -1.10836601 -0.4344981 0.194740310 1 1 1
v -1.18571544 -0.43450379 0.199644044 1 1 1
v -1.2436564 -0.43450421 0.203336760 1 1 1
v -1.0139221 -0.43449169 0.18925035 1 1 1
v -0.91737264 -0.43447873 0.183711767 1 1 1
v -0.82083297 -0.43445712 0.178233608 1 1 1
v -0.72431076 -0.53115314 0.171696096 1 1 1
v -0.72425938 -0.62791246 0.177964806 1 1 1
v -0.72431028 -0.43439752 0.172581270 1 1 1
v -0.72573465 -0.71701169 0.189915061 1 1 1
v -0.72671402 -0.77736086 0.200964018 1 1 1
v -0.72550929 -0.83454275 0.214008882 1 1 1
v -0.72222781 -0.92150003 0.237572297 1 1 1
v -0.81945354 -1.01700294 0.250518590 1 1 1
v -0.91692626 -1.0147841 0.238418057 1 1 1
v -0.7202391 -1.00341213 0.265974253 1 1 1
v -1.01372528 -1.01446199 0.232437744 1 1 1
v -1.11040628 -1.01426995 0.230862379 1 1 1
v -1.20703566 -1.01415789 0.232460632 1 1 1
v -1.30361974 -1.01406562 0.236836686 1 1 1
v -1.40019512 -1.01402187 0.242981776 1 1 1
v -1.40018928 -0.91740853 0.233766317 1 1 1
v -1.40016162 -0.82079995 0.226951167 1 1 1
v -1.40015399 -0.72422153 0.221584111 1 1 1
v -1.40015805 -0.627653 0.217623472 1 1 1
v -1.31121349 -0.53107917 0.208561763 1 1 1
v -1.40016794 -0.53108394 0.215251997 1 1 1
v -1.3111279 -0.43450952 0.208204850 1 1 1
v -1.23152912 -0.33913076 0.204380720 1 1 1
v -1.17597699 -0.34637973 0.200983718 1 1 1
v -1.30785775 -0.3379319 0.209403485 1 1 1
v -1.10505867 -0.34257469 0.197244033 1 1 1
v -1.10203159 -0.26740059 0.200717225 1 1 1
v -1.16401505 -0.28337747 0.202696397 1 1 1
v -1.20250571 -0.24521202 0.206714123 1 1 1
v -1.30237484 -0.24256091 0.212639331 1 1 1
v -1.40017307 -0.43451145 0.214667990 1 1 1
v -1.4001708 -0.33793533 0.215936079 1 1 1
v -1.40017176 -0.24135624 0.218957200 1 1 1
v -1.49672604 -0.62765598 0.225996509 1 1 1
v -1.49672258 -0.53108507 0.223570853 1 1 1
v -1.49672651 -0.43451321 0.222721159 1 1 1
v -1.49672413 -0.72422349 0.229974478 1 1 1
v -1.49672627 -0.82079506 0.235315799 1 1 1
v -1.49674869 -0.91739172 0.241979762 1 1 1
v -1.49679124 -1.01403105 0.250525623 1 1 1
v -1.40024042 -1.11078393 0.254776209 1 1 1
v -1.49686766 -1.11079764 0.262145042 1 1 1
v -1.30362451 -1.11082518 0.249821841 1 1 1
v -1.20698941 -1.11094654 0.247337400 1 1 1
v -1.30360532 -1.20427954 0.266843706 1 1 1
v -1.40029275 -1.2035588 0.270516037 1 1 1
v -1.20690954 -1.20346916 0.266421318 1 1 1
v -1.49573505 -1.20117807 0.27744928 1 1 1
v -1.59032357 -1.19104123 0.285103380 1 1 1
v -1.59230721 -1.11127782 0.271310746 1 1 1
v -1.59339786 -1.01405251 0.259688645 1 1 1
v -1.59332395 -0.91739231 0.251366198 1 1 1
v -1.59330487 -0.82079995 0.244683682 1 1 1
v -1.59329712 -0.72422743 0.239369168 1 1 1
v -1.59328294 -0.62765437 0.235426679 1 1 1
v -1.5932796 -0.53108501 0.232787177 1 1 1
v -1.59328187 -0.43451533 0.231675684 1 1 1
v -1.49673617 -0.33793783 0.223534062 1 1 1
v -1.59328902 -0.33794227 0.232249140 1 1 1
v -1.49675655 -0.24134955 0.226031392 1 1 1
v -1.40015483 -0.14478223 0.224184915 1 1 1
v -1.49674404 -0.14477699 0.230838969 1 1 1
v -1.30360961 -0.14474627 0.217937737 1 1 1
v -1.59330535 -0.24136175 0.234550342 1 1 1
v -1.59333944 -0.14476252 0.238593205 1 1 1
v -1.68985939 -0.43451753 0.241669446 1 1 1
v -1.68986309 -0.33794445 0.242006689 1 1 1
v -1.6898706 -0.24136613 0.244164854 1 1 1
v -1.68985403 -0.5310874 0.243050709 1 1 1
v -1.68985474 -0.62765658 0.245915576 1 1 1
v -1.68987215 -0.72423083 0.250007301 1 1 1
v -1.68990409 -0.82081527 0.255286932 1 1 1
v -1.68992329 -0.91740501 0.262186467 1 1 1
v -1.69001389 -1.01407361 0.270763993 1 1 1
v -1.68866241 -1.10289836 0.281492143 1 1 1
v -1.68658841 -1.17345142 0.293305158 1 1 1
v -1.78004229 -1.14564168 0.301713079 1 1 1
v -1.77372169 -1.08780777 0.291424095 1 1 1
v -1.77950573 -1.0125159 0.282867968 1 1 1
v -1.78747821 -0.91758537 0.275041103 1 1 1
v -1.78652465 -0.8208378 0.267562806 1 1 1
v -1.78647101 -0.72424191 0.262089520 1 1 1
v -1.78644574 -0.62766337 0.257809937 1 1 1
v -1.78644693 -0.53109241 0.254731982 1 1 1
v -1.78646064 -0.43452054 0.253083586 1 1 1
v -1.78646266 -0.33794433 0.253198027 1 1 1
v -1.78645587 -0.24136624 0.255248397 1 1 1
v -1.68989921 -0.14477117 0.248104691 1 1 1
v -1.78647554 -0.14477676 0.259122759 1 1 1
v -1.59331858 -0.04819028 0.245316728 1 1 1
v -1.68993902 -0.04816097 0.254008352 1 1 1
v -1.49672973 -0.04819796 0.237782061 1 1 1
v -1.78654003 -0.04815249 0.264784097 1 1 1
v -1.88307738 -0.24135944 0.268260151 1 1 1
v -1.88308954 -0.14476819 0.272118955 1 1 1
v -1.88351333 -0.05004253 0.277732223 1 1 1
v -1.88308525 -0.33794263 0.266345143 1 1 1
v -1.88308203 -0.43452379 0.266403824 1 1 1
v -1.8830657 -0.53110063 0.268257409 1 1 1
v -1.88306999 -0.62767708 0.271538555 1 1 1
v -1.88376737 -0.72235698 0.276059955 1 1 1
v -1.87891364 -0.82100385 0.281355977 1 1 1
v -1.86870849 -0.91783381 0.287653803 1 1 1
v -1.85383105 -1.00513172 0.294163972 1 1 1
v -1.83668327 -1.07132328 0.299680769 1 1 1
v -1.876104 -1.10820818 0.313397347 1 1 1
v -1.90892327 -1.01285112 0.305569976 1 1 1
v -1.93029821 -0.91801339 0.298627823 1 1 1
v -1.9507792 -0.81919944 0.293713063 1 1 1
v -1.96446395 -0.71917349 0.289593756 1 1 1
v -1.97170138 -0.62577349 0.286184608 1 1 1
v -1.97274923 -0.5311051 0.282953977 1 1 1
v -1.97370946 -0.43452498 0.281143635 1 1 1
v -1.97381067 -0.33794007 0.280989825 1 1 1
v -1.97296441 -0.24135427 0.282682538 1 1 1
v -1.97152066 -0.14667022 0.286229610 1 1 1
v -1.96242237 -0.05323878 0.290289580 1 1 1
v -1.87514782 0.046671237 0.284815788 1 1 1
v -1.94481659 0.043583598 0.295493960 1 1 1
v -1.7865268 0.048437446 0.273382246 1 1 1
v -1.68990374 0.048407197 0.262945771 1 1 1
v -1.78522253 0.138209119 0.283234059 1 1 1
v -1.86081076 0.131448105 0.292560905 1 1 1
v -1.69052315 0.146354436 0.273822665 1 1 1
v -1.91770375 0.137147903 0.301961004 1 1 1
v -2.00200534 0.043556977 0.306107848 1 1 1
v -2.01957226 -0.05515202 0.301030993 1 1 1
v -1.98825824 0.140540391 0.315075039 1 1 1
v -2.03188157 -0.14794588 0.297556340 1 1 1
v -2.03878284 -0.24135341 0.295074135 1 1 1
v -2.04216003 -0.33793768 0.293895959 1 1 1
v -2.04185629 -0.43452689 0.294055849 1 1 1
v -2.03816462 -0.53110737 0.295376002 1 1 1
v -2.03170538 -0.62449992 0.297695606 1 1 1
v -2.02152467 -0.71726346 0.300746351 1 1 1
v -2.00619245 -0.81788421 0.304893791 1 1 1
v -1.99335968 -0.91804576 0.311821728 1 1 1
v -1.98353183 -1.01468277 0.322718888 1 1 1
v -2.07345223 -1.01456416 0.349197626 1 1 1
v -2.07781935 -0.91856277 0.334228634 1 1 1
v -2.07963729 -0.81926191 0.322427630 1 1 1
v -2.08440089 -0.71931666 0.315120190 1 1 1
v -2.08908677 -0.62584376 0.310388565 1 1 1
v -2.09633541 -0.53114563 0.308090657 1 1 1
v -2.09999442 -0.43454009 0.306729048 1 1 1
v -2.10031009 -0.3379347 0.306507885 1 1 1
v -2.09695387 -0.24132632 0.307687401 1 1 1
v -2.08947968 -0.1466134 0.310106635 1 1 1
v -2.08416438 -0.05314293 0.315250158 1 1 1
v -2.07799149 0.046808071 0.323016047 1 1 1
v -2.07712102 0.145088151 0.336066752 1 1 1
v -1.97732949 0.239193335 0.329199194 1 1 1
v -2.07263112 0.241865024 0.353578746 1 1 1
v -1.88095307 0.234820634 0.311015456 1 1 1
v -1.84483027 0.196127831 0.299102693 1 1 1
v -1.78619635 0.269052684 0.304041713 1 1 1
v -1.77838778 0.214226469 0.293556451 1 1 1
v -1.88386858 0.339724689 0.334173798 1 1 1
v -1.98015797 0.334939628 0.352203548 1 1 1
v -1.78742814 0.342642426 0.320200830 1 1 1
v -2.05832219 0.329631686 0.372967988 1 1 1
v -2.1627965 0.148965314 0.363683104 1 1 1
v -2.14800882 0.243399485 0.380171477 1 1 1
v -2.12169456 0.339424222 0.402858912 1 1 1
v -2.17112207 0.050130352 0.350371599 1 1 1
v -2.17067409 -0.04970861 0.338750004 1 1 1
v -2.17707539 -0.14288352 0.333486080 1 1 1
v -2.17663836 -0.24126495 0.328741788 1 1 1
v -2.17737937 -0.33793014 0.326955199 1 1 1
v -2.17729044 -0.43457726 0.327224493 1 1 1
v -2.17646217 -0.53123838 0.329507827 1 1 1
v -2.17663646 -0.62784815 0.334325164 1 1 1
v -2.26029944 -0.62775159 0.365591049 1 1 1
v -2.26417017 -0.53121626 0.360600650 1 1 1
v -2.26330757 -0.43461865 0.356759786 1 1 1
v -2.26340938 -0.3379226 0.356372207 1 1 1
v -2.2649343 -0.23955022 0.359570980 1 1 1
v -2.2622714 -0.14007027 0.364135772 1 1 1
v -2.25602937 -0.0459691 0.370623797 1 1 1
v -2.2429409 0.051383424 0.379311680 1 1 1
v -2.22944546 0.151226252 0.394084423 1 1 1
v -2.20559454 0.247427538 0.411145627 1 1 1
v -2.18670344 0.336401790 0.449697971 1 1 1
v -2.07919836 0.437607079 0.438070923 1 1 1
v -2.04352927 0.397802919 0.393999248 1 1 1
v -2.14148903 0.403484672 0.472163468 1 1 1
v -1.97493327 0.413427859 0.377708375 1 1 1
v -1.88767159 0.425553560 0.361609607 1 1 1
v -1.98614514 0.468906700 0.409504026 1 1 1
v -1.88927424 0.492010295 0.392998009 1 1 1
v -1.98070741 0.518324255 0.456038057 1 1 1
v -2.03848076 0.489562988 0.467231571 1 1 1
v -2.06470609 0.445567876 0.543812274 1 1 1
v -2.12335873 0.385246604 0.549341201 1 1 1
v -2.03711987 0.487801730 0.517256021 1 1 1
v -2.18280077 0.325883418 0.543189466 1 1 1
v -2.25505781 0.242849692 0.456084072 1 1 1
v -2.22513413 0.298357337 0.468039393 1 1 1
v -2.22392035 0.297262609 0.515947759 1 1 1
v -2.2936542 0.152326747 0.445000946 1 1 1
v -2.29991007 0.052415031 0.412908166 1 1 1
v -2.31292343 -0.04389386 0.401216775 1 1 1
v -2.32133412 -0.13816531 0.394255250 1 1 1
v -2.3278451 -0.2382856 0.390399903 1 1 1
v -2.330549 -0.33790073 0.388657748 1 1 1
v -2.32978773 -0.43478978 0.389102399 1 1 1
v -2.39401412 -0.33760008 0.440986603 1 1 1
v -2.39211416 -0.43600312 0.441410929 1 1 1
v -2.38845634 -0.23706971 0.439765423 1 1 1
v -2.37761569 -0.13635802 0.441564679 1 1 1
v -2.36358452 -0.04193721 0.448566019 1 1 1
v -2.34486151 0.046444281 0.459614843 1 1 1
v -2.32511592 0.110154740 0.467335224 1 1 1
v -2.2911582 0.150642529 0.539359390 1 1 1
v -2.3240118 0.109012551 0.517521500 1 1 1
v -2.25321221 0.242086857 0.527541875 1 1 1
v -2.20121384 0.245044827 0.571650028 1 1 1
v -2.13041735 0.301679551 0.587596356 1 1 1
v -2.1461997 0.234408140 0.602139890 1 1 1
v -2.06994724 0.331824898 0.600919008 1 1 1
v -2.04015064 0.392903238 0.587938308 1 1 1
v -2.07057047 0.241097778 0.626207530 1 1 1
v -1.9793539 0.332765221 0.627439975 1 1 1
v -1.98037839 0.242287978 0.648177623 1 1 1
v -1.97270977 0.408859103 0.603446781 1 1 1
v -2.22519279 0.147979393 0.58882761 1 1 1
v -2.16012955 0.146508127 0.617279112 1 1 1
v -2.07833958 0.145938605 0.642503321 1 1 1
v -2.3431592 0.046423561 0.524764657 1 1 1
v -2.29622507 0.051414687 0.570828139 1 1 1
v -2.23929358 0.049801968 0.602966845 1 1 1
v -2.36223054 -0.04339182 0.53597188 1 1 1
v -2.3760922 -0.13856184 0.543789923 1 1 1
v -2.38696003 -0.23847954 0.546137332 1 1 1
v -2.392946 -0.3375341 0.545183479 1 1 1
v -2.3917346 -0.43594658 0.544732749 1 1 1
v -2.32919264 -0.33787116 0.595641672 1 1 1
v -2.32903123 -0.43475741 0.595712959 1 1 1
v -2.32600784 -0.24062017 0.593576192 1 1 1
v -2.31904149 -0.1433119 0.589762806 1 1 1
v -2.30969405 -0.0461257 0.582683265 1 1 1
v -2.25288677 -0.04745425 0.611359059 1 1 1
v -2.16959095 0.049206018 0.630023539 1 1 1
v -2.17152357 -0.04787226 0.640499174 1 1 1
v -2.07571721 0.048174865 0.656206548 1 1 1
v -1.97920656 0.145408362 0.664644658 1 1 1
v -1.99174285 0.047102827 0.674398660 1 1 1
v -1.88431942 0.242584466 0.666077077 1 1 1
v -1.90283823 0.145956769 0.678078949 1 1 1
v -1.88415682 0.340428262 0.644710481 1 1 1
v -1.88496149 0.422720670 0.619176983 1 1 1
v -1.98340189 0.463798433 0.573272585 1 1 1
v -1.88572288 0.487689703 0.589709162 1 1 1
v -1.78746748 0.431478411 0.632664382 1 1 1
v -1.78598118 0.337201535 0.660715401 1 1 1
v -1.7882359 0.500165700 0.602789819 1 1 1
v -1.80653894 0.242714241 0.677427887 1 1 1
v -1.83737409 0.146849229 0.68793571 1 1 1
v -1.92455661 0.047142855 0.686177730 1 1 1
v -1.86409652 0.048092551 0.695258200 1 1 1
v -2.08072925 -0.04804649 0.664710938 1 1 1
v -2.00409389 -0.04868504 0.680710256 1 1 1
v -1.94651079 -0.04906688 0.690958201 1 1 1
v -2.26057839 -0.14382574 0.618224203 1 1 1
v -2.17547584 -0.1443024 0.647321641 1 1 1
v -2.08264661 -0.14391494 0.670855462 1 1 1
v -2.26408005 -0.24094492 0.622833252 1 1 1
v -2.1722095 -0.24043447 0.653345823 1 1 1
v -2.08614373 -0.2391931 0.674594581 1 1 1
v -2.01858068 -0.14344205 0.684150636 1 1 1
v -2.02770376 -0.23843174 0.686653971 1 1 1
v -1.96220315 -0.14396712 0.694541990 1 1 1
v -1.87780523 -0.04870896 0.701541841 1 1 1
v -1.88111734 -0.14476389 0.707202553 1 1 1
v -1.78742099 0.048559162 0.705510914 1 1 1
v -1.78650033 -0.04818108 0.713730633 1 1 1
v -1.76779604 0.146657213 0.696844518 1 1 1
v -1.73569763 0.240400686 0.686603009 1 1 1
v -1.68880355 0.331114143 0.673528134 1 1 1
v -1.68885028 0.431001693 0.645374357 1 1 1
v -1.69044161 0.508598148 0.611810386 1 1 1
v -1.78841841 0.556149423 0.564836084 1 1 1
v -1.88519239 0.552540838 0.536703169 1 1 1
v -1.69126713 0.565166235 0.574388682 1 1 1
v -1.59359217 0.513241231 0.617423892 1 1 1
v -1.59355879 0.569916665 0.578739345 1 1 1
v -1.59353197 0.435766100 0.651194334 1 1 1
v -1.59192169 0.355083406 0.676184058 1 1 1
v -1.65077293 0.290482252 0.686007082 1 1 1
v -1.66903973 0.232097700 0.695119142 1 1 1
v -1.58437371 0.298689842 0.689984381 1 1 1
v -1.68904305 0.145648285 0.705774664 1 1 1
v -1.68993425 0.048431154 0.716659963 1 1 1
v -1.68990099 -0.04819061 0.724675238 1 1 1
v -1.78649271 -0.14477283 0.719762265 1 1 1
v -1.68989372 -0.1447812 0.730697512 1 1 1
v -1.96992302 -0.23922014 0.697303235 1 1 1
v -1.8848244 -0.2405477 0.710743367 1 1 1
v -1.78648388 -0.24135597 0.723878562 1 1 1
v -2.03248739 -0.33660585 0.688147306 1 1 1
v -1.97311521 -0.33713481 0.699045300 1 1 1
v -1.8830713 -0.3379356 0.713198363 1 1 1
v -1.78646111 -0.33793852 0.726108789 1 1 1
v -1.68989599 -0.24135967 0.734927952 1 1 1
v -1.68988693 -0.33793822 0.737302422 1 1 1
v -1.59330845 -0.14478375 0.740168035 1 1 1
v -1.59330595 -0.24136491 0.744415283 1 1 1
v -1.59331954 -0.04819208 0.734094679 1 1 1
v -1.59333062 0.048411227 0.725760579 1 1 1
v -1.59336197 0.145071208 0.714838206 1 1 1
v -1.59183705 0.233926981 0.701549112 1 1 1
v -1.49675679 0.306649506 0.693773090 1 1 1
v -1.49677169 0.364987224 0.678931236 1 1 1
v -1.49678183 0.236546754 0.708038985 1 1 1
v -1.49676228 0.438435196 0.654581010 1 1 1
v -1.49649715 0.514192462 0.618839681 1 1 1
v -1.39985061 0.439315289 0.655037820 1 1 1
v -1.40008759 0.370140731 0.680318892 1 1 1
v -1.39714718 0.513782560 0.613848269 1 1 1
v -1.4001565 0.311768680 0.696923673 1 1 1
v -1.4001863 0.237912148 0.712944626 1 1 1
v -1.4967767 0.145088926 0.722337544 1 1 1
v -1.40018868 0.145121797 0.728240847 1 1 1
v -1.49675 0.048414181 0.733574569 1 1 1
v -1.49674428 -0.04819156 0.742153883 1 1 1
v -1.49673748 -0.14478052 0.748441159 1 1 1
v -1.49672782 -0.24136309 0.752795577 1 1 1
v -1.59330654 -0.3379395 0.747007250 1 1 1
v -1.49672461 -0.33793965 0.75553298 1 1 1
v -1.78644991 -0.434515 0.726701498 1 1 1
v -1.68987548 -0.43451411 0.738015949 1 1 1
v -1.5933063 -0.43451267 0.747966706 1 1 1
v -1.88305831 -0.43451586 0.713697075 1 1 1
v -1.88305378 -0.53109193 0.712629199 1 1 1
v -1.78644478 -0.53108734 0.725761115 1 1 1
v -1.68987131 -0.53108609 0.737240374 1 1 1
v -1.59330094 -0.53108358 0.747379005 1 1 1
v -1.49672401 -0.43451104 0.756729841 1 1 1
v -1.49672067 -0.53108001 0.756416320 1 1 1
v -1.40015996 -0.33793405 0.763235449 1 1 1
v -1.40015697 -0.43450719 0.764721393 1 1 1
v -1.40016758 -0.241357 0.760269463 1 1 1
v -1.4001652 -0.14478035 0.755513727 1 1 1
v -1.40016365 -0.04819382 0.748888671 1 1 1
v -1.40019238 0.048458445 0.740354061 1 1 1
v -1.30360353 0.145248532 0.732691347 1 1 1
v -1.30360138 0.048464890 0.745144605 1 1 1
v -1.30356133 0.238014310 0.715786397 1 1 1
v -1.30349529 0.311751544 0.698110163 1 1 1
v -1.30327594 0.370527416 0.679346799 1 1 1
v -1.20676041 0.306627839 0.696497976 1 1 1
v -1.20516562 0.368224322 0.673835337 1 1 1
v -1.20685792 0.236853227 0.715557694 1 1 1
v -1.20697141 0.145319342 0.734057843 1 1 1
v -1.20702004 0.048561327 0.748590350 1 1 1
v -1.30360842 -0.04816174 0.754701077 1 1 1
v -1.20702612 -0.04815951 0.758596718 1 1 1
v -1.30359006 -0.1447822 0.761395633 1 1 1
v -1.30358875 -0.24136175 0.766473949 1 1 1
v -1.30359495 -0.33793199 0.770017504 1 1 1
v -1.30360222 -0.43450242 0.772029995 1 1 1
v -1.40015602 -0.53107786 0.764731288 1 1 1
v -1.30360425 -0.53107518 0.772433280 1 1 1
v -1.5932889 -0.62764931 0.745378732 1 1 1
v -1.49671459 -0.62764591 0.754673183 1 1 1
v -1.40015411 -0.62764615 0.763268292 1 1 1
v -1.30360532 -0.62764889 0.771268665 1 1 1
v -1.21638179 -0.53107321 0.778608143 1 1 1
v -1.21543646 -0.62764531 0.777868270 1 1 1
v -1.21440232 -0.43450266 0.777852654 1 1 1
v -1.20732737 -0.33711955 0.775837600 1 1 1
v -1.20702481 -0.24135408 0.771955788 1 1 1
v -1.20703113 -0.14475971 0.766422331 1 1 1
v -1.11044419 -0.04806526 0.761422693 1 1 1
v -1.11045885 -0.14474195 0.769940972 1 1 1
v -1.1103977 0.048643317 0.749194800 1 1 1
v -1.11022139 0.145668461 0.732635498 1 1 1
v -1.11185515 0.234592914 0.711839675 1 1 1
v -1.10926187 0.300367116 0.689620018 1 1 1
v -1.10913789 0.356165289 0.664698302 1 1 1
v -0.98982507 0.301134824 0.661664784 1 1 1
v -1.02475309 0.360428392 0.633542478 1 1 1
v -1.01287794 0.226009383 0.702546238 1 1 1
v -1.01424146 0.147391393 0.726375758 1 1 1
v -1.01363492 0.048981711 0.747004270 1 1 1
v -1.01382434 -0.04796518 0.761580586 1 1 1
v -1.01447058 -0.14539063 0.772264778 1 1 1
v -1.11136103 -0.24124822 0.776474773 1 1 1
v -1.0185256 -0.24393572 0.780062437 1 1 1
v -1.12855124 -0.3357583 0.780176162 1 1 1
v -1.14453518 -0.43368605 0.782220423 1 1 1
v -1.15460312 -0.53107083 0.782799303 1 1 1
v -1.15075743 -0.62764537 0.782513618 1 1 1
v -1.30360663 -0.72422028 0.768567442 1 1 1
v -1.21151364 -0.72421867 0.775507986 1 1 1
v -1.13623059 -0.72275579 0.780913949 1 1 1
v -1.40015113 -0.72421259 0.760371148 1 1 1
v -1.40016925 -0.82079476 0.756193697 1 1 1
v -1.30361736 -0.82080847 0.764146983 1 1 1
v -1.20580673 -0.81937736 0.771371841 1 1 1
v -1.10607922 -0.8150593 0.778190374 1 1 1
v -1.08065796 -0.71532667 0.784852325 1 1 1
v -1.06761575 -0.77551687 0.782965600 1 1 1
v -1.09282231 -0.62764454 0.786377668 1 1 1
v -1.09666514 -0.5310694 0.786462247 1 1 1
v -1.08704567 -0.43314061 0.785568952 1 1 1
v -1.06215787 -0.33565161 0.783554792 1 1 1
v -0.9172495 -0.14070325 0.771835565 1 1 1
v -0.91790372 -0.22037186 0.780309855 1 1 1
v -0.9844262 -0.28218031 0.783702850 1 1 1
v -1.00013959 -0.34338871 0.786646485 1 1 1
v -0.91187531 -0.27563512 0.785188674 1 1 1
v -0.91705781 -0.04764533 0.758702158 1 1 1
v -0.91564101 0.051031719 0.739440500 1 1 1
v -0.913854 0.133746027 0.716312348 1 1 1
v -0.82085085 0.043477796 0.726237177 1 1 1
v -0.81973648 -0.04669314 0.750411391 1 1 1
v -0.81780416 0.118378303 0.695733964 1 1 1
v -0.82042146 -0.13989709 0.768519043 1 1 1
v -0.82066864 -0.2169691 0.779573082 1 1 1
v -0.82073808 -0.2750262 0.786361098 1 1 1
v -0.91792941 -0.34289452 0.789753437 1 1 1
v -0.82076287 -0.34317976 0.792863071 1 1 1
v -1.01222491 -0.4336769 0.789711296 1 1 1
v -0.91735214 -0.43447313 0.794610261 1 1 1
v -1.01360559 -0.5310654 0.791601657 1 1 1
v -1.01267409 -0.62764871 0.791627049 1 1 1
v -1.00875175 -0.71768707 0.789322376 1 1 1
v -1.00539386 -0.78452379 0.785875439 1 1 1
v -1.01263142 -0.84082633 0.780125796 1 1 1
v -0.9173559 -0.78988582 0.789126277 1 1 1
v -0.91688418 -0.84959227 0.780431270 1 1 1
v -0.91737837 -0.71957266 0.794253110 1 1 1
v -0.91737944 -0.62765324 0.797459542 1 1 1
v -0.9173606 -0.53105581 0.797323465 1 1 1
v -0.82079095 -0.43440416 0.799104988 1 1 1
v -0.82080936 -0.53099608 0.802663862 1 1 1
v -0.73159909 -0.34511921 0.793989062 1 1 1
v -0.7282694 -0.43423748 0.800341904 1 1 1
v -0.73348707 -0.2805647 0.785571754 1 1 1
v -0.7253443 -0.22405107 0.776098310 1 1 1
v -0.72263223 -0.14065549 0.759325325 1 1 1
v -0.72534376 -0.04871123 0.733554422 1 1 1
v -0.73338407 0.030246103 0.704158365 1 1 1
v -0.71304935 0.095399558 0.648426711 1 1 1
v -0.81718194 0.171565249 0.664413750 1 1 1
v -0.91206712 0.204503074 0.687368452 1 1 1
v -0.74725217 0.154295548 0.622445941 1 1 1
v -0.64370006 0.041426759 0.632288217 1 1 1
v -0.61749476 0.061425257 0.539225697 1 1 1
v -0.66915077 0.112531617 0.552315950 1 1 1
v -0.71030551 0.157736197 0.538928926 1 1 1
v -0.6670385 0.008955768 0.681056082 1 1 1
v -0.6340754 -0.05471091 0.700565934 1 1 1
v -0.63272196 -0.14463307 0.740082740 1 1 1
v -0.63140172 -0.24707204 0.765313446 1 1 1
v -0.67437112 -0.28804922 0.782927870 1 1 1
v -0.66600835 -0.34704554 0.785495519 1 1 1
v -0.65543199 -0.43383789 0.795819521 1 1 1
v -0.72688943 -0.5311842 0.806589722 1 1 1
v -0.65305138 -0.53121489 0.796156644 1 1 1
v -0.820337 -0.62783051 0.803008675 1 1 1
v -0.72755688 -0.62880862 0.807956218 1 1 1
v -0.65895724 -0.62236726 0.789836287 1 1 1
v -0.60373497 -0.62843835 0.773894012 1 1 1
v -0.59570497 -0.53070521 0.776942312 1 1 1
v -0.59498197 -0.43332955 0.785639405 1 1 1
v -0.60958636 -0.33923012 0.769339978 1 1 1
v -0.54241687 -0.24046768 0.722248137 1 1 1
v -0.53224462 -0.33799884 0.737872958 1 1 1
v -0.55394191 -0.14940034 0.702748596 1 1 1
v -0.57888049 -0.0843368 0.682533502 1 1 1
v -0.54402095 -0.06481753 0.629895567 1 1 1
v -0.59215653 -0.00931946 0.628792882 1 1 1
v -0.56710076 0.008077689 0.54099226 1 1 1
v -0.57183731 0.011930243 0.452131837 1 1 1
v -0.63067198 0.067923612 0.438566058 1 1 1
v -0.66547507 0.111444383 0.468642085 1 1 1
v -0.72316498 0.161615207 0.444139331 1 1 1
v -0.7613132 0.208449557 0.539417088 1 1 1
v -0.76010406 0.205049768 0.469358623 1 1 1
v -0.76691288 0.193189263 0.59773314 1 1 1
v -0.71015304 0.113341406 0.380558729 1 1 1
v -0.80853921 0.157314717 0.335506975 1 1 1
v -0.80819321 0.205390274 0.382386237 1 1 1
v -0.82269359 0.258998990 0.449189066 1 1 1
v -0.63076085 0.029987894 0.369104355 1 1 1
v -0.70980304 0.066304728 0.331279605 1 1 1
v -0.57743657 -0.00383649 0.391188204 1 1 1
v -0.51830387 -0.03785136 0.446623683 1 1 1
v -0.5440836 -0.04648737 0.367075920 1 1 1
v -0.52331418 -0.03973298 0.543832302 1 1 1
v -0.50982946 -0.1286899 0.642442345 1 1 1
v -0.47368199 -0.09531299 0.547928869 1 1 1
v -0.46811849 -0.22012794 0.656685590 1 1 1
v -0.46137914 -0.33583543 0.698221385 1 1 1
v -0.52161038 -0.43468663 0.753650188 1 1 1
v -0.43527341 -0.43421897 0.703433096 1 1 1
v -0.40067637 -0.40352267 0.665921509 1 1 1
v -0.41575146 -0.33990285 0.65508008 1 1 1
v -0.41564474 -0.26249829 0.614092111 1 1 1
v -0.38737535 -0.20182146 0.537476837 1 1 1
v -0.43102473 -0.1520575 0.553367972 1 1 1
v -0.41604203 -0.12643628 0.445717364 1 1 1
v -0.46966162 -0.08170862 0.453752875 1 1 1
v -0.47904566 -0.08798553 0.384325772 1 1 1
v -0.53350288 -0.09592132 0.310663938 1 1 1
v -0.62447304 -0.07042647 0.278885930 1 1 1
v -0.62314576 -0.01761002 0.321798801 1 1 1
v -0.4390353 -0.13015421 0.352822542 1 1 1
v -0.71255416 0.017319897 0.292729497 1 1 1
v -0.81406826 0.035910382 0.264732390 1 1 1
v -0.81167781 0.106324382 0.299765408 1 1 1
v -0.71735466 -0.05445845 0.253065288 1 1 1
v -0.8157084 -0.04446366 0.235867127 1 1 1
v -0.62663496 -0.13963561 0.238592729 1 1 1
v -0.72003222 -0.13409336 0.222792565 1 1 1
v -0.53133589 -0.15440685 0.259921789 1 1 1
v -0.43527567 -0.17168231 0.286288976 1 1 1
v -0.34474033 -0.17206968 0.367101937 1 1 1
v -0.33839133 -0.19289809 0.308682352 1 1 1
v -0.35027412 -0.16869068 0.443730086 1 1 1
v -0.31776187 -0.22737795 0.530650258 1 1 1
v -0.29344383 -0.19151014 0.450699120 1 1 1
v -0.3394686 -0.28882682 0.591272413 1 1 1
v -0.33184597 -0.34062123 0.640058815 1 1 1
v -0.3288545 -0.39236483 0.682041108 1 1 1
v -0.33510268 -0.44994476 0.711355805 1 1 1
v -0.24101295 -0.36511728 0.712805688 1 1 1
v -0.23976789 -0.31478193 0.664044082 1 1 1
v -0.25825828 -0.43725038 0.751170992 1 1 1
v -0.24044065 -0.27428523 0.609817087 1 1 1
v -0.24144942 -0.22877379 0.536209940 1 1 1
v -0.23086929 -0.19958085 0.445063889 1 1 1
v -0.24663821 -0.1993866 0.346185356 1 1 1
v -0.28471103 -0.18823691 0.381582230 1 1 1
v -0.33826852 -0.23026189 0.246385127 1 1 1
v -0.4339228 -0.22452378 0.234486103 1 1 1
v -0.2416016 -0.22890666 0.257062286 1 1 1
v -0.53098077 -0.2150199 0.222407117 1 1 1
v -0.62705332 -0.2080425 0.210754424 1 1 1
v -0.72217005 -0.19978131 0.204939723 1 1 1
v -0.81667233 -0.19308688 0.202408194 1 1 1
v -0.81751567 -0.13477293 0.213207766 1 1 1
v -0.72305107 -0.25630808 0.192732408 1 1 1
v -0.81782687 -0.25037986 0.193448051 1 1 1
v -0.62754917 -0.26699728 0.193491563 1 1 1
v -0.53093815 -0.27481923 0.195061683 1 1 1
v -0.43430272 -0.27922663 0.197313174 1 1 1
v -0.33827946 -0.27808702 0.199137345 1 1 1
v -0.24190852 -0.27723482 0.192558884 1 1 1
v -0.14536642 -0.22611716 0.253354817 1 1 1
v -0.14570171 -0.27106518 0.185092702 1 1 1
v -0.14492047 -0.20268363 0.347310453 1 1 1
v -0.14481489 -0.20297155 0.444604873 1 1 1
v -0.14379285 -0.22497585 0.544454515 1 1 1
v -0.14161183 -0.25942865 0.625201225 1 1 1
v -0.14082171 -0.29525974 0.684657871 1 1 1
v -0.14606595 -0.34811789 0.746432840 1 1 1
v -0.04616425 -0.28531191 0.691258013 1 1 1
v -0.04704424 -0.25381586 0.632385194 1 1 1
v -0.04740104 -0.3233369 0.744583725 1 1 1
v -0.04844795 -0.2207197 0.543190598 1 1 1
v -0.04835675 -0.20127563 0.445178836 1 1 1
v -0.04844762 -0.1996956 0.346594929 1 1 1
v -0.04864974 -0.22039321 0.251717716 1 1 1
v -0.04874893 -0.26533431 0.179108023 1 1 1
v -0.14581062 -0.339975 0.143407642 1 1 1
v -0.24234344 -0.34184778 0.153524488 1 1 1
v -0.04875037 -0.33868429 0.137160822 1 1 1
v -0.33855826 -0.34350911 0.163301080 1 1 1
v -0.43479255 -0.34410757 0.170220524 1 1 1
v -0.53119063 -0.34336919 0.174304425 1 1 1
v -0.62769765 -0.34164068 0.177412733 1 1 1
v -0.72424465 -0.33929431 0.180629968 1 1 1
v -0.62779301 -0.43430009 0.166945919 1 1 1
v -0.53131461 -0.43414319 0.160765752 1 1 1
v -0.4348937 -0.43390194 0.153746515 1 1 1
v -0.33848017 -0.43381435 0.146283686 1 1 1
v -0.24193679 -0.43413198 0.139607906 1 1 1
v -0.14517052 -0.43470231 0.136092513 1 1 1
v -0.04835391 -0.43512622 0.135703623 1 1 1
v 0.048750288 -0.33868501 0.137159571 1 1 1
v 0.048352535 -0.43513444 0.135706707 1 1 1
v 0.048733562 -0.26532799 0.179080888 1 1 1
v 0.048634465 -0.22041154 0.251720249 1 1 1
v 0.048444993 -0.19971786 0.346584618 1 1 1
v 0.048354912 -0.20127961 0.445171892 1 1 1
v 0.048449643 -0.22069314 0.543170571 1 1 1
v 0.047065693 -0.25382891 0.632457733 1 1 1
v 0.143845930 -0.22480886 0.544403135 1 1 1
v 0.144829720 -0.20294763 0.444620549 1 1 1
v 0.141710609 -0.25917634 0.625444352 1 1 1
v 0.144914880 -0.20272407 0.347324341 1 1 1
v 0.145340457 -0.22613294 0.253342598 1 1 1
v 0.145693063 -0.27099773 0.185020715 1 1 1
v 0.145817041 -0.33996889 0.143383324 1 1 1
v 0.145176827 -0.43470088 0.136103212 1 1 1
v 0.048225157 -0.52569914 0.162402197 1 1 1
v -0.04822464 -0.52570546 0.162395387 1 1 1
v 0.144688993 -0.527605 0.158607751 1 1 1
v -0.14468431 -0.5276227 0.158530890 1 1 1
v -0.24129634 -0.53007615 0.155006334 1 1 1
v -0.33779368 -0.53380877 0.155007511 1 1 1
v -0.43464741 -0.53180915 0.156939044 1 1 1
v -0.5312466 -0.53141695 0.161110222 1 1 1
v -0.62778682 -0.53123087 0.166207686 1 1 1
v -0.53105712 -0.6242255 0.174047157 1 1 1
v -0.62922698 -0.62899095 0.175613626 1 1 1
v -0.43419752 -0.62322009 0.175432935 1 1 1
v -0.3372238 -0.61815894 0.178754702 1 1 1
v -0.24096847 -0.6104089 0.183839798 1 1 1
v -0.1446885 -0.59966898 0.188892439 1 1 1
v -0.0482704 -0.59351283 0.193809673 1 1 1
v 0.048269715 -0.59351033 0.193809524 1 1 1
v 0.144691765 -0.59964293 0.188923209 1 1 1
v 0.241307109 -0.53005004 0.15502958 1 1 1
v 0.240998685 -0.6103732 0.183862358 1 1 1
v 0.241944536 -0.43413529 0.139630377 1 1 1
v 0.242360979 -0.3418341 0.153461173 1 1 1
v 0.241899371 -0.27719465 0.192525923 1 1 1
v 0.241650909 -0.22889999 0.257110148 1 1 1
v 0.246757477 -0.19938447 0.346243232 1 1 1
v 0.338418662 -0.23006728 0.246343568 1 1 1
v 0.338342040 -0.27805158 0.199113249 1 1 1
v 0.338641911 -0.19306517 0.308878421 1 1 1
v 0.338565826 -0.343514 0.163239359 1 1 1
v 0.338483363 -0.43381774 0.146293997 1 1 1
v 0.337821394 -0.53378552 0.155043348 1 1 1
v 0.337280035 -0.61813378 0.178777530 1 1 1
v 0.240810766 -0.66686684 0.211257502 1 1 1
v 0.145189955 -0.65901244 0.221002623 1 1 1
v 0.337067842 -0.67699271 0.202737629 1 1 1
v 0.048283532 -0.64908653 0.225840494 1 1 1
v -0.04828378 -0.64909059 0.225840255 1 1 1
v -0.14518178 -0.65903914 0.220980972 1 1 1
v -0.24078614 -0.66685981 0.211316123 1 1 1
v -0.33699721 -0.67705154 0.202746853 1 1 1
v -0.43397382 -0.68774492 0.196318626 1 1 1
v -0.5325048 -0.70075774 0.192762225 1 1 1
v -0.43327105 -0.74585843 0.222137168 1 1 1
v -0.53323323 -0.75753146 0.211032912 1 1 1
v -0.33694577 -0.73292321 0.232644483 1 1 1
v -0.24124676 -0.72555965 0.246514603 1 1 1
v -0.14603698 -0.71903694 0.260279417 1 1 1
v -0.04882311 -0.71206015 0.269485175 1 1 1
v 0.048828519 -0.71206343 0.269479244 1 1 1
v 0.146050661 -0.7190423 0.260272592 1 1 1
v 0.241266176 -0.72556156 0.246496588 1 1 1
v 0.336997240 -0.73289865 0.232638657 1 1 1
v 0.434223443 -0.62313747 0.175582125 1 1 1
v 0.434015512 -0.68757302 0.196426197 1 1 1
v 0.433248370 -0.74572486 0.222193062 1 1 1
v 0.434649616 -0.53178531 0.157045707 1 1 1
v 0.434891521 -0.43391266 0.153744772 1 1 1
v 0.434796214 -0.34410432 0.170136243 1 1 1
v 0.531313836 -0.43414101 0.160760998 1 1 1
v 0.531238675 -0.53142035 0.161187931 1 1 1
v 0.531190335 -0.3433741 0.174245417 1 1 1
v 0.531052410 -0.62414378 0.174227654 1 1 1
v 0.53267169 -0.70058966 0.192823648 1 1 1
v 0.533524513 -0.75735265 0.210939511 1 1 1
v 0.432305187 -0.81301349 0.259119331 1 1 1
v 0.336489558 -0.79771638 0.274221152 1 1 1
v 0.532515943 -0.82722932 0.239713639 1 1 1
v 0.240420684 -0.78594393 0.291527926 1 1 1
v 0.146672040 -0.77129555 0.302031010 1 1 1
v 0.049256946 -0.76140451 0.310936272 1 1 1
v -0.04924767 -0.76140356 0.310939759 1 1 1
v -0.14664984 -0.77131641 0.302011102 1 1 1
v -0.24039182 -0.78592497 0.291534781 1 1 1
v -0.33650759 -0.79767346 0.274285078 1 1 1
v -0.43241438 -0.81297207 0.259152591 1 1 1
v -0.33481705 -0.85336572 0.320725202 1 1 1
v -0.4325875 -0.87801391 0.300940394 1 1 1
v -0.23780915 -0.8324095 0.336762249 1 1 1
v -0.14430617 -0.81905544 0.351134926 1 1 1
v -0.04863718 -0.80731636 0.359470129 1 1 1
v 0.048637375 -0.80732173 0.359486162 1 1 1
v 0.144341558 -0.81905371 0.351160317 1 1 1
v 0.237880647 -0.8324154 0.336758345 1 1 1
v 0.334685623 -0.85363728 0.320374995 1 1 1
v 0.432383358 -0.87815142 0.300694376 1 1 1
v 0.532840430 -0.89802879 0.274434655 1 1 1
v 0.631583273 -0.8302508 0.222805440 1 1 1
v 0.629632949 -0.91186464 0.252642273 1 1 1
v 0.633808374 -0.76807964 0.204334080 1 1 1
v 0.632179081 -0.71077728 0.190633878 1 1 1
v 0.629398286 -0.62894541 0.175850659 1 1 1
v 0.725905418 -0.71690106 0.190001487 1 1 1
v 0.727003395 -0.77704614 0.201026976 1 1 1
v 0.724253714 -0.62788808 0.178243786 1 1 1
v 0.725670695 -0.83427799 0.213940024 1 1 1
v 0.72227633 -0.92131031 0.237829402 1 1 1
v 0.627595722 -0.9859519 0.285778403 1 1 1
v 0.533425390 -0.96016872 0.310983747 1 1 1
v 0.720187127 -1.00350654 0.265833318 1 1 1
v 0.428550511 -0.9371506 0.351049065 1 1 1
v 0.332571536 -0.89696234 0.369968444 1 1 1
v 0.235821545 -0.8734706 0.391477227 1 1 1
v 0.142370581 -0.85831213 0.408024966 1 1 1
v 0.048129044 -0.85054189 0.425021767 1 1 1
v -0.04812842 -0.85053325 0.424962699 1 1 1
v -0.14233147 -0.85834306 0.407788097 1 1 1
v -0.23577589 -0.87341952 0.391330868 1 1 1
v -0.33264792 -0.89682293 0.370263665 1 1 1
v -0.23599283 -0.89816773 0.452539235 1 1 1
v -0.3243593 -0.92469138 0.441880673 1 1 1
v -0.14135331 -0.88236016 0.469375938 1 1 1
v -0.04898478 -0.87108886 0.481192857 1 1 1
v 0.049549162 -0.87112463 0.481345415 1 1 1
v 0.140944674 -0.881724 0.469470083 1 1 1
v 0.236084833 -0.89738166 0.453207612 1 1 1
v 0.324371993 -0.92422652 0.441476643 1 1 1
v 0.392589479 -0.96636868 0.440375506 1 1 1
v 0.534227907 -1.02370214 0.357988745 1 1 1
v 0.463161408 -0.98414928 0.374052345 1 1 1
v 0.442015409 -1.00705349 0.444122701 1 1 1
v 0.625864923 -1.0450834 0.319894135 1 1 1
v 0.719506859 -1.0717063 0.295478761 1 1 1
v 0.819467842 -1.01699662 0.250551730 1 1 1
v 0.819794714 -1.09341705 0.275851339 1 1 1
v 0.820392727 -0.92091537 0.225918173 1 1 1
v 0.818901538 -1.15637052 0.303470671 1 1 1
v 0.720722794 -1.12946045 0.327086836 1 1 1
v 0.631859064 -1.11084163 0.365746080 1 1 1
v 0.566868066 -1.07500184 0.382686555 1 1 1
v 0.490874737 -1.05137563 0.443658828 1 1 1
v 0.543072521 -1.09907734 0.449709266 1 1 1
v 0.495067745 -1.02680326 0.552325546 1 1 1
v 0.449720919 -0.9927898 0.517978489 1 1 1
v 0.422187387 -0.92786247 0.533372461 1 1 1
v 0.336029112 -0.89780074 0.520339667 1 1 1
v 0.237942367 -0.89066076 0.525133729 1 1 1
v 0.141494914 -0.8850863 0.534719169 1 1 1
v 0.049651231 -0.87646735 0.538034558 1 1 1
v -0.04808978 -0.87642699 0.538479268 1 1 1
v -0.1423865 -0.88536763 0.535221099 1 1 1
v -0.23819773 -0.89224029 0.525757014 1 1 1
v -0.14272977 -0.87081629 0.588152051 1 1 1
v -0.24042679 -0.86114293 0.585869908 1 1 1
v -0.04729404 -0.86963981 0.583950698 1 1 1
v 0.049353543 -0.86973256 0.583846449 1 1 1
v 0.141644030 -0.87087286 0.587440073 1 1 1
v 0.239709511 -0.86136997 0.585754334 1 1 1
v 0.340205043 -0.84736526 0.568451583 1 1 1
v 0.434086084 -0.83990639 0.561930656 1 1 1
v 0.493372827 -0.92939228 0.574551761 1 1 1
v 0.494047701 -0.86162513 0.587817192 1 1 1
v 0.541419565 -1.09489107 0.541463911 1 1 1
v 0.557260692 -1.0108403 0.605907559 1 1 1
v 0.570689201 -1.07582557 0.596749961 1 1 1
v 0.559126913 -0.91680163 0.605288207 1 1 1
v 0.596335053 -1.14270186 0.445240229 1 1 1
v 0.589829802 -1.14751482 0.541120052 1 1 1
v 0.626156985 -1.10920644 0.618512868 1 1 1
v 0.630725443 -1.01291263 0.63654989 1 1 1
v 0.638398885 -0.92177051 0.634020149 1 1 1
v 0.526747882 -0.84802186 0.642506301 1 1 1
v 0.622604668 -0.87350661 0.688572585 1 1 1
v 0.443823039 -0.7904067 0.629868328 1 1 1
v 0.342399686 -0.79346669 0.623797237 1 1 1
v 0.240497186 -0.82016975 0.633274912 1 1 1
v 0.142909869 -0.84014732 0.644253730 1 1 1
v 0.049833249 -0.84754789 0.639398753 1 1 1
v -0.04831082 -0.84756827 0.639484465 1 1 1
v -0.14389494 -0.83997506 0.644434094 1 1 1
v -0.2411568 -0.82063258 0.633867800 1 1 1
v -0.3403191 -0.84789479 0.568321704 1 1 1
v -0.33568168 -0.90056205 0.522622704 1 1 1
v -0.34263867 -0.79334038 0.623837649 1 1 1
v -0.24484223 -0.76890659 0.688013076 1 1 1
v -0.34029543 -0.74463767 0.670576572 1 1 1
v -0.14675985 -0.79151297 0.704045891 1 1 1
v -0.04956698 -0.80021316 0.707594513 1 1 1
v 0.050139449 -0.80025375 0.707547664 1 1 1
v 0.146180033 -0.79159629 0.704043149 1 1 1
v 0.244903147 -0.76902521 0.688085079 1 1 1
v 0.340401977 -0.74464875 0.670678794 1 1 1
v 0.413105756 -0.72488844 0.663104474 1 1 1
v 0.534673988 -0.79661214 0.704196274 1 1 1
v 0.477315843 -0.77330089 0.682310819 1 1 1
v 0.4596515 -0.71782511 0.702757656 1 1 1
v 0.621314168 -0.81298321 0.740198373 1 1 1
v 0.718430042 -0.89968061 0.723391711 1 1 1
v 0.725316405 -0.94479269 0.669853270 1 1 1
v 0.716779768 -0.83968693 0.767488956 1 1 1
v 0.626100301 -0.73219043 0.770448207 1 1 1
v 0.531691789 -0.72278023 0.741562187 1 1 1
v 0.718937277 -0.77120161 0.791893482 1 1 1
v 0.431044608 -0.63830507 0.709232628 1 1 1
v 0.393150478 -0.67719072 0.680668115 1 1 1
v 0.522938549 -0.63040459 0.750078499 1 1 1
v 0.338214486 -0.69490856 0.702814877 1 1 1
v 0.249893307 -0.71469438 0.733240306 1 1 1
v 0.150346726 -0.73805904 0.751280784 1 1 1
v 0.050272550 -0.74481386 0.762088060 1 1 1
v -0.05030634 -0.74482143 0.762106895 1 1 1
v -0.15046585 -0.7380572 0.751362323 1 1 1
v -0.24996938 -0.71453404 0.733350932 1 1 1
v -0.33820456 -0.694965 0.702837824 1 1 1
v -0.25017142 -0.6404928 0.770023465 1 1 1
v -0.34360078 -0.6260922 0.725098252 1 1 1
v -0.15288426 -0.67781949 0.790654957 1 1 1
v -0.05105649 -0.69265002 0.800037384 1 1 1
v 0.050984747 -0.69266289 0.800020039 1 1 1
v 0.152688682 -0.67780083 0.790516853 1 1 1
v 0.250012964 -0.64046896 0.770039439 1 1 1
v 0.343507826 -0.62608743 0.725093066 1 1 1
v 0.434332907 -0.53431028 0.714645266 1 1 1
v 0.344859510 -0.53432542 0.727508068 1 1 1
v 0.524806797 -0.53126889 0.749197661 1 1 1
v 0.604748129 -0.62853616 0.773533403 1 1 1
v 0.597855210 -0.53047532 0.775612831 1 1 1
v 0.727098763 -0.7111851 0.802096009 1 1 1
v 0.667370855 -0.69544274 0.786984562 1 1 1
v 0.660041749 -0.62258905 0.789298772 1 1 1
v 0.818688154 -0.78709286 0.791230797 1 1 1
v 0.817915916 -0.84896213 0.775228083 1 1 1
v 0.819444000 -0.71986222 0.799187958 1 1 1
v 0.727686226 -0.62887168 0.807945251 1 1 1
v 0.820293366 -0.627846 0.802998602 1 1 1
v 0.654695451 -0.53097045 0.795993745 1 1 1
v 0.727248609 -0.53120273 0.806020200 1 1 1
v 0.597522378 -0.43290129 0.785536885 1 1 1
v 0.522030532 -0.43441677 0.753408014 1 1 1
v 0.658168911 -0.43339378 0.794758260 1 1 1
v 0.435156941 -0.4341023 0.703298389 1 1 1
v 0.335043191 -0.44979328 0.711233794 1 1 1
v 0.266846299 -0.53150725 0.773950457 1 1 1
v 0.257628798 -0.43777883 0.750496029 1 1 1
v 0.210531666 -0.60422301 0.800230383 1 1 1
v 0.145706608 -0.61935252 0.818286180 1 1 1
v 0.210281044 -0.52628648 0.802673518 1 1 1
v 0.050826337 -0.62733692 0.832720279 1 1 1
v -0.05087157 -0.62727726 0.832744479 1 1 1
v 0.050331663 -0.53081703 0.852208733 1 1 1
v -0.05030562 -0.5306564 0.852226078 1 1 1
v 0.145976066 -0.53180146 0.831716597 1 1 1
v 0.190783470 -0.42829329 0.784764111 1 1 1
v 0.130680277 -0.43844053 0.816247642 1 1 1
v 0.241041451 -0.3648439 0.713024318 1 1 1
v 0.145983979 -0.34833312 0.746530354 1 1 1
v 0.329131543 -0.39198697 0.682393014 1 1 1
v 0.400719523 -0.40321288 0.665820241 1 1 1
v 0.462575227 -0.34563041 0.701452434 1 1 1
v 0.416003704 -0.3400428 0.654785394 1 1 1
v 0.533340871 -0.33871591 0.736546695 1 1 1
v 0.613010048 -0.33967522 0.765709340 1 1 1
v 0.668975055 -0.34718621 0.782590508 1 1 1
v 0.729022085 -0.43402171 0.798213124 1 1 1
v 0.732306420 -0.34523988 0.793918907 1 1 1
v 0.675672173 -0.28878471 0.782646656 1 1 1
v 0.632589042 -0.24823821 0.764429807 1 1 1
v 0.733629584 -0.2812624 0.785470187 1 1 1
v 0.531004846 -0.24005742 0.713464081 1 1 1
v 0.476783126 -0.27839974 0.685603261 1 1 1
v 0.425581812 -0.25924966 0.622954845 1 1 1
v 0.331739634 -0.34051266 0.640010297 1 1 1
v 0.339365065 -0.28827596 0.592085480 1 1 1
v 0.239684298 -0.31476906 0.664121925 1 1 1
v 0.140880748 -0.29517102 0.685012161 1 1 1
v 0.046201910 -0.28527987 0.691300630 1 1 1
v 0.047405727 -0.32336599 0.744695723 1 1 1
v 0.111372582 -0.37691566 0.784835219 1 1 1
v 0.041783180 -0.37227431 0.794722020 1 1 1
v 0.049742166 -0.43614265 0.833177447 1 1 1
v -0.04181606 -0.37221241 0.794708371 1 1 1
v -0.04969373 -0.4362919 0.83331424 1 1 1
v 0.240391254 -0.27366912 0.610289573 1 1 1
v 0.317824482 -0.22629628 0.530445873 1 1 1
v 0.241413861 -0.22857383 0.536234021 1 1 1
v 0.387633919 -0.20208508 0.537106573 1 1 1
v 0.473888158 -0.19188462 0.638914585 1 1 1
v 0.433069050 -0.14555572 0.546031355 1 1 1
v 0.554158031 -0.14997093 0.703009665 1 1 1
v 0.513676285 -0.12274269 0.635298788 1 1 1
v 0.632848560 -0.1448732 0.739309668 1 1 1
v 0.474471062 -0.0958386 0.547844111 1 1 1
v 0.416082531 -0.12667599 0.445262223 1 1 1
v 0.350573390 -0.16909735 0.443566858 1 1 1
v 0.469767332 -0.08179764 0.453631460 1 1 1
v 0.293413430 -0.19127075 0.450771451 1 1 1
v 0.230916917 -0.19946851 0.445060402 1 1 1
v 0.284833341 -0.18838914 0.381709814 1 1 1
v 0.345067739 -0.17254491 0.367191225 1 1 1
v 0.439255118 -0.1303923 0.352671295 1 1 1
v 0.479797571 -0.08876226 0.384732544 1 1 1
v 0.518801689 -0.0380939 0.446942091 1 1 1
v 0.544426679 -0.04679265 0.367163032 1 1 1
v 0.523417830 -0.03972532 0.543652653 1 1 1
v 0.546182930 -0.06656268 0.629344224 1 1 1
v 0.579312264 -0.0847021 0.682265996 1 1 1
v 0.634031534 -0.05477815 0.700123965 1 1 1
v 0.722404301 -0.14066242 0.759073138 1 1 1
v 0.725660800 -0.22502136 0.775116205 1 1 1
v 0.725281357 -0.04870169 0.733485043 1 1 1
v 0.592061758 -0.00930415 0.628706097 1 1 1
v 0.666994988 0.008961967 0.681037008 1 1 1
v 0.636026501 0.039330709 0.625252664 1 1 1
v 0.731774747 0.041494436 0.697773516 1 1 1
v 0.567164182 0.008126168 0.541027605 1 1 1
v 0.571849346 0.011933146 0.452188640 1 1 1
v 0.577659189 -0.00407122 0.391419112 1 1 1
v 0.533857166 -0.09636752 0.31087479 1 1 1
v 0.623239755 -0.01779987 0.321882993 1 1 1
v 0.624608397 -0.07064796 0.278855681 1 1 1
v 0.630863905 0.029785530 0.369038075 1 1 1
v 0.435587525 -0.17215355 0.286760449 1 1 1
v 0.531300902 -0.15427248 0.259656250 1 1 1
v 0.433937937 -0.2244153 0.234527915 1 1 1
v 0.530992150 -0.2149725 0.222424149 1 1 1
v 0.626610934 -0.13961652 0.238521918 1 1 1
v 0.627039670 -0.20792979 0.210672333 1 1 1
v 0.717233777 -0.05433574 0.252940714 1 1 1
v 0.719744265 -0.13396806 0.222766846 1 1 1
v 0.712690591 0.017155535 0.292868524 1 1 1
v 0.709744155 0.066333122 0.331407249 1 1 1
v 0.630901098 0.067611545 0.438666999 1 1 1
v 0.710183024 0.113273628 0.380561232 1 1 1
v 0.617361247 0.061311166 0.538904666 1 1 1
v 0.685319840 0.087456680 0.629076361 1 1 1
v 0.663460671 0.108676716 0.544694542 1 1 1
v 0.820921838 0.043439786 0.726081788 1 1 1
v 0.819691777 -0.04663491 0.750192225 1 1 1
v 0.762849390 0.099584557 0.680251777 1 1 1
v 0.743903696 0.144509330 0.627934157 1 1 1
v 0.827238082 0.118395887 0.699392914 1 1 1
v 0.710607111 0.157734856 0.538549542 1 1 1
v 0.665709912 0.111165486 0.468610882 1 1 1
v 0.723148822 0.161635220 0.444115757 1 1 1
v 0.808524370 0.157285228 0.335696876 1 1 1
v 0.811695098 0.106275968 0.299937725 1 1 1
v 0.808076560 0.205492675 0.382089912 1 1 1
v 0.813993334 0.036052618 0.264475435 1 1 1
v 0.815427362 -0.04438416 0.235926479 1 1 1
v 0.816835939 -0.1345647 0.213236972 1 1 1
v 0.721750915 -0.19962154 0.204945921 1 1 1
v 0.815742969 -0.19275208 0.202050328 1 1 1
v 0.627553999 -0.26693687 0.193502247 1 1 1
v 0.530937910 -0.27476239 0.195003777 1 1 1
v 0.722804367 -0.25619292 0.192753315 1 1 1
v 0.817150294 -0.25023779 0.193457111 1 1 1
v 0.915343582 -0.19079989 0.201755300 1 1 1
v 0.916159153 -0.24666466 0.195378065 1 1 1
v 0.916059374 -0.1358504 0.209207415 1 1 1
v 0.916924715 -0.04630171 0.224835544 1 1 1
v 0.916310966 0.051410794 0.248836532 1 1 1
v 0.916868984 0.127876326 0.274706304 1 1 1
v 0.914774477 0.192147806 0.305891782 1 1 1
v 0.910190582 0.244400560 0.341887474 1 1 1
v 0.822617292 0.259045511 0.449125349 1 1 1
v 0.760127008 0.205064162 0.469218969 1 1 1
v 0.909116625 0.296419084 0.391214817 1 1 1
v 0.761532723 0.208192080 0.539116263 1 1 1
v 0.766865193 0.193244546 0.597267329 1 1 1
v 0.808452487 0.254791259 0.542063653 1 1 1
v 0.821917474 0.225426882 0.620176255 1 1 1
v 0.906787335 0.334862262 0.458352416 1 1 1
v 0.856183052 0.298842608 0.476172983 1 1 1
v 0.862949609 0.297344088 0.560255646 1 1 1
v 1.009970903 0.340390652 0.364647865 1 1 1
v 1.012985229 0.273400098 0.316804230 1 1 1
v 0.974058449 0.378469675 0.443529874 1 1 1
v 1.014755010 0.213477566 0.287167280 1 1 1
v 1.013948321 0.141234129 0.261981248 1 1 1
v 1.013485431 0.049332838 0.238285124 1 1 1
v 1.013944387 -0.04934343 0.220277890 1 1 1
v 1.014332532 -0.13567621 0.208774387 1 1 1
v 1.014529109 -0.19695455 0.202441111 1 1 1
v 1.014367103 -0.254365 0.197739005 1 1 1
v 0.917362332 -0.33785808 0.187975376 1 1 1
v 0.819459557 -0.33590898 0.184024721 1 1 1
v 1.014093995 -0.33652273 0.192574203 1 1 1
v 1.102197408 -0.26728153 0.200466021 1 1 1
v 1.105155706 -0.34253347 0.197071954 1 1 1
v 1.109553575 -0.21327022 0.204245671 1 1 1
v 1.110631704 -0.14121853 0.210037693 1 1 1
v 1.110424876 -0.04800026 0.220107644 1 1 1
v 1.110326767 0.048873025 0.234234958 1 1 1
v 1.110738873 0.146867811 0.254331857 1 1 1
v 1.111725211 0.228077933 0.277715891 1 1 1
v 1.111917853 0.287722080 0.300390839 1 1 1
v 1.110779523 0.347611516 0.330364197 1 1 1
v 1.116205334 0.412217259 0.374007225 1 1 1
v 1.049374938 0.391887635 0.390758514 1 1 1
v 1.030645608 0.422621995 0.448925405 1 1 1
v 0.967915296 0.384073883 0.545276284 1 1 1
v 0.909845590 0.340268552 0.543317019 1 1 1
v 1.024760365 0.429539203 0.537795126 1 1 1
v 1.112396121 0.464769989 0.443190515 1 1 1
v 1.092824220 0.463675290 0.543246805 1 1 1
v 1.206659674 0.427522093 0.355285346 1 1 1
v 1.207144498 0.359384387 0.317662745 1 1 1
v 1.206035375 0.482561945 0.402882635 1 1 1
v 1.207749128 0.299670159 0.292727589 1 1 1
v 1.207433581 0.236032396 0.272610157 1 1 1
v 1.2069031 0.145543202 0.250983387 1 1 1
v 1.206994891 0.04864325 0.234124526 1 1 1
v 1.207029223 -0.0480883 0.221936970 1 1 1
v 1.205834150 -0.14593743 0.213137298 1 1 1
v 1.202623724 -0.24516346 0.206632837 1 1 1
v 1.164190173 -0.28330907 0.202659055 1 1 1
v 1.176275134 -0.34636813 0.200922220 1 1 1
v 1.231812477 -0.33912432 0.204365894 1 1 1
v 1.302397489 -0.24255034 0.212472498 1 1 1
v 1.307943344 -0.33793256 0.209402918 1 1 1
v 1.303606152 -0.14475341 0.217922851 1 1 1
v 1.303601980 -0.04814783 0.225814759 1 1 1
v 1.303602814 0.048546489 0.236376062 1 1 1
v 1.303565979 0.145318180 0.251225084 1 1 1
v 1.303493857 0.236859113 0.270246595 1 1 1
v 1.303407430 0.307102173 0.289273947 1 1 1
v 1.303110837 0.366067588 0.309980601 1 1 1
v 1.303073287 0.436664879 0.342700600 1 1 1
v 1.302564501 0.498166084 0.383990883 1 1 1
v 1.207873702 0.520079135 0.458313971 1 1 1
v 1.149430155 0.495838820 0.475437760 1 1 1
v 1.296142816 0.547019302 0.445619016 1 1 1
v 1.155841112 0.493879467 0.554307103 1 1 1
v 1.213088035 0.525961279 0.540161073 1 1 1
v 1.294486880 0.551948070 0.542081654 1 1 1
v 1.394554495 0.575212955 0.440157234 1 1 1
v 1.396844863 0.510800659 0.374282211 1 1 1
v 1.394605398 0.577954590 0.545913755 1 1 1
v 1.399691104 0.438185572 0.333974897 1 1 1
v 1.399972915 0.368965596 0.306500792 1 1 1
v 1.400086045 0.310460507 0.288594305 1 1 1
v 1.400146126 0.237657070 0.271029919 1 1 1
v 1.400178074 0.145226448 0.253900617 1 1 1
v 1.400177717 0.048468139 0.240823403 1 1 1
v 1.400180697 -0.04815743 0.230874046 1 1 1
v 1.400163650 -0.14477567 0.223947852 1 1 1
v 1.400166630 -0.24135853 0.218928173 1 1 1
v 1.400167942 -0.33793586 0.215877577 1 1 1
v 1.496748089 -0.24135447 0.226025864 1 1 1
v 1.496735215 -0.33793822 0.223465636 1 1 1
v 1.496739625 -0.14477848 0.230764284 1 1 1
v 1.496738791 -0.04818865 0.237536907 1 1 1
v 1.496764898 0.048458930 0.246452882 1 1 1
v 1.496763944 0.145127758 0.258897781 1 1 1
v 1.496756911 0.237226620 0.274468094 1 1 1
v 1.496726751 0.309052497 0.290216773 1 1 1
v 1.496703505 0.367430567 0.306131809 1 1 1
v 1.496571064 0.438867628 0.331209629 1 1 1
v 1.496238112 0.512922585 0.367340594 1 1 1
v 1.493364214 0.571594357 0.412021219 1 1 1
v 1.498649835 0.602546572 0.463046431 1 1 1
v 1.427725076 0.594886183 0.470220834 1 1 1
v 1.427888035 0.595504999 0.516661763 1 1 1
v 1.498734951 0.603266358 0.523896098 1 1 1
v 1.493898153 0.572066187 0.574162721 1 1 1
v 1.397261977 0.513266205 0.613298475 1 1 1
v 1.306685328 0.503547966 0.607295692 1 1 1
v 1.496500134 0.514016211 0.618743836 1 1 1
v 1.593237876 0.608083188 0.459180086 1 1 1
v 1.593242406 0.570101797 0.407003730 1 1 1
v 1.593457460 0.607527732 0.526761055 1 1 1
v 1.593271613 0.513676583 0.367585390 1 1 1
v 1.593427538 0.437456458 0.332554966 1 1 1
v 1.593968629 0.359361320 0.307726949 1 1 1
v 1.594316601 0.302227109 0.293457388 1 1 1
v 1.593953847 0.236812889 0.279983818 1 1 1
v 1.593353748 0.145092129 0.265495449 1 1 1
v 1.593333244 0.048427350 0.253848224 1 1 1
v 1.593319535 -0.04818755 0.245144441 1 1 1
v 1.593328833 -0.14476827 0.238585457 1 1 1
v 1.593305230 -0.24136151 0.234464317 1 1 1
v 1.689895391 -0.14477299 0.248031303 1 1 1
v 1.689873933 -0.24136484 0.244077771 1 1 1
v 1.689928054 -0.0481679 0.253972202 1 1 1
v 1.689922452 0.048427511 0.262615889 1 1 1
v 1.690570235 0.146372705 0.273823618 1 1 1
v 1.691516995 0.228489935 0.286633431 1 1 1
v 1.692104578 0.288931399 0.298083186 1 1 1
v 1.691624999 0.351103365 0.312495917 1 1 1
v 1.690854668 0.432327806 0.336882799 1 1 1
v 1.690363884 0.510737001 0.371380329 1 1 1
v 1.691040635 0.567340910 0.410209924 1 1 1
v 1.691618204 0.606327414 0.461177527 1 1 1
v 1.691627740 0.605054557 0.523557007 1 1 1
v 1.593566656 0.569576323 0.578969299 1 1 1
v 1.691231489 0.564760685 0.574534416 1 1 1
v 1.780270576 0.593422174 0.517675101 1 1 1
v 1.780286669 0.594668924 0.467210561 1 1 1
v 1.788309931 0.555708408 0.564705431 1 1 1
v 1.789442896 0.559462130 0.419037759 1 1 1
v 1.789954543 0.503508925 0.379480421 1 1 1
v 1.788507223 0.433026313 0.348089993 1 1 1
v 1.787471771 0.342713624 0.320210367 1 1 1
v 1.786301255 0.269262403 0.304056972 1 1 1
v 1.778485417 0.214450150 0.29349944 1 1 1
v 1.785245180 0.138313576 0.283176541 1 1 1
v 1.786532402 0.048440136 0.273232102 1 1 1
v 1.786530971 -0.04815952 0.264752835 1 1 1
v 1.786480069 -0.14477554 0.259026765 1 1 1
v 1.786463737 -0.24136427 0.255161553 1 1 1
v 1.689866900 -0.33794367 0.241950750 1 1 1
v 1.593293905 -0.3379415 0.232143610 1 1 1
v 1.786464333 -0.33794397 0.253181606 1 1 1
v 1.883085846 -0.24135794 0.268194317 1 1 1
v 1.883087515 -0.33794221 0.266337484 1 1 1
v 1.883100032 -0.14476559 0.272019445 1 1 1
v 1.883519768 -0.05003484 0.277710348 1 1 1
v 1.875207901 0.046694058 0.284811496 1 1 1
v 1.860930442 0.131583377 0.292425215 1 1 1
v 1.844936728 0.196336939 0.299120426 1 1 1
v 1.881036996 0.234976500 0.310954064 1 1 1
v 1.883934259 0.339751571 0.334097623 1 1 1
v 1.887757301 0.425633102 0.361554384 1 1 1
v 1.889389514 0.492141604 0.392998635 1 1 1
v 1.887205243 0.555544197 0.447858661 1 1 1
v 1.840800166 0.580488503 0.471692264 1 1 1
v 1.839504361 0.579196870 0.513457238 1 1 1
v 1.885100722 0.55236274 0.536783874 1 1 1
v 1.980777621 0.518515586 0.456134915 1 1 1
v 1.986237883 0.468971818 0.409569680 1 1 1
v 1.979480028 0.515629768 0.528188765 1 1 1
v 1.974982738 0.413483202 0.377731114 1 1 1
v 1.980138182 0.33493644 0.352184653 1 1 1
v 1.977366447 0.239233180 0.329178720 1 1 1
v 1.917864084 0.137292951 0.301893204 1 1 1
v 1.988352298 0.140615284 0.315061748 1 1 1
v 1.944952130 0.043644450 0.295488506 1 1 1
v 1.962495327 -0.05320211 0.290258079 1 1 1
v 1.971553921 -0.14665437 0.286156743 1 1 1
v 1.972972512 -0.24135375 0.282648623 1 1 1
v 1.973799943 -0.33793986 0.280990302 1 1 1
v 1.883077859 -0.43452296 0.266450464 1 1 1
v 1.786458492 -0.4345201 0.253107160 1 1 1
v 1.973685741 -0.43452409 0.281166315 1 1 1
v 2.042116880 -0.33793736 0.293890565 1 1 1
v 2.041764736 -0.43452716 0.294045299 1 1 1
v 2.038790464 -0.24135371 0.295059412 1 1 1
v 2.031930208 -0.14792156 0.297510236 1 1 1
v 2.019676446 -0.05509575 0.300936341 1 1 1
v 2.002132415 0.043610975 0.306075751 1 1 1
v 2.077147007 0.145126700 0.336050272 1 1 1
v 2.078030824 0.046817198 0.323025018 1 1 1
v 2.072677612 0.241878435 0.353438586 1 1 1
v 2.058392763 0.329666316 0.372884541 1 1 1
v 2.043581247 0.397838294 0.393979489 1 1 1
v 2.080100297 0.438104450 0.439088910 1 1 1
v 2.038529872 0.489565521 0.467294603 1 1 1
v 2.037074565 0.487806826 0.517292618 1 1 1
v 1.885583400 0.487591147 0.589767634 1 1 1
v 1.983276963 0.463662385 0.573371827 1 1 1
v 2.066346645 0.438506364 0.548429846 1 1 1
v 2.121876239 0.339508712 0.402782023 1 1 1
v 2.148753643 0.398427516 0.479915678 1 1 1
v 2.186710834 0.336731106 0.449894875 1 1 1
v 2.128225088 0.353892713 0.565410316 1 1 1
v 2.148053407 0.243413642 0.380143344 1 1 1
v 2.162830114 0.148985311 0.363638103 1 1 1
v 2.171143531 0.050141956 0.350329190 1 1 1
v 2.084208726 -0.05310426 0.315175563 1 1 1
v 2.170683145 -0.04969657 0.338728547 1 1 1
v 2.089514017 -0.14660096 0.310079813 1 1 1
v 2.096959829 -0.24132714 0.307682812 1 1 1
v 2.100269794 -0.3379361 0.306498229 1 1 1
v 2.099906444 -0.43454242 0.306716859 1 1 1
v 2.177368164 -0.33793169 0.326969355 1 1 1
v 2.177268505 -0.43458006 0.327243804 1 1 1
v 2.176639795 -0.241267 0.328742981 1 1 1
v 2.177084922 -0.14287634 0.333474814 1 1 1
v 2.25603652 -0.04596283 0.370616018 1 1 1
v 2.262273073 -0.14004609 0.364137202 1 1 1
v 2.242969751 0.051399484 0.379275053 1 1 1
v 2.229487896 0.151269152 0.394053161 1 1 1
v 2.205656051 0.247470751 0.411204069 1 1 1
v 2.225183486 0.298395127 0.468094706 1 1 1
v 2.255075931 0.242863416 0.456101328 1 1 1
v 2.223854541 0.297205418 0.515992641 1 1 1
v 2.192542076 0.321850895 0.536233067 1 1 1
v 2.146317958 0.243934452 0.599247276 1 1 1
v 2.201107978 0.245055139 0.571689784 1 1 1
v 2.058185815 0.329478353 0.605618834 1 1 1
v 2.070621967 0.241147890 0.626131951 1 1 1
v 2.040068388 0.392822921 0.587763905 1 1 1
v 2.253208637 0.242086261 0.527542471 1 1 1
v 2.293660402 0.152336433 0.444996148 1 1 1
v 2.291142702 0.150631189 0.539315521 1 1 1
v 2.299925565 0.052425257 0.412892460 1 1 1
v 2.312931299 -0.04387987 0.401215612 1 1 1
v 2.321338415 -0.13812853 0.394256800 1 1 1
v 2.264935970 -0.23954114 0.359569340 1 1 1
v 2.327869176 -0.23826706 0.390392899 1 1 1
v 2.263410091 -0.33792353 0.356375843 1 1 1
v 2.263308286 -0.43461946 0.356768071 1 1 1
v 2.176423788 -0.53124249 0.329530358 1 1 1
v 2.094098329 -0.53300798 0.307629853 1 1 1
v 2.264167070 -0.5312171 0.360619574 1 1 1
v 2.329806327 -0.43479082 0.389097571 1 1 1
v 2.325640201 -0.53145278 0.391794502 1 1 1
v 2.330573320 -0.33790049 0.388649463 1 1 1
v 2.388472080 -0.23706299 0.439776688 1 1 1
v 2.394045352 -0.33759934 0.441002607 1 1 1
v 2.377622366 -0.13634235 0.441571950 1 1 1
v 2.363579988 -0.04192087 0.448565155 1 1 1
v 2.344857215 0.046445012 0.459608286 1 1 1
v 2.325111389 0.110162198 0.467332482 1 1 1
v 2.324015617 0.109005324 0.517513573 1 1 1
v 2.296188592 0.051404297 0.570801675 1 1 1
v 2.343143463 0.046430669 0.524750530 1 1 1
v 2.225152254 0.147956818 0.58879143 1 1 1
v 2.239264488 0.049795124 0.602934658 1 1 1
v 2.362225771 -0.04340016 0.535969138 1 1 1
v 2.376088380 -0.13861524 0.543790221 1 1 1
v 2.386945247 -0.23850407 0.546138286 1 1 1
v 2.392903804 -0.33754021 0.545203030 1 1 1
v 2.392140388 -0.43600371 0.441428452 1 1 1
v 2.391686677 -0.4359462 0.544758319 1 1 1
v 2.383080244 -0.53446627 0.441417753 1 1 1
v 2.317971706 -0.62807041 0.396847277 1 1 1
v 2.260296106 -0.62775332 0.365609049 1 1 1
v 2.369748115 -0.63198972 0.445390641 1 1 1
v 2.174502134 -0.62970954 0.333864033 1 1 1
v 2.088437080 -0.63271058 0.310676276 1 1 1
v 2.030469417 -0.634489 0.297910690 1 1 1
v 2.037712574 -0.53420442 0.295355230 1 1 1
v 2.083581209 -0.72626454 0.315512895 1 1 1
v 2.020217895 -0.72738516 0.301064282 1 1 1
v 2.171592950 -0.72467756 0.340440064 1 1 1
v 2.252663850 -0.72484905 0.372852444 1 1 1
v 2.308356285 -0.72606981 0.406125277 1 1 1
v 2.352998018 -0.72839522 0.454627066 1 1 1
v 2.370494365 -0.63231277 0.540812969 1 1 1
v 2.353932619 -0.72863287 0.531828165 1 1 1
v 2.383282661 -0.53460997 0.544779181 1 1 1
v 2.328986644 -0.4347578 0.595698714 1 1 1
v 2.325467824 -0.53168231 0.593590319 1 1 1
v 2.329145908 -0.33787301 0.595635950 1 1 1
v 2.325989484 -0.24065404 0.593567967 1 1 1
v 2.319031715 -0.14336999 0.589771986 1 1 1
v 2.309679746 -0.04614202 0.582692802 1 1 1
v 2.260572910 -0.14386451 0.618222415 1 1 1
v 2.264080286 -0.24095877 0.622832417 1 1 1
v 2.252862215 -0.04746844 0.611339211 1 1 1
v 2.262995481 -0.33789501 0.626314938 1 1 1
v 2.263037681 -0.43458468 0.626668155 1 1 1
v 2.264147043 -0.53133601 0.623737514 1 1 1
v 2.318377971 -0.62860906 0.589177489 1 1 1
v 2.260663032 -0.62812918 0.619622230 1 1 1
v 2.309674263 -0.72642571 0.580496847 1 1 1
v 2.333058834 -0.81522024 0.519217371 1 1 1
v 2.331924438 -0.8149932 0.466963172 1 1 1
v 2.296776533 -0.82380277 0.566731691 1 1 1
v 2.294891119 -0.82312357 0.420082211 1 1 1
v 2.239640712 -0.82267702 0.382456690 1 1 1
v 2.169822931 -0.82179797 0.351179719 1 1 1
v 2.081522941 -0.82117385 0.323105096 1 1 1
v 2.161512136 -0.91914099 0.364132106 1 1 1
v 2.077803134 -0.91852844 0.334282189 1 1 1
v 2.226243495 -0.91949421 0.397748917 1 1 1
v 2.285682201 -0.91690391 0.452750533 1 1 1
v 2.314846992 -0.87145948 0.473394393 1 1 1
v 2.315760135 -0.87218922 0.512401104 1 1 1
v 2.287430048 -0.91802686 0.533668458 1 1 1
v 2.241221904 -0.82356954 0.604367911 1 1 1
v 2.228658437 -0.92144936 0.589481055 1 1 1
v 2.253540754 -0.72498524 0.613319218 1 1 1
v 2.174014329 -0.62736255 0.650783598 1 1 1
v 2.171802759 -0.72463804 0.644819855 1 1 1
v 2.174788713 -0.53120989 0.654245555 1 1 1
v 2.175236702 -0.43454179 0.655708789 1 1 1
v 2.174984693 -0.337892 0.655263125 1 1 1
v 2.172211647 -0.2404501 0.653331458 1 1 1
v 2.088989257 -0.33713689 0.676522314 1 1 1
v 2.091763734 -0.43451557 0.676419019 1 1 1
v 2.086141109 -0.23923637 0.674565255 1 1 1
v 2.088112831 -0.53050929 0.675925791 1 1 1
v 2.085250377 -0.62609875 0.673493921 1 1 1
v 2.081949472 -0.72375524 0.669229865 1 1 1
v 2.080915927 -0.82110876 0.662472784 1 1 1
v 2.170510768 -0.82227844 0.635194122 1 1 1
v 2.163003206 -0.92048472 0.623204171 1 1 1
v 2.205850839 -1.01929736 0.571918845 1 1 1
v 2.248341321 -1.01113427 0.524414598 1 1 1
v 2.152148962 -1.01030815 0.608669638 1 1 1
v 2.246558427 -1.01031899 0.462164491 1 1 1
v 2.202747106 -1.01743591 0.415503472 1 1 1
v 2.149578332 -1.00868428 0.379416614 1 1 1
v 2.174798250 -1.11133862 0.441185653 1 1 1
v 2.136183500 -1.07791531 0.393690049 1 1 1
v 2.220261097 -1.06681275 0.471601158 1 1 1
v 2.221487522 -1.06785691 0.514546155 1 1 1
v 2.188206911 -1.10007846 0.542255520 1 1 1
v 2.139333963 -1.08084154 0.594514608 1 1 1
v 2.074712514 -1.01513374 0.638754427 1 1 1
v 2.078594684 -1.11329937 0.614044189 1 1 1
v 2.077967882 -0.91887581 0.652557849 1 1 1
v 2.003221273 -0.82088977 0.679973483 1 1 1
v 1.992450237 -0.91761976 0.674039304 1 1 1
v 2.016677618 -0.72324222 0.683394312 1 1 1
v 2.025769710 -0.62543648 0.686022579 1 1 1
v 2.031392335 -0.53007716 0.687677145 1 1 1
v 2.033611059 -0.43451527 0.688441336 1 1 1
v 2.032513141 -0.33663324 0.688141167 1 1 1
v 1.971616148 -0.43451598 0.699784159 1 1 1
v 1.972455859 -0.53048688 0.698536396 1 1 1
v 1.973114252 -0.3371512 0.699037134 1 1 1
v 1.968510270 -0.62605023 0.696655869 1 1 1
v 1.960372448 -0.72363967 0.694076716 1 1 1
v 1.946129322 -0.82086003 0.691026151 1 1 1
v 1.929685235 -0.9174909 0.686500966 1 1 1
v 1.909548640 -1.01283371 0.680623889 1 1 1
v 1.983649373 -1.01449847 0.664548814 1 1 1
v 1.981984973 -1.11201298 0.648395240 1 1 1
v 2.053648948 -1.18452883 0.601176619 1 1 1
v 2.094604015 -1.22370565 0.549710393 1 1 1
v 2.134996652 -1.16580868 0.554072797 1 1 1
v 1.985982418 -1.21332097 0.620189368 1 1 1
v 2.147084713 -1.17763937 0.470966339 1 1 1
v 2.087522745 -1.23269665 0.442897468 1 1 1
v 2.043444871 -1.27080774 0.558441281 1 1 1
v 2.056627988 -1.28395224 0.468209505 1 1 1
v 1.956664323 -1.28293729 0.603074014 1 1 1
v 1.996029853 -1.32336926 0.550651311 1 1 1
v 1.884003281 -1.21099687 0.651023626 1 1 1
v 1.883892417 -1.3083775 0.617161810 1 1 1
v 1.878801703 -1.10738015 0.674040556 1 1 1
v 1.854731202 -1.00539792 0.691385924 1 1 1
v 1.839487075 -1.06861138 0.686788022 1 1 1
v 1.868845462 -0.91745472 0.696973264 1 1 1
v 1.878276348 -0.82083797 0.702224612 1 1 1
v 1.880437254 -0.72424668 0.707094430 1 1 1
v 1.884494304 -0.62706351 0.710104644 1 1 1
v 1.883058309 -0.53109258 0.712676227 1 1 1
v 1.883059978 -0.43451607 0.713721275 1 1 1
v 1.786447286 -0.53108782 0.725781321 1 1 1
v 1.786454796 -0.62765944 0.723557949 1 1 1
v 1.786450266 -0.43451503 0.726702749 1 1 1
v 1.786472559 -0.72423285 0.720189213 1 1 1
v 1.786470651 -0.82080418 0.715453028 1 1 1
v 1.787456512 -0.91742647 0.709210932 1 1 1
v 1.78117764 -1.00967014 0.702556908 1 1 1
v 1.778216481 -1.08555615 0.694125771 1 1 1
v 1.786069035 -1.13991916 0.683897137 1 1 1
v 1.787393212 -1.21356881 0.666124463 1 1 1
v 1.787151455 -1.3013171 0.630751788 1 1 1
v 1.848771929 -1.35578716 0.592273831 1 1 1
v 1.870102763 -1.39141178 0.541588842 1 1 1
v 1.936713814 -1.36207211 0.555905580 1 1 1
v 1.780671000 -1.35681462 0.595755457 1 1 1
v 1.951991081 -1.3751018 0.470272570 1 1 1
v 1.988479971 -1.33042753 0.444086760 1 1 1
v 1.883457660 -1.39676166 0.452772140 1 1 1
v 1.787505388 -1.40537322 0.538171291 1 1 1
v 1.791611313 -1.42160237 0.446904063 1 1 1
v 1.693115353 -1.35029757 0.583508312 1 1 1
v 1.685567975 -1.40723932 0.531337797 1 1 1
v 1.693211197 -1.29315889 0.626004576 1 1 1
v 1.691698908 -1.21947956 0.666224539 1 1 1
v 1.691137671 -1.15573204 0.687660276 1 1 1
v 1.690987706 -1.0989244 0.702394247 1 1 1
v 1.690450310 -1.01604128 0.714115500 1 1 1
v 1.689907193 -0.917391 0.721706330 1 1 1
v 1.689865231 -0.8207882 0.727414548 1 1 1
v 1.689865112 -0.72421998 0.731838941 1 1 1
v 1.689873933 -0.62765568 0.735175073 1 1 1
v 1.689871668 -0.53108597 0.737237274 1 1 1
v 1.593290805 -0.62765002 0.745394945 1 1 1
v 1.593281865 -0.7242133 0.742226302 1 1 1
v 1.593303203 -0.53108388 0.747376859 1 1 1
v 1.593283057 -0.82078153 0.737947166 1 1 1
v 1.593346476 -0.91741073 0.732413291 1 1 1
v 1.593536019 -1.01453948 0.724435687 1 1 1
v 1.592586994 -1.10647404 0.707620561 1 1 1
v 1.591681957 -1.16031611 0.686619699 1 1 1
v 1.592375993 -1.21470654 0.662058174 1 1 1
v 1.596006631 -1.29197884 0.608964562 1 1 1
v 1.598410964 -1.3469764 0.579245209 1 1 1
v 1.596489191 -1.40452743 0.557467281 1 1 1
v 1.646573543 -1.44340312 0.507596194 1 1 1
v 1.649180412 -1.46269035 0.466694593 1 1 1
v 1.690579056 -1.4431814 0.441457957 1 1 1
v 1.590597510 -1.46522224 0.513473153 1 1 1
v 1.505318403 -1.42404974 0.580605268 1 1 1
v 1.505249977 -1.48953319 0.537249803 1 1 1
v 1.504597187 -1.36678302 0.594734728 1 1 1
v 1.499550581 -1.29233539 0.599339842 1 1 1
v 1.495139479 -1.21815026 0.651886701 1 1 1
v 1.492227673 -1.15976655 0.685221374 1 1 1
v 1.493553638 -1.10465384 0.712227463 1 1 1
v 1.495798468 -1.01717925 0.732538938 1 1 1
v 1.496803164 -0.91746193 0.741925478 1 1 1
v 1.496718406 -0.82078278 0.747462809 1 1 1
v 1.496711015 -0.72421098 0.751669347 1 1 1
v 1.496715903 -0.62764639 0.754675447 1 1 1
v 1.496721148 -0.53108031 0.756383955 1 1 1
v 1.593309879 -0.43451273 0.747959733 1 1 1
v 1.496724367 -0.4345116 0.756677448 1 1 1
v 1.689875721 -0.4345139 0.737998366 1 1 1
v 1.400157451 -0.53107876 0.764691948 1 1 1
v 1.400155305 -0.62764663 0.763254284 1 1 1
v 1.400159716 -0.43450677 0.764677643 1 1 1
v 1.400154113 -0.72421378 0.760409653 1 1 1
v 1.400167107 -0.82079268 0.756225168 1 1 1
v 1.400260806 -0.91753322 0.750356257 1 1 1
v 1.400341272 -1.01508534 0.739918291 1 1 1
v 1.398726463 -1.10290849 0.715455055 1 1 1
v 1.397911071 -1.15679872 0.682175040 1 1 1
v 1.399936795 -1.20945644 0.642864525 1 1 1
v 1.402252435 -1.30487931 0.612625777 1 1 1
v 1.405847668 -1.38526726 0.611319243 1 1 1
v 1.405596613 -1.44485867 0.592483818 1 1 1
v 1.407337784 -1.51055074 0.547692894 1 1 1
v 1.305050373 -1.46495104 0.603489875 1 1 1
v 1.303653836 -1.51504171 0.545718252 1 1 1
v 1.305035233 -1.39643264 0.624382197 1 1 1
v 1.304625511 -1.30136812 0.627721846 1 1 1
v 1.305754184 -1.20177257 0.624460578 1 1 1
v 1.303711414 -1.14904571 0.677069664 1 1 1
v 1.302727222 -1.09644055 0.716667771 1 1 1
v 1.303430557 -1.01461112 0.745510995 1 1 1
v 1.303699255 -0.91772044 0.757912337 1 1 1
v 1.303614735 -0.82080728 0.764211356 1 1 1
v 1.303606987 -0.72422004 0.768567502 1 1 1
v 1.303608059 -0.62764984 0.771256566 1 1 1
v 1.303608894 -0.53107458 0.772416293 1 1 1
v 1.303608536 -0.4345009 0.772015571 1 1 1
v 1.400165557 -0.33793184 0.763214945 1 1 1
v 1.303598880 -0.33793047 0.769964277 1 1 1
v 1.496725678 -0.33794039 0.755470931 1 1 1
v 1.214321136 -0.43450224 0.777761101 1 1 1
v 1.216375947 -0.53107345 0.778581738 1 1 1
v 1.207255363 -0.33721122 0.775611877 1 1 1
v 1.215430617 -0.62764561 0.777858376 1 1 1
v 1.211582183 -0.7242189 0.775535583 1 1 1
v 1.205861210 -0.81949502 0.771633029 1 1 1
v 1.206976056 -0.91852194 0.764270544 1 1 1
v 1.206328749 -1.01316273 0.745023191 1 1 1
v 1.205955624 -1.08637583 0.708989381 1 1 1
v 1.207047343 -1.138708 0.664742052 1 1 1
v 1.206546902 -1.20836198 0.626208007 1 1 1
v 1.207153797 -1.30533051 0.643146157 1 1 1
v 1.20753932 -1.39873278 0.634461343 1 1 1
v 1.212661027 -1.46178889 0.601617097 1 1 1
v 1.106034040 -1.40905297 0.623772203 1 1 1
v 1.141478657 -1.45312774 0.593944966 1 1 1
v 1.110803723 -1.30762947 0.654857873 1 1 1
v 1.110493898 -1.20791864 0.645893991 1 1 1
v 1.115036726 -1.11769331 0.652737915 1 1 1
v 1.112614870 -1.0720607 0.697148382 1 1 1
v 1.110602378 -1.01174784 0.737145185 1 1 1
v 1.108833313 -0.91845667 0.767548918 1 1 1
v 1.106235384 -0.81544101 0.778422951 1 1 1
v 1.136411905 -0.72286379 0.780951857 1 1 1
v 1.150802493 -0.62764585 0.782510936 1 1 1
v 1.154499173 -0.53107011 0.782783687 1 1 1
v 1.144305467 -0.43377185 0.782230675 1 1 1
v 1.128256797 -0.33598796 0.780138552 1 1 1
v 1.207022786 -0.2413528 0.771823167 1 1 1
v 1.111184477 -0.24141902 0.776473581 1 1 1
v 1.303586006 -0.24136338 0.766309976 1 1 1
v 1.018143177 -0.24437481 0.779989123 1 1 1
v 1.061635613 -0.33605593 0.783584356 1 1 1
v 1.086722374 -0.43328661 0.785457313 1 1 1
v 1.096557021 -0.5310697 0.786385417 1 1 1
v 1.092866182 -0.62764448 0.786374807 1 1 1
v 1.080876112 -0.71550918 0.784895896 1 1 1
v 1.067876935 -0.77615535 0.783048093 1 1 1
v 1.012624621 -0.84153008 0.780346155 1 1 1
v 1.014342427 -0.9254064 0.763265788 1 1 1
v 1.005475044 -0.78524137 0.785874426 1 1 1
v 1.016507268 -1.00349426 0.724939048 1 1 1
v 1.020860195 -1.05400276 0.683008611 1 1 1
v 1.018652677 -1.11417818 0.640361249 1 1 1
v 1.016707420 -1.20243454 0.659218370 1 1 1
v 1.011052608 -1.30635428 0.656659483 1 1 1
v 0.914206445 -1.21203494 0.665138721 1 1 1
v 0.906310200 -1.31427038 0.633506357 1 1 1
v 0.920851767 -1.10841906 0.656097352 1 1 1
v 0.922553181 -1.03249788 0.663178384 1 1 1
v 0.917045235 -0.98849583 0.708597600 1 1 1
v 0.915065944 -0.92415774 0.752710342 1 1 1
v 0.916835963 -0.85026765 0.780243635 1 1 1
v 0.917356848 -0.79046929 0.789205193 1 1 1
v 1.008815527 -0.717906 0.789360821 1 1 1
v 0.917386174 -0.71969301 0.794457852 1 1 1
v 1.012665510 -0.62764758 0.79162848 1 1 1
v 1.013598203 -0.53106546 0.791587591 1 1 1
v 1.012029647 -0.43376362 0.789666354 1 1 1
v 0.999679803 -0.34376889 0.786554396 1 1 1
v 0.983893871 -0.28277478 0.783596992 1 1 1
v 0.917819023 -0.3431257 0.789770484 1 1 1
v 0.917351901 -0.43447253 0.794492483 1 1 1
v 0.91168648 -0.27620101 0.785161852 1 1 1
v 0.917361319 -0.53105819 0.797278106 1 1 1
v 0.917377889 -0.6276539 0.797460854 1 1 1
v 0.816337287 -0.91754377 0.739275693 1 1 1
v 0.818641841 -0.96773642 0.692339360 1 1 1
v 0.822159051 -1.0215466 0.650403559 1 1 1
v 0.819981753 -1.10802281 0.662810742 1 1 1
v 0.817122578 -1.20771372 0.655481755 1 1 1
v 0.823065698 -1.28591681 0.614770233 1 1 1
v 0.726038873 -1.20728087 0.622215807 1 1 1
v 0.761490702 -1.26099908 0.595140039 1 1 1
v 0.719877541 -1.11381519 0.652711033 1 1 1
v 0.725192487 -1.01509857 0.651933729 1 1 1
v 0.658497035 -1.17498589 0.599294006 1 1 1
v 0.699329257 -1.23923051 0.537202298 1 1 1
v 0.753849387 -1.28024197 0.537434101 1 1 1
v 0.642172634 -1.19295156 0.535815835 1 1 1
v 0.808599114 -1.31988275 0.537281096 1 1 1
v 0.869505643 -1.35545826 0.550847291 1 1 1
v 0.824300169 -1.32176304 0.449360936 1 1 1
v 0.862047255 -1.35532212 0.476011872 1 1 1
v 0.755404591 -1.27830994 0.467780083 1 1 1
v 0.719060063 -1.23785222 0.436573475 1 1 1
v 0.650838315 -1.18897307 0.448595315 1 1 1
v 0.665878951 -1.1636107 0.390707731 1 1 1
v 0.725912451 -1.18660414 0.366413623 1 1 1
v 0.811535060 -1.27105904 0.387416511 1 1 1
v 0.81480515 -1.21392536 0.337219446 1 1 1
v 0.913613617 -1.3490485 0.401117414 1 1 1
v 0.911946058 -1.29580307 0.351056098 1 1 1
v 0.919623553 -1.38773656 0.461105972 1 1 1
v 0.924654722 -1.39230835 0.536918997 1 1 1
v 0.940695464 -1.3663826 0.602456212 1 1 1
v 1.015575528 -1.38697791 0.616673529 1 1 1
v 0.996607661 -1.42846417 0.541016936 1 1 1
v 1.015074372 -1.43185294 0.444093912 1 1 1
v 1.012736678 -1.37750137 0.376043617 1 1 1
v 1.013093829 -1.3140732 0.329859763 1 1 1
v 0.915124774 -1.23981822 0.316177696 1 1 1
v 1.014208078 -1.25439036 0.299266219 1 1 1
v 0.917895197 -1.17920828 0.287223160 1 1 1
v 0.917292833 -1.10694027 0.262395441 1 1 1
v 1.013813018 -1.11244154 0.253620803 1 1 1
v 1.014220714 -1.19411588 0.276901364 1 1 1
v 1.110458970 -1.20242202 0.270096302 1 1 1
v 1.110585331 -1.26746511 0.291202545 1 1 1
v 1.111029982 -1.32702339 0.316341042 1 1 1
v 1.112033486 -1.39384663 0.355780303 1 1 1
v 1.112555980 -1.4465915 0.404389530 1 1 1
v 1.116742253 -1.4777267 0.459221333 1 1 1
v 1.057329058 -1.45931518 0.476281017 1 1 1
v 1.065523743 -1.4543283 0.550354540 1 1 1
v 1.123622059 -1.48115098 0.536388814 1 1 1
v 1.204166054 -1.49843526 0.447941243 1 1 1
v 1.207479476 -1.4583621 0.386418223 1 1 1
v 1.203043341 -1.50185168 0.538685500 1 1 1
v 1.207245945 -1.40295732 0.343188911 1 1 1
v 1.206360459 -1.33535743 0.308493912 1 1 1
v 1.206824302 -1.2758317 0.286579102 1 1 1
v 1.20690763 -1.20335805 0.266837149 1 1 1
v 1.110279321 -1.11125016 0.248039230 1 1 1
v 1.206987500 -1.11094856 0.247504428 1 1 1
v 1.013726592 -1.01446843 0.232523977 1 1 1
v 0.916930019 -1.01477575 0.238489523 1 1 1
v 1.110402464 -1.01428759 0.230940103 1 1 1
v 0.917179882 -0.92113346 0.219841420 1 1 1
v 1.013837456 -0.91966432 0.217462986 1 1 1
v 1.109132289 -0.91592968 0.217924490 1 1 1
v 1.207032322 -1.01418018 0.232498154 1 1 1
v 1.207034111 -0.91744024 0.221897304 1 1 1
v 1.303623795 -1.11082149 0.250058561 1 1 1
v 1.303619146 -1.2041564 0.266871452 1 1 1
v 1.303616285 -1.01405478 0.237068027 1 1 1
v 1.303559541 -1.2788415 0.285843938 1 1 1
v 1.303502321 -1.33773005 0.305115014 1 1 1
v 1.303100943 -1.40442538 0.335136026 1 1 1
v 1.302810192 -1.46668231 0.378196328 1 1 1
v 1.302143335 -1.51570833 0.445475488 1 1 1
v 1.403149008 -1.52243233 0.446934282 1 1 1
v 1.400494098 -1.4688338 0.376686185 1 1 1
v 1.400310874 -1.40380943 0.334198534 1 1 1
v 1.400286316 -1.3345412 0.305771142 1 1 1
v 1.40026021 -1.27541196 0.288173228 1 1 1
v 1.400291681 -1.20334876 0.270772725 1 1 1
v 1.400250196 -1.11079359 0.254835873 1 1 1
v 1.400192022 -1.0140065 0.243228942 1 1 1
v 1.303619504 -0.91741443 0.227142721 1 1 1
v 1.400200843 -0.91741818 0.233769223 1 1 1
v 1.204558491 -0.81818813 0.212986394 1 1 1
v 1.106943607 -0.82874119 0.209066003 1 1 1
v 1.303617119 -0.82082587 0.219507306 1 1 1
v 1.012561202 -0.8364284 0.206947043 1 1 1
v 0.917279243 -0.84220386 0.207376167 1 1 1
v 0.917318046 -0.78415948 0.199864208 1 1 1
v 1.011691212 -0.77780992 0.201154351 1 1 1
v 1.104451060 -0.75902927 0.203426718 1 1 1
v 1.200919032 -0.72278273 0.206600248 1 1 1
v 1.302424073 -0.72318929 0.213873028 1 1 1
v 1.400161385 -0.82079935 0.227044522 1 1 1
v 1.400150775 -0.72421944 0.221665456 1 1 1
v 1.496752977 -0.91739458 0.242055073 1 1 1
v 1.496798515 -1.01403904 0.250585466 1 1 1
v 1.496720194 -0.82079029 0.235450521 1 1 1
v 1.496855258 -1.11078262 0.262382239 1 1 1
v 1.495682478 -1.20104122 0.277443975 1 1 1
v 1.494733810 -1.26536727 0.293846666 1 1 1
v 1.495876669 -1.32369733 0.310649484 1 1 1
v 1.498125076 -1.40143824 0.341389209 1 1 1
v 1.498855590 -1.46485102 0.383131593 1 1 1
v 1.502062678 -1.51288795 0.444987446 1 1 1
v 1.594993233 -1.39229047 0.353358984 1 1 1
v 1.598222255 -1.45559907 0.401762932 1 1 1
v 1.590371608 -1.48214138 0.453380525 1 1 1
v 1.591037631 -1.31636536 0.321417301 1 1 1
v 1.588614583 -1.24945617 0.301681727 1 1 1
v 1.590173602 -1.19103169 0.284861415 1 1 1
v 1.592211723 -1.11122513 0.271619945 1 1 1
v 1.593406915 -1.01406205 0.259704142 1 1 1
v 1.593322753 -0.91739315 0.251468449 1 1 1
v 1.593302488 -0.82079816 0.244763538 1 1 1
v 1.496722698 -0.72422266 0.230011016 1 1 1
v 1.593297362 -0.72422773 0.239388898 1 1 1
v 1.400157809 -0.627653 0.217624783 1 1 1
v 1.307995200 -0.62765205 0.210382267 1 1 1
v 1.496726274 -0.62765598 0.225997179 1 1 1
v 1.231978774 -0.62661666 0.204717055 1 1 1
v 1.311237216 -0.53108042 0.208452090 1 1 1
v 1.244010448 -0.53108019 0.203529134 1 1 1
v 1.400165915 -0.53108412 0.215240523 1 1 1
v 1.496724009 -0.53108531 0.223534539 1 1 1
v 1.593280077 -0.62765354 0.235456362 1 1 1
v 1.593280792 -0.53108501 0.232765436 1 1 1
v 1.689868331 -0.72422969 0.250071287 1 1 1
v 1.689908862 -0.82081711 0.255313724 1 1 1
v 1.689845562 -0.62765378 0.246005028 1 1 1
v 1.689921617 -0.91740191 0.262285262 1 1 1
v 1.690023541 -1.01408207 0.270777791 1 1 1
v 1.688639640 -1.10283458 0.281640887 1 1 1
v 1.686511039 -1.17336512 0.293273478 1 1 1
v 1.686593174 -1.23101699 0.308539867 1 1 1
v 1.689404964 -1.30415404 0.331758499 1 1 1
v 1.692305445 -1.38695824 0.372978806 1 1 1
v 1.786029577 -1.29890072 0.345426440 1 1 1
v 1.788120031 -1.36943078 0.382602810 1 1 1
v 1.783455491 -1.21705878 0.318454235 1 1 1
v 1.779980301 -1.14551461 0.301757127 1 1 1
v 1.773667216 -1.08773267 0.291411608 1 1 1
v 1.779446363 -1.01250517 0.282868832 1 1 1
v 1.787452340 -0.91755193 0.275098264 1 1 1
v 1.786532759 -0.82084119 0.267574906 1 1 1
v 1.786467075 -0.72424078 0.262168318 1 1 1
v 1.786433458 -0.6276598 0.257928460 1 1 1
v 1.689850211 -0.5310865 0.243086576 1 1 1
v 1.786439538 -0.53109068 0.254804551 1 1 1
v 1.593286156 -0.43451527 0.231602594 1 1 1
v 1.496728658 -0.43451357 0.222642093 1 1 1
v 1.689860820 -0.43451735 0.241651788 1 1 1
v 1.400169253 -0.43451124 0.214647740 1 1 1
v 1.311214208 -0.43450931 0.208133578 1 1 1
v 1.883059263 -0.5310989 0.268335402 1 1 1
v 1.884991645 -0.62953359 0.271983712 1 1 1
v 1.881461143 -0.72426093 0.275870561 1 1 1
v 1.878872752 -0.82097489 0.281365275 1 1 1
v 1.868604183 -0.91775161 0.287661165 1 1 1
v 1.853673696 -1.00507545 0.294154554 1 1 1
v 1.836542010 -1.07124114 0.299687117 1 1 1
v 1.875982999 -1.10812128 0.313493192 1 1 1
v 1.882077455 -1.20706892 0.336727201 1 1 1
v 1.980617404 -1.11055887 0.340088903 1 1 1
v 1.984297394 -1.19170928 0.362932592 1 1 1
v 1.908773183 -1.0127852 0.305575758 1 1 1
v 1.983458399 -1.01464856 0.322795987 1 1 1
v 1.930173873 -0.91790342 0.298599869 1 1 1
v 1.948415756 -0.82105422 0.293438702 1 1 1
v 1.963492631 -0.7261197 0.289832592 1 1 1
v 1.970954060 -0.63263386 0.286354363 1 1 1
v 1.97463727 -0.53296167 0.283377409 1 1 1
v 2.005571126 -0.82103467 0.305007040 1 1 1
v 1.993315339 -0.91796982 0.311822444 1 1 1
v 2.073403596 -1.0145427 0.349336206 1 1 1
v 2.070600986 -1.09494948 0.367551296 1 1 1
v 2.083672523 -1.16338193 0.397671580 1 1 1
v 1.988417148 -1.26491034 0.394598335 1 1 1
v 1.885605454 -1.28830743 0.364201426 1 1 1
v 1.887230992 -1.34989691 0.398736506 1 1 1
v 1.243931412 -0.43450478 0.203352361 1 1 1
v 1.186073541 -0.53107941 0.199660241 1 1 1
v 1.185992956 -0.43450421 0.199633687 1 1 1
v 1.176463365 -0.61947674 0.200857967 1 1 1
v 1.103917002 -0.62663227 0.196285009 1 1 1
v 1.108473539 -0.53108108 0.194550171 1 1 1
v 1.108447194 -0.43449903 0.194738239 1 1 1
v 1.013923883 -0.53108484 0.188780561 1 1 1
v 1.013922810 -0.43449253 0.189194411 1 1 1
v 1.013929724 -0.62768358 0.191201090 1 1 1
v 1.098564863 -0.70317674 0.199374645 1 1 1
v 1.012585401 -0.71561348 0.196235507 1 1 1
v 1.162704229 -0.68726361 0.202652588 1 1 1
v 0.917345821 -0.71802455 0.192802622 1 1 1
v 0.917371630 -0.62771136 0.186251580 1 1 1
v 0.917378902 -0.53109121 0.183010250 1 1 1
v 0.917371273 -0.4344807 0.183704555 1 1 1
v 0.820839941 -0.53110373 0.177390113 1 1 1
v 0.820833921 -0.43445471 0.178172767 1 1 1
v 0.820821404 -0.62778115 0.181740045 1 1 1
v 0.820770859 -0.7175523 0.190549820 1 1 1
v 0.820726156 -0.78277576 0.199760213 1 1 1
v 0.820642650 -0.84087914 0.209626629 1 1 1
v 0.724311173 -0.53114855 0.171740934 1 1 1
v 0.724308788 -0.43439835 0.172569528 1 1 1
v 0.724243521 -0.33924925 0.180578097 1 1 1
v 0.627789914 -0.43430284 0.166928559 1 1 1
v 0.627698719 -0.34161335 0.177262887 1 1 1
v 0.627782225 -0.53122967 0.166282311 1 1 1
v 0.434290379 -0.2791549 0.197263971 1 1 1
v 0.820824623 -0.53098571 0.802644550 1 1 1
v 0.820794463 -0.43439588 0.799035728 1 1 1
v 0.820766329 -0.34329933 0.792522132 1 1 1
v 0.820726752 -0.275626 0.786236584 1 1 1
v 0.820673942 -0.21756817 0.779641866 1 1 1
v 0.917790710 -0.2208892 0.780186533 1 1 1
v 0.820441007 -0.14005034 0.76826334 1 1 1
v 0.917249262 -0.14084405 0.771733582 1 1 1
v 1.014354229 -0.14547558 0.772135078 1 1 1
v 0.917048156 -0.04763177 0.758382618 1 1 1
v 1.01382792 -0.04795314 0.761436164 1 1 1
v 0.915704190 0.050972465 0.739018440 1 1 1
v 1.013637661 0.049023233 0.746871173 1 1 1
v 1.110450506 -0.04804605 0.761391401 1 1 1
v 1.110455274 -0.14474727 0.769627869 1 1 1
v 1.110413789 0.048609774 0.748872160 1 1 1
v 1.207034707 -0.14475197 0.766359627 1 1 1
v 1.207021594 -0.04817057 0.758241534 1 1 1
v 1.207024812 0.048579935 0.748507261 1 1 1
v 1.108385801 0.147751554 0.732149422 1 1 1
v 1.012496590 0.144750371 0.726417005 1 1 1
v 1.206966280 0.145346358 0.733882486 1 1 1
v 0.913943290 0.133658573 0.715844094 1 1 1
v 0.910302400 0.201915144 0.687726974 1 1 1
v 0.817535758 0.171258196 0.663277626 1 1 1
v 1.009813904 0.221384778 0.702965617 1 1 1
v 1.105295658 0.233056798 0.710431218 1 1 1
v 1.205008029 0.238619014 0.714579284 1 1 1
v 1.303604722 0.145276814 0.732658028 1 1 1
v 1.303584337 0.048435270 0.744633257 1 1 1
v 1.303546071 0.237778261 0.715486109 1 1 1
v 1.303613781 -0.04814665 0.754658162 1 1 1
v 1.303583025 -0.14478871 0.761139392 1 1 1
v 1.400166988 -0.14477843 0.755414605 1 1 1
v 1.400172352 -0.24135415 0.760233640 1 1 1
v 1.400152087 -0.04820175 0.748595595 1 1 1
v 1.400199651 0.048477016 0.740328192 1 1 1
v 1.400182128 0.145100101 0.727932632 1 1 1
v 1.400177955 0.237669870 0.712541520 1 1 1
v 1.303481936 0.310957193 0.698214352 1 1 1
v 1.203723311 0.305323571 0.696292042 1 1 1
v 1.400153756 0.311079889 0.696731686 1 1 1
v 1.103088021 0.295046627 0.690531969 1 1 1
v 1.005889058 0.282113999 0.675728023 1 1 1
v 0.901816308 0.267234742 0.641964674 1 1 1
v 0.934279024 0.316721826 0.617901861 1 1 1
v 1.006726503 0.350699871 0.632933974 1 1 1
v 1.103022813 0.353951185 0.663199663 1 1 1
v 1.203468203 0.365161418 0.674331545 1 1 1
v 1.303204774 0.369837701 0.679052949 1 1 1
v 1.400078415 0.369534224 0.679946541 1 1 1
v 1.496751546 0.306173443 0.693492233 1 1 1
v 1.496782779 0.364598989 0.678862333 1 1 1
v 1.496781826 0.236456245 0.707862973 1 1 1
v 1.496779322 0.145093023 0.722246944 1 1 1
v 1.496748328 0.048418145 0.733441472 1 1 1
v 1.496746063 -0.04819072 0.742071211 1 1 1
v 1.496741890 -0.14477789 0.748395323 1 1 1
v 1.593318462 -0.04819364 0.733999729 1 1 1
v 1.593313217 -0.14478105 0.7401492 1 1 1
v 1.593324065 0.048404555 0.725588619 1 1 1
v 1.593364596 0.145072698 0.714722633 1 1 1
v 1.591684699 0.233775794 0.701362013 1 1 1
v 1.584142565 0.298351883 0.690065264 1 1 1
v 1.591784834 0.354789853 0.676250398 1 1 1
v 1.496758699 0.438233256 0.654027640 1 1 1
v 1.399809002 0.439210921 0.654458403 1 1 1
v 1.593510985 0.435588985 0.650865197 1 1 1
v 1.301837563 0.439555913 0.648314893 1 1 1
v 1.198674082 0.446447551 0.627244472 1 1 1
v 1.109864234 0.419182628 0.619859039 1 1 1
v 1.040997862 0.401007026 0.604127883 1 1 1
v 1.232485652 0.493396729 0.599790334 1 1 1
v 1.593603014 0.513077795 0.617458760 1 1 1
v 1.688711762 0.430942744 0.645408809 1 1 1
v 1.688323736 0.330849349 0.673446893 1 1 1
v 1.690377473 0.508166372 0.611416757 1 1 1
v 1.650075316 0.290066063 0.685732483 1 1 1
v 1.668483495 0.231884881 0.695151329 1 1 1
v 1.688842415 0.145572274 0.705757796 1 1 1
v 1.689943313 0.048438672 0.716650724 1 1 1
v 1.767484903 0.146467998 0.696790754 1 1 1
v 1.787336111 0.048484101 0.705471873 1 1 1
v 1.735092401 0.240124523 0.686503589 1 1 1
v 1.785780429 0.337125271 0.660671353 1 1 1
v 1.806231141 0.242518961 0.677369594 1 1 1
v 1.787418365 0.431465953 0.632498860 1 1 1
v 1.788141131 0.499968081 0.602774083 1 1 1
v 1.884827971 0.422641396 0.619097292 1 1 1
v 1.884071469 0.340354859 0.644460141 1 1 1
v 1.884248018 0.242510676 0.666083693 1 1 1
v 1.837140679 0.146633967 0.687980234 1 1 1
v 1.902700781 0.145781368 0.677990436 1 1 1
v 1.863967299 0.047928262 0.695225179 1 1 1
v 1.689903855 -0.04818882 0.724619925 1 1 1
v 1.786506891 -0.04817758 0.713717877 1 1 1
v 1.877754211 -0.04874585 0.701495826 1 1 1
v 1.689896822 -0.14477998 0.730652928 1 1 1
v 1.786495566 -0.14477253 0.719719946 1 1 1
v 1.881109595 -0.14476292 0.707179844 1 1 1
v 1.946412205 -0.04912975 0.690929412 1 1 1
v 1.962155580 -0.14398138 0.694549322 1 1 1
v 1.924440264 0.046972166 0.686209082 1 1 1
v 1.979156971 0.145324870 0.664535224 1 1 1
v 1.991668105 0.047004390 0.674386799 1 1 1
v 1.980360508 0.242268607 0.648010671 1 1 1
v 1.979355812 0.332729548 0.627429962 1 1 1
v 1.972608089 0.408694475 0.603362679 1 1 1
v 2.078349590 0.145945280 0.642483592 1 1 1
v 2.075692415 0.048135846 0.656141102 1 1 1
v 2.004009485 -0.04872261 0.680688738 1 1 1
v 2.080703973 -0.04804464 0.664705634 1 1 1
v 2.018518686 -0.14347102 0.684099793 1 1 1
v 1.969902992 -0.23926365 0.697288394 1 1 1
v 2.027683258 -0.23849279 0.686612427 1 1 1
v 1.884820580 -0.24056348 0.710726797 1 1 1
v 1.786486148 -0.24135496 0.723858594 1 1 1
v 1.689900517 -0.24135868 0.734914779 1 1 1
v 1.593308091 -0.2413653 0.744359791 1 1 1
v 1.496731758 -0.24135979 0.752759695 1 1 1
v 1.593309879 -0.33793944 0.746984064 1 1 1
v 1.689889192 -0.33793744 0.737285494 1 1 1
v 1.786459565 -0.33793852 0.726086080 1 1 1
v 1.883068561 -0.33793586 0.713180482 1 1 1
v 2.082622289 -0.14393434 0.670781791 1 1 1
v 2.171503782 -0.04787453 0.640432357 1 1 1
v 2.175474882 -0.14431542 0.647296547 1 1 1
v 2.169585466 0.049202077 0.630005180 1 1 1
v 2.160110235 0.146498188 0.617246449 1 1 1
v -0.11142246 -0.37697345 0.784958541 1 1 1
v -0.13081622 -0.43818256 0.816309094 1 1 1
v -0.19107994 -0.4283483 0.785077691 1 1 1
v -0.2671549 -0.53172964 0.774225473 1 1 1
v -0.21085559 -0.52606148 0.803280234 1 1 1
v -0.14605953 -0.53193647 0.831816256 1 1 1
v -0.14583158 -0.6193732 0.818348825 1 1 1
v -0.21063928 -0.6043461 0.800165355 1 1 1
v -0.3450495 -0.53410578 0.727927088 1 1 1
v -0.43446326 -0.53431028 0.715693354 1 1 1
v -0.43116978 -0.63802451 0.709175288 1 1 1
v -0.39320651 -0.67712557 0.680650770 1 1 1
v -0.45969298 -0.7178576 0.702777922 1 1 1
v -0.4133122 -0.72519219 0.663567841 1 1 1
v -0.5225926 -0.63045198 0.750956654 1 1 1
v -0.5319705 -0.72257489 0.740860998 1 1 1
v -0.52474809 -0.53117234 0.749651610 1 1 1
v -0.62621439 -0.73190647 0.769588232 1 1 1
v -0.62177795 -0.81255668 0.739212632 1 1 1
v -0.53435069 -0.79667979 0.703810870 1 1 1
v -0.47760865 -0.77350974 0.682865738 1 1 1
v -0.44481844 -0.79113978 0.630724072 1 1 1
v -0.52621657 -0.84780604 0.642939865 1 1 1
v -0.49141011 -0.86498851 0.589452922 1 1 1
v -0.43284726 -0.8441211 0.562970876 1 1 1
v -0.62209749 -0.87372416 0.688772738 1 1 1
v -0.71703875 -0.83949119 0.767607033 1 1 1
v -0.71846628 -0.89969689 0.723444521 1 1 1
v -0.71926934 -0.77091116 0.791947782 1 1 1
v -0.66704911 -0.69523543 0.786971628 1 1 1
v -0.72737366 -0.71087831 0.802168309 1 1 1
v -0.81885421 -0.78653276 0.790710389 1 1 1
v -0.81800979 -0.84845787 0.775069654 1 1 1
v -0.81953824 -0.71966153 0.799091398 1 1 1
v -0.81624097 -0.91742903 0.739352226 1 1 1
v -0.8172878 -0.97050256 0.688545823 1 1 1
v -0.7253533 -0.9446519 0.669834196 1 1 1
v -0.63912338 -0.91885912 0.637031018 1 1 1
v -0.55784529 -0.91567057 0.607225835 1 1 1
v -0.49453047 -0.92843157 0.573667168 1 1 1
v -0.42245781 -0.92840791 0.532897055 1 1 1
v -0.45273542 -0.99085468 0.516290962 1 1 1
v -0.4428905 -1.00605071 0.443527668 1 1 1
v -0.39327765 -0.96584719 0.440644353 1 1 1
v -0.49590495 -1.02702403 0.551986694 1 1 1
v -0.55950999 -1.00934935 0.605646729 1 1 1
v -0.63149178 -1.01251841 0.635756433 1 1 1
v -0.72322428 -1.0196203 0.651964366 1 1 1
v -0.82106125 -1.02434361 0.651175200 1 1 1
v -0.91722381 -0.98861986 0.708721578 1 1 1
v -0.92176527 -1.03483129 0.659647703 1 1 1
v -0.91498482 -0.92427593 0.753147125 1 1 1
v -1.01470292 -0.92484367 0.762120008 1 1 1
v -1.01709855 -1.00354481 0.724503636 1 1 1
v -1.02140665 -1.05396223 0.683274328 1 1 1
v -1.01888573 -1.11427855 0.640335917 1 1 1
v -0.92095393 -1.10841966 0.656069099 1 1 1
v -0.81802517 -1.11264265 0.662151694 1 1 1
v -0.72005534 -1.11339092 0.652168273 1 1 1
v -0.62746274 -1.10781085 0.615428865 1 1 1
v -0.57116437 -1.07562947 0.595842361 1 1 1
v -0.5440377 -1.09308302 0.539129912 1 1 1
v -0.54346824 -1.09851062 0.448892295 1 1 1
v -0.49131456 -1.0515306 0.443617343 1 1 1
v -0.5894255 -1.14755571 0.539552509 1 1 1
v -0.59631377 -1.14268148 0.445222288 1 1 1
v -0.65817916 -1.17504239 0.598839461 1 1 1
v -0.6425578 -1.19248867 0.535674631 1 1 1
v -0.72612697 -1.20721006 0.621181786 1 1 1
v -0.81716985 -1.20748127 0.654742240 1 1 1
v -0.91431004 -1.21197343 0.664526224 1 1 1
v -1.01683724 -1.20237494 0.659249305 1 1 1
v -1.11515558 -1.11745238 0.653028965 1 1 1
v -1.1105026 -1.20785046 0.645902276 1 1 1
v -1.11302662 -1.0713768 0.695921897 1 1 1
v -1.11133063 -1.01066601 0.734039783 1 1 1
v -1.10896277 -0.91845018 0.767518818 1 1 1
v -1.20708501 -0.91874707 0.763935267 1 1 1
v -1.20649874 -1.01379895 0.744690895 1 1 1
v -1.20622933 -1.08575487 0.707500159 1 1 1
v -1.20703506 -1.13823926 0.664626896 1 1 1
v -1.20656741 -1.20833087 0.626679837 1 1 1
v -1.20719767 -1.30519438 0.643507778 1 1 1
v -1.1108278 -1.30757678 0.655110359 1 1 1
v -1.01089704 -1.30665302 0.656683087 1 1 1
v -0.90618116 -1.3143872 0.633119881 1 1 1
v -0.82312632 -1.2858218 0.614122867 1 1 1
v -0.76128703 -1.26102531 0.594887197 1 1 1
v -0.75387126 -1.28021026 0.537338793 1 1 1
v -0.69922537 -1.23921585 0.536793172 1 1 1
v -0.71896875 -1.23795164 0.436458557 1 1 1
v -0.65083557 -1.18898153 0.448452979 1 1 1
v -0.75527841 -1.2784518 0.467662930 1 1 1
v -0.80855513 -1.31984961 0.537105083 1 1 1
v -0.82417947 -1.32188201 0.449209839 1 1 1
v -0.86951071 -1.35542369 0.550480365 1 1 1
v -0.9406507 -1.36642194 0.601865053 1 1 1
v -0.92465109 -1.39224064 0.536778032 1 1 1
v -1.01562607 -1.38688159 0.616431176 1 1 1
v -1.10623312 -1.40892673 0.623655259 1 1 1
v -1.20756161 -1.39858174 0.635019242 1 1 1
v -1.30453157 -1.30139577 0.627916514 1 1 1
v -1.30519593 -1.3964783 0.624595582 1 1 1
v -1.30542529 -1.2023114 0.623148202 1 1 1
v -1.30383515 -1.14742327 0.675113201 1 1 1
v -1.30295897 -1.09571099 0.716940224 1 1 1
v -1.30353987 -1.01510382 0.745417296 1 1 1
v -1.30365586 -0.91811198 0.757600665 1 1 1
v -1.40035868 -1.01445353 0.739765465 1 1 1
v -1.40002728 -1.09861183 0.716200947 1 1 1
v -1.40027046 -0.91753548 0.750254094 1 1 1
v -1.39987302 -1.15521562 0.683269918 1 1 1
v -1.40112996 -1.21037519 0.639701783 1 1 1
v -1.40058482 -1.30369341 0.613958299 1 1 1
v -1.40324211 -1.38681853 0.611737728 1 1 1
v -1.40449762 -1.44831431 0.591953694 1 1 1
v -1.30528998 -1.46502197 0.603453517 1 1 1
v -1.21281087 -1.46156013 0.601760864 1 1 1
v -1.14182734 -1.45282662 0.593934476 1 1 1
v -1.12377286 -1.48100078 0.536804914 1 1 1
v -1.06579053 -1.45396149 0.550369083 1 1 1
v -0.99666363 -1.42845309 0.540959537 1 1 1
v -1.01499367 -1.43182993 0.444061338 1 1 1
v -0.91958284 -1.38776886 0.461037725 1 1 1
v -0.86201757 -1.35529697 0.475962311 1 1 1
v -0.91339654 -1.34939408 0.400869578 1 1 1
v -1.01246786 -1.377913 0.375808179 1 1 1
v -1.11225498 -1.44684672 0.404498159 1 1 1
v -1.11183178 -1.39403641 0.355610311 1 1 1
v -1.05733025 -1.45934629 0.476505935 1 1 1
v -1.11657715 -1.47796214 0.459981024 1 1 1
v -1.20311713 -1.50159454 0.538976967 1 1 1
v -1.20402169 -1.4989785 0.448400229 1 1 1
v -1.30390465 -1.51506639 0.545728027 1 1 1
v -1.40757453 -1.5124054 0.546706676 1 1 1
v -1.4992522 -1.42800617 0.581263423 1 1 1
v -1.50371671 -1.49214292 0.535149514 1 1 1
v -1.49489141 -1.37026072 0.596622109 1 1 1
v -1.49454272 -1.29520011 0.599964082 1 1 1
v -1.49657345 -1.21830952 0.651749312 1 1 1
v -1.4966588 -1.15749121 0.685001254 1 1 1
v -1.49685657 -1.09970117 0.712438702 1 1 1
v -1.59336889 -1.15627575 0.684638559 1 1 1
v -1.59180582 -1.21984386 0.659689128 1 1 1
v -1.59356451 -1.0988133 0.707191765 1 1 1
v -1.58989489 -1.29185116 0.606210053 1 1 1
v -1.58957517 -1.34867418 0.580839395 1 1 1
v -1.59050798 -1.40602207 0.560689985 1 1 1
v -1.58884728 -1.4653635 0.517361521 1 1 1
v -1.59210074 -1.48527539 0.453452885 1 1 1
v -1.50252986 -1.51313269 0.444588929 1 1 1
v -1.40319979 -1.52318001 0.447223216 1 1 1
v -1.30196512 -1.51603067 0.445924848 1 1 1
v -1.30274701 -1.46697581 0.378325998 1 1 1
v -1.20732009 -1.45865452 0.386382848 1 1 1
v -1.20714223 -1.40313101 0.342998862 1 1 1
v -1.11088395 -1.32722592 0.316423505 1 1 1
v -1.20640564 -1.33556736 0.308511585 1 1 1
v -1.01292264 -1.31428254 0.329615026 1 1 1
v -1.30312443 -1.40436471 0.335072070 1 1 1
v -1.30346441 -1.33828688 0.305148452 1 1 1
v -1.40042293 -1.46919954 0.376646101 1 1 1
v -1.4003396 -1.40389717 0.334134161 1 1 1
v -1.49927819 -1.46533549 0.382503926 1 1 1
v -1.59929061 -1.45669842 0.400559663 1 1 1
v -1.64964521 -1.46270657 0.466108441 1 1 1
v -1.69137669 -1.44311607 0.440985530 1 1 1
v -1.64705682 -1.44325113 0.507930219 1 1 1
v -1.68546104 -1.40498137 0.532809138 1 1 1
v -1.69208145 -1.34916341 0.581489145 1 1 1
v -1.69305265 -1.29833376 0.621416628 1 1 1
v -1.69133222 -1.21816611 0.660019815 1 1 1
v -1.69000721 -1.15050983 0.683636486 1 1 1
v -1.78689826 -1.21492887 0.659062326 1 1 1
v -1.787202 -1.30248725 0.628629505 1 1 1
v -1.78532135 -1.13616836 0.681582570 1 1 1
v -1.78131437 -1.35659528 0.594996273 1 1 1
v -1.78659785 -1.40389907 0.537596225 1 1 1
v -1.79184389 -1.42070901 0.448356002 1 1 1
v -1.78789175 -1.36923099 0.383135706 1 1 1
v -1.69255996 -1.38679087 0.373067915 1 1 1
v -1.59549904 -1.39245617 0.352896064 1 1 1
v -1.49831879 -1.40186894 0.341038703 1 1 1
v -1.40030372 -1.33503389 0.305743634 1 1 1
v -1.49595892 -1.32432032 0.310377568 1 1 1
v -1.40026271 -1.27611256 0.287942707 1 1 1
v -1.30355656 -1.27942967 0.285637080 1 1 1
v -1.20681643 -1.27611434 0.286592572 1 1 1
v -1.4948777 -1.26596308 0.293237328 1 1 1
v -1.59133637 -1.31652486 0.321520030 1 1 1
v -1.58879876 -1.24956679 0.302033901 1 1 1
v -1.68949127 -1.30419779 0.331801444 1 1 1
v -1.78609049 -1.29892361 0.345212519 1 1 1
v -1.88726008 -1.34990144 0.398593306 1 1 1
v -1.88573635 -1.28847015 0.364247262 1 1 1
v -1.8829217 -1.39685619 0.452801048 1 1 1
v -1.86907244 -1.39086759 0.540444374 1 1 1
v -1.84689403 -1.35446167 0.590995490 1 1 1
v -1.88313353 -1.31063592 0.615248620 1 1 1
v -1.88375127 -1.21154094 0.650685548 1 1 1
v -1.8787514 -1.10652792 0.674087047 1 1 1
v -1.77787328 -1.08020389 0.694496393 1 1 1
v -1.8392396 -1.0670625 0.686855375 1 1 1
v -1.69021249 -1.09273469 0.701842844 1 1 1
v -1.98188198 -1.11189961 0.648296833 1 1 1
v -1.98587751 -1.21319938 0.620032370 1 1 1
v -1.90932965 -1.01271296 0.680646240 1 1 1
v -1.98357666 -1.01449728 0.664560914 1 1 1
v -1.85446942 -1.00521708 0.691366851 1 1 1
v -1.95588696 -1.28286755 0.602865696 1 1 1
v -1.93580925 -1.36237192 0.555534303 1 1 1
v -1.99532831 -1.32302988 0.550619006 1 1 1
v -1.95171154 -1.37508523 0.4699561 1 1 1
v -1.98840976 -1.33043194 0.443939507 1 1 1
v -1.98839056 -1.26488936 0.394515574 1 1 1
v -1.88216734 -1.20717943 0.336476028 1 1 1
v -1.98437405 -1.191782 0.362906366 1 1 1
v -1.78352928 -1.21727157 0.318265020 1 1 1
v -1.68673432 -1.23116076 0.308394163 1 1 1
v -1.9807142 -1.11063695 0.339930862 1 1 1
v -2.08377171 -1.16349542 0.397605091 1 1 1
v -2.07067132 -1.09501362 0.367372304 1 1 1
v -2.08747458 -1.23265648 0.442745804 1 1 1
v -2.05661297 -1.28403616 0.468045324 1 1 1
v -2.04325247 -1.27065814 0.558700203 1 1 1
v -2.05359888 -1.18444121 0.600957155 1 1 1
v -2.09454441 -1.2236768 0.549689829 1 1 1
v -2.07854223 -1.11325037 0.613942325 1 1 1
v -2.07469153 -1.01512623 0.638707816 1 1 1
v -1.99243474 -0.91758054 0.674036085 1 1 1
v -2.0779686 -0.91886115 0.652556955 1 1 1
v -1.92956436 -0.91743523 0.686495304 1 1 1
v -1.86872959 -0.91741276 0.696928858 1 1 1
v -1.94609034 -0.82083541 0.691029548 1 1 1
v -2.00318861 -0.82087368 0.679955840 1 1 1
v -1.87825251 -0.82082123 0.702189564 1 1 1
v -2.08091402 -0.82111049 0.662471294 1 1 1
v -2.16298294 -0.92047042 0.623172462 1 1 1
v -2.15212297 -1.01030254 0.608607828 1 1 1
v -2.17050529 -0.82227457 0.635184586 1 1 1
v -2.13929367 -1.08082187 0.594542741 1 1 1
v -2.13494992 -1.16577661 0.554008424 1 1 1
v -2.18817067 -1.10006511 0.542263805 1 1 1
v -2.14712882 -1.17772591 0.471005886 1 1 1
v -2.17482877 -1.11137152 0.441233605 1 1 1
v -2.1362648 -1.07796967 0.393657803 1 1 1
v -2.14964199 -1.00872481 0.379306763 1 1 1
v -2.16155219 -0.91916227 0.364040970 1 1 1
v -2.20285511 -1.01750517 0.415427833 1 1 1
v -2.22633457 -0.9195435 0.397675782 1 1 1
v -2.22029328 -1.06682873 0.471638530 1 1 1
v -2.24658275 -1.01033711 0.462147206 1 1 1
v -2.22146344 -1.06784987 0.514574110 1 1 1
v -2.20577097 -1.01925278 0.571858108 1 1 1
v -2.24833465 -1.01113486 0.524381935 1 1 1
v -2.22861791 -0.9214232 0.589435219 1 1 1
v -2.24120212 -0.82355797 0.604349196 1 1 1
v -2.17180681 -0.72464025 0.644814670 1 1 1
v -2.25353885 -0.72499341 0.613310754 1 1 1
v -2.08192515 -0.72369272 0.669220507 1 1 1
v -2.01662135 -0.72313666 0.683370292 1 1 1
v -2.0851953 -0.62593108 0.673484087 1 1 1
v -2.17400765 -0.6273098 0.650785625 1 1 1
v -2.02568626 -0.6252057 0.685986280 1 1 1
v -2.26066613 -0.62815148 0.619620680 1 1 1
v -2.30967116 -0.72643799 0.580498755 1 1 1
v -2.29674268 -0.82378811 0.566738724 1 1 1
v -2.31838346 -0.62863773 0.589194238 1 1 1
v -2.28739834 -0.91800696 0.533682942 1 1 1
v -2.2857399 -0.91693038 0.452774912 1 1 1
v -2.16983175 -0.82179856 0.351135730 1 1 1
v -2.2396841 -0.8226943 0.382410317 1 1 1
v -2.2949326 -0.82313943 0.420093208 1 1 1
v -2.16974902 -0.72278756 0.339558720 1 1 1
v -2.25267029 -0.72485012 0.372827291 1 1 1
v -2.30837107 -0.72607261 0.406127333 1 1 1
v -2.31485891 -0.87145877 0.473416596 1 1 1
v -2.33196163 -0.81500417 0.466966897 1 1 1
v -2.35300398 -0.72839534 0.454628527 1 1 1
v -2.31575394 -0.87218553 0.512423098 1 1 1
v -2.3330555 -0.81521887 0.519222736 1 1 1
v -2.35393786 -0.72864181 0.531831383 1 1 1
v -2.37050009 -0.63233483 0.540858626 1 1 1
v -2.32550788 -0.53169787 0.593603909 1 1 1
v -2.38330984 -0.5346182 0.544771373 1 1 1
v -2.26415086 -0.5313434 0.623739540 1 1 1
v -2.17476511 -0.53121048 0.654251337 1 1 1
v -2.08802867 -0.53044653 0.675924241 1 1 1
v -2.03129673 -0.52997184 0.687643289 1 1 1
v -1.96846914 -0.62588316 0.69663167 1 1 1
v -1.96032965 -0.72357762 0.694076418 1 1 1
v -1.97241533 -0.53042382 0.698484361 1 1 1
v -2.0335381 -0.43451485 0.688428521 1 1 1
v -2.09169197 -0.43451479 0.676418900 1 1 1
v -1.97159564 -0.43451598 0.699758529 1 1 1
v -2.1752193 -0.43454158 0.655712068 1 1 1
v -2.2630403 -0.43458325 0.626672625 1 1 1
v -2.38306308 -0.53446341 0.441404432 1 1 1
v -2.36974859 -0.63199735 0.445403158 1 1 1
v -2.31797147 -0.62806827 0.396841645 1 1 1
v -2.32562995 -0.53145087 0.391794085 1 1 1
v -2.26299572 -0.33789414 0.626318633 1 1 1
v -2.17497897 -0.33789217 0.655266165 1 1 1
v -2.08895946 -0.33712047 0.676528871 1 1 1
v -1.88448453 -0.62700069 0.710081219 1 1 1
v -1.78645301 -0.62765896 0.723535120 1 1 1
v -1.88042486 -0.72424728 0.707093894 1 1 1
v -1.78647375 -0.72423315 0.720180690 1 1 1
v -1.68987465 -0.62765574 0.735173106 1 1 1
v -1.6898638 -0.7242192 0.731810390 1 1 1
v -1.78646636 -0.82080191 0.715402126 1 1 1
v -1.68985856 -0.82078516 0.727335572 1 1 1
v -1.78744256 -0.91741496 0.709115684 1 1 1
v -1.68991041 -0.91739857 0.721589505 1 1 1
v -1.59327555 -0.82077783 0.737841367 1 1 1
v -1.59336054 -0.9174245 0.732309222 1 1 1
v -1.59327686 -0.72421128 0.742160379 1 1 1
v -1.4967066 -0.72420919 0.751616120 1 1 1
v -1.49671245 -0.8207804 0.747368991 1 1 1
v -1.49681926 -0.91747463 0.741865515 1 1 1
v -1.69017851 -1.01277292 0.714333236 1 1 1
v -1.59360468 -1.01406407 0.724397122 1 1 1
v -1.49702418 -1.01423335 0.732274353 1 1 1
v -1.78113723 -1.0087291 0.702603638 1 1 1
v -1.11042631 -1.20243967 0.270000606 1 1 1
v -1.11051416 -1.26761079 0.291057020 1 1 1
v -1.11028552 -1.11122072 0.247930660 1 1 1
v -1.01412153 -1.19416881 0.276844412 1 1 1
v -1.01407015 -1.25445068 0.299315661 1 1 1
v -1.01376808 -1.11246777 0.253479182 1 1 1
v -0.91728961 -1.10695696 0.262385189 1 1 1
v -0.9178564 -1.17926371 0.287248224 1 1 1
v -0.91501039 -1.23995793 0.316017240 1 1 1
v -0.91190225 -1.29581046 0.351067841 1 1 1
v -0.81474525 -1.21399164 0.337213337 1 1 1
v -0.81133199 -1.27129173 0.387186974 1 1 1
v -0.81884742 -1.15643513 0.303406864 1 1 1
v -0.81979674 -1.09339738 0.275890409 1 1 1
v -0.71951395 -1.07167912 0.295463353 1 1 1
v -0.72072095 -1.1294713 0.327067256 1 1 1
v -0.72587979 -1.18663263 0.366415739 1 1 1
v -0.66588229 -1.16361141 0.390710413 1 1 1
v -0.63187575 -1.11077821 0.365776538 1 1 1
v -0.62585098 -1.04506171 0.319911390 1 1 1
v -0.6276806 -0.98580325 0.285955727 1 1 1
v -0.62936962 -0.91203594 0.252238541 1 1 1
v -0.53298151 -0.89793313 0.274517476 1 1 1
v -0.53345507 -0.96019673 0.311014235 1 1 1
v -0.53431505 -1.0234946 0.357992291 1 1 1
v -0.56697345 -1.07500756 0.382670342 1 1 1
v -0.42880714 -0.9368875 0.351504147 1 1 1
v -0.46349895 -0.98394501 0.374300390 1 1 1
v -0.5323807 -0.82733572 0.239660307 1 1 1
v -0.63105404 -0.83051229 0.222772717 1 1 1
v -0.63316429 -0.7683391 0.204448297 1 1 1
v -0.63171375 -0.71092385 0.190509840 1 1 1
v -0.81971365 -0.33593929 0.184082999 1 1 1
v -0.91735917 -0.33786181 0.188125371 1 1 1
v -0.91628301 -0.24681316 0.195459604 1 1 1
v -0.91555208 -0.19110654 0.201775744 1 1 1
v -1.01396811 -0.33654377 0.192641779 1 1 1
v -1.01403141 -0.25447437 0.197798624 1 1 1
v -1.01406145 -0.19722329 0.202668160 1 1 1
v -1.10932088 -0.2134122 0.204411566 1 1 1
v -1.01399469 -0.1358891 0.20906654 1 1 1
v -1.1105063 -0.14128953 0.210055708 1 1 1
v -0.91618609 -0.13615233 0.209416002 1 1 1
v -0.91693246 -0.04641015 0.224932074 1 1 1
v -1.01381195 -0.04938251 0.220472097 1 1 1
v -1.11042464 -0.04802782 0.220541462 1 1 1
v -1.20581889 -0.14594075 0.213156148 1 1 1
v -1.2070297 -0.04808351 0.222025036 1 1 1
v -1.30360174 -0.04814428 0.225909605 1 1 1
v -1.20699215 0.048576578 0.234796717 1 1 1
v -1.30360675 0.048559449 0.236469954 1 1 1
v -1.11031127 0.048892248 0.234438642 1 1 1
v -1.01347947 0.049339152 0.238474816 1 1 1
v -0.91638607 0.051327481 0.249035954 1 1 1
v -0.91698909 0.127815082 0.274655431 1 1 1
v -1.01400805 0.141086176 0.262111634 1 1 1
v -1.11078537 0.146902442 0.254342228 1 1 1
v -1.20689309 0.145510643 0.251456558 1 1 1
v -1.30356514 0.145310282 0.251568615 1 1 1
v -1.40018547 -0.04814304 0.230898246 1 1 1
v -1.40016949 0.048449967 0.241186738 1 1 1
v -1.40018642 0.145252257 0.254018127 1 1 1
v -1.49677587 0.048475418 0.246465191 1 1 1
v -1.49676263 0.145109623 0.259207069 1 1 1
v -1.40014195 0.237669065 0.271090924 1 1 1
v -1.49673975 0.237084522 0.275058060 1 1 1
v -1.30347228 0.236870229 0.270319551 1 1 1
v -1.20747793 0.235991194 0.272833675 1 1 1
v -1.11196887 0.227798372 0.278274446 1 1 1
v -1.01484537 0.213254153 0.287334144 1 1 1
v -0.91481185 0.192183569 0.306060105 1 1 1
v -0.91047567 0.244081199 0.342347323 1 1 1
v -1.01311278 0.273350775 0.316768258 1 1 1
v -1.11225343 0.287342608 0.300933063 1 1 1
v -1.20787704 0.299396336 0.292854309 1 1 1
v -1.30337751 0.306876689 0.289424955 1 1 1
v -1.40006733 0.310300558 0.288553506 1 1 1
v -1.4967171 0.308815896 0.290225446 1 1 1
v -1.5933485 0.145085215 0.265746772 1 1 1
v -1.59390903 0.236722663 0.279978424 1 1 1
v -1.59421992 0.301940441 0.293541073 1 1 1
v -1.5933311 0.048428438 0.254012197 1 1 1
v -1.6913631 0.228320106 0.286783963 1 1 1
v -1.69187403 0.288600266 0.298470944 1 1 1
v -1.5939157 0.359070062 0.307905376 1 1 1
v -1.6914674 0.35092327 0.312815427 1 1 1
v -1.49669397 0.367033928 0.306702733 1 1 1
v -1.39998341 0.368630319 0.306980282 1 1 1
v -1.30312145 0.365704923 0.310641586 1 1 1
v -1.20722759 0.359334141 0.317667901 1 1 1
v -1.11128306 0.347183257 0.330438256 1 1 1
v -1.01061845 0.339918583 0.364757806 1 1 1
v -0.909697 0.295931249 0.391513168 1 1 1
v -0.90706682 0.334755212 0.458027124 1 1 1
v -0.97443986 0.378350794 0.442855000 1 1 1
v -0.85614896 0.298879444 0.476574033 1 1 1
v -1.05016518 0.391012668 0.391327172 1 1 1
v -1.11656177 0.411783158 0.374247372 1 1 1
v -1.03090179 0.422562152 0.448585212 1 1 1
v -1.20673263 0.427560120 0.355497121 1 1 1
v -1.30304205 0.436791837 0.343086123 1 1 1
v -1.39972878 0.438072085 0.334473133 1 1 1
v -1.49658656 0.438812971 0.331503570 1 1 1
v -1.59345686 0.437435537 0.332585156 1 1 1
v -1.69082189 0.432285696 0.336949825 1 1 1
v -1.78844595 0.432974755 0.348245352 1 1 1
v -1.78991842 0.503361403 0.379517048 1 1 1
v -1.69032657 0.510303974 0.371760964 1 1 1
v -1.59324551 0.513667166 0.367606729 1 1 1
v -1.49626172 0.512807548 0.367465496 1 1 1
v -1.39686179 0.510827958 0.374324381 1 1 1
v -1.30271053 0.497937411 0.384145408 1 1 1
v -1.20636261 0.482051312 0.403329104 1 1 1
v -1.11259627 0.464526772 0.442855358 1 1 1
v -1.02470994 0.429572761 0.537219524 1 1 1
v -0.96744454 0.384082317 0.548235833 1 1 1
v -1.09261703 0.464107006 0.542657792 1 1 1
v -1.14942813 0.495746403 0.475400447 1 1 1
v -1.20796013 0.519819498 0.458215534 1 1 1
v -1.15549314 0.494251549 0.554630160 1 1 1
v -1.29620826 0.546759605 0.44538185 1 1 1
v -1.39468074 0.574781596 0.439958155 1 1 1
v -1.49340177 0.571599662 0.412098676 1 1 1
v -1.59322834 0.569677233 0.407027036 1 1 1
v -1.6910274 0.567023217 0.410296559 1 1 1
v -1.78936124 0.559004962 0.419214278 1 1 1
v -1.8871907 0.555405557 0.447826266 1 1 1
v -1.78030884 0.594609797 0.467256933 1 1 1
v -1.84074938 0.580343544 0.471645534 1 1 1
v -1.97954392 0.515784859 0.528080582 1 1 1
v -1.83956289 0.579299807 0.513439297 1 1 1
v -1.69162822 0.606248796 0.461033552 1 1 1
v -1.59322464 0.607997119 0.459207773 1 1 1
v -1.49869072 0.602327048 0.463092088 1 1 1
v -1.42778015 0.594745516 0.470441967 1 1 1
v -1.29430652 0.552233636 0.541448772 1 1 1
v -1.39448571 0.578523516 0.545825839 1 1 1
v -1.4278326 0.595740139 0.516514003 1 1 1
v -1.21285439 0.525974094 0.540149152 1 1 1
v -1.11128509 0.422238379 0.618787586 1 1 1
v -1.19839633 0.446988850 0.628141582 1 1 1
v -1.23213983 0.493389338 0.600316941 1 1 1
v -1.04203939 0.400240033 0.606667697 1 1 1
v -1.30175471 0.439950466 0.649372339 1 1 1
v -1.30642879 0.5043118 0.607946217 1 1 1
v -1.49872839 0.603364825 0.523836553 1 1 1
v -1.49377513 0.572592616 0.573896467 1 1 1
v -1.59343255 0.607793092 0.526419222 1 1 1
v -1.69166076 0.605162680 0.523400664 1 1 1
v -1.78028893 0.593491673 0.517564117 1 1 1
v -0.92027891 0.343834579 0.559087336 1 1 1
v -0.8961845 0.260520696 0.645159125 1 1 1
v -0.86330795 0.297901839 0.561412632 1 1 1
v -0.80848664 0.254753589 0.542771101 1 1 1
v -0.82193148 0.225456655 0.620552718 1 1 1
s 1
f 267 268 269 270
f 271 272 268 267
f 273 267 270 274
f 275 271 267 273
f 277 269 268 276
f 276 268 272 278
f 269 279 280 270
f 269 277 281 279
f 274 270 280 282
f 283 274 282 284
f 285 273 274 283
f 286 275 273 285
f 287 288 271 275
f 289 287 275 286
f 288 290 272 271
f 291 278 272 290
f 278 292 293 276
f 291 294 292 278
f 276 293 295 277
f 277 295 296 281
f 296 297 298 281
f 281 298 299 279
f 300 282 280 279
f 300 279 299 301
f 284 282 300 302
f 303 283 284 304
f 305 304 284 302
f 306 285 283 303
f 307 286 285 306
f 308 289 286 307
f 309 310 287 289
f 311 309 289 308
f 310 312 288 287
f 313 290 288 312
f 314 291 290 313
f 314 315 294 291
f 294 316 317 292
f 315 318 316 294
f 292 317 319 293
f 293 319 320 295
f 295 320 321 296
f 296 321 322 297
f 297 322 323 324
f 298 297 324 325
f 299 298 325 326
f 301 299 326 327
f 328 301 327 329
f 302 300 301 328
f 305 302 328 330
f 331 332 304 305
f 305 330 333 331
f 303 304 332 334
f 334 332 336 335
f 336 332 331 337
f 331 333 338 337
f 333 330 339 340
f 338 333 340 341
f 330 328 329 339
f 329 327 342 343
f 339 329 343 344
f 327 326 345 342
f 326 325 346 345
f 325 324 347 346
f 324 323 348 347
f 323 349 350 348
f 322 351 349 323
f 321 352 351 322
f 351 353 354 349
f 352 355 353 351
f 349 354 356 350
f 350 356 357 358
f 348 350 358 359
f 347 348 359 360
f 346 347 360 361
f 345 346 361 362
f 342 345 362 363
f 343 342 363 364
f 344 343 364 365
f 366 344 365 367
f 340 339 344 366
f 341 340 366 368
f 369 341 368 370
f 371 338 341 369
f 368 366 367 372
f 370 368 372 373
f 367 365 374 375
f 372 367 375 376
f 365 364 377 374
f 364 363 378 377
f 363 362 379 378
f 362 361 380 379
f 361 360 381 380
f 360 359 382 381
f 359 358 383 382
f 358 357 384 383
f 383 384 385 386
f 382 383 386 387
f 381 382 387 388
f 380 381 388 389
f 379 380 389 390
f 378 379 390 391
f 377 378 391 392
f 374 377 392 393
f 375 374 393 394
f 376 375 394 395
f 396 376 395 397
f 373 372 376 396
f 398 373 396 399
f 400 370 373 398
f 399 396 397 401
f 397 395 402 403
f 401 397 403 404
f 395 394 405 402
f 394 393 406 405
f 393 392 407 406
f 392 391 408 407
f 391 390 409 408
f 390 389 410 409
f 389 388 411 410
f 388 387 412 411
f 387 386 413 412
f 385 414 413 386
f 415 412 413 414
f 411 412 415 416
f 410 411 416 417
f 409 410 417 418
f 408 409 418 419
f 407 408 419 420
f 406 407 420 421
f 405 406 421 422
f 402 405 422 423
f 403 402 423 424
f 403 424 425 404
f 404 425 427 426
f 401 404 426 428
f 429 399 401 428
f 428 426 431 430
f 429 428 430 432
f 426 427 433 431
f 434 427 425 435
f 436 433 427 434
f 424 437 435 425
f 423 438 437 424
f 423 422 439 438
f 422 421 440 439
f 421 420 441 440
f 420 419 442 441
f 419 418 443 442
f 418 417 444 443
f 417 416 445 444
f 416 415 446 445
f 445 446 447 448
f 444 445 448 449
f 443 444 449 450
f 442 443 450 451
f 441 442 451 452
f 440 441 452 453
f 454 439 440 453
f 455 438 439 454
f 456 437 438 455
f 457 435 437 456
f 435 457 458 434
f 436 434 458 459
f 460 436 459 461
f 433 436 460 462
f 463 431 433 462
f 464 465 463 462
f 466 462 460 467
f 464 462 466 468
f 467 460 461 469
f 461 459 470 471
f 461 471 472 469
f 459 458 473 470
f 458 457 474 473
f 457 456 475 474
f 456 455 476 475
f 455 454 477 476
f 454 453 478 477
f 453 452 479 478
f 452 451 480 479
f 479 480 481 482
f 478 479 482 483
f 477 478 483 484
f 476 477 484 485
f 475 476 485 486
f 474 475 486 487
f 473 474 487 488
f 470 473 488 489
f 490 471 470 489
f 491 472 471 490
f 493 469 472 492
f 472 491 494 492
f 467 469 493 495
f 466 467 495 496
f 497 495 493 492
f 498 496 495 497
f 497 492 500 499
f 501 492 494 502
f 500 492 501 503
f 494 491 504 502
f 490 505 506 491
f 491 506 507 504
f 489 508 505 490
f 489 488 509 508
f 509 488 487 510
f 510 487 486 511
f 486 485 512 511
f 485 484 513 512
f 484 483 514 513
f 515 513 514 516
f 517 512 513 515
f 518 511 512 517
f 510 511 518 519
f 510 519 520 509
f 509 520 521 508
f 522 508 521 523
f 524 505 508 522
f 507 506 505 524
f 507 524 525 504
f 526 504 525 527
f 502 504 526 528
f 529 501 502 528
f 526 527 530 528
f 531 528 530 532
f 529 528 531 533
f 527 525 534 535
f 527 535 536 530
f 524 522 534 525
f 523 537 538 522
f 534 522 538 539
f 523 521 520 537
f 537 520 519 540
f 540 519 518 541
f 541 518 517 542
f 542 517 515 543
f 543 515 516 544
f 545 543 544 546
f 547 542 543 545
f 548 541 542 547
f 549 540 541 548
f 537 540 549 538
f 538 549 550 539
f 539 550 552 551
f 534 539 551 535
f 536 535 551 553
f 554 536 553 555
f 532 530 536 554
f 532 554 557 556
f 558 531 532 556
f 533 531 558 559
f 560 501 529 533
f 559 561 560 533
f 562 559 558 563
f 561 559 562 564
f 558 556 565 563
f 556 557 566 565
f 554 555 567 557
f 557 567 568 566
f 553 569 570 555
f 555 570 571 567
f 553 551 552 569
f 550 572 573 552
f 569 552 573 574
f 549 548 572 550
f 572 548 547 575
f 573 572 575 576
f 574 573 576 577
f 574 577 579 578
f 569 574 578 570
f 570 578 580 571
f 571 580 582 581
f 567 571 581 568
f 568 581 584 583
f 566 568 583 585
f 565 566 585 586
f 563 565 586 587
f 588 562 563 587
f 589 564 562 588
f 590 591 561 564
f 589 592 590 564
f 593 594 592 589
f 593 589 588 595
f 588 587 596 595
f 597 587 586 598
f 596 587 597 599
f 586 585 600 598
f 585 583 601 600
f 601 583 584 602
f 584 581 582 603
f 602 584 603 604
f 580 605 606 582
f 603 582 606 607
f 578 579 605 580
f 605 579 608 609
f 606 605 609 610
f 607 606 610 611
f 612 607 611 613
f 604 603 607 612
f 614 604 612 615
f 616 602 604 614
f 617 601 602 616
f 618 600 601 617
f 598 600 618 619
f 597 598 619 599
f 620 621 596 599
f 599 619 622 620
f 595 596 621 623
f 624 593 595 623
f 623 621 626 625
f 624 623 625 627
f 628 626 621 620
f 628 620 622 629
f 622 619 618 630
f 629 622 630 631
f 630 618 617 632
f 632 617 616 633
f 633 616 614 634
f 634 614 615 635
f 615 612 613 636
f 635 615 636 637
f 613 611 638 639
f 636 613 639 640
f 611 610 641 638
f 638 641 642 643
f 639 638 643 644
f 640 639 644 645
f 646 640 645 647
f 637 636 640 646
f 648 637 646 649
f 650 635 637 648
f 651 634 635 650
f 652 633 634 651
f 653 632 633 652
f 631 630 632 653
f 654 631 653 655
f 656 629 631 654
f 657 628 629 656
f 657 658 626 628
f 659 660 658 657
f 659 657 656 661
f 661 656 654 662
f 662 654 655 663
f 655 653 652 664
f 663 655 664 665
f 664 652 651 666
f 666 651 650 667
f 667 650 648 668
f 668 648 649 669
f 649 646 647 670
f 669 649 670 671
f 647 645 672 673
f 670 647 673 674
f 671 670 674 675
f 676 671 675 677
f 678 669 671 676
f 668 669 678 679
f 680 667 668 679
f 681 666 667 680
f 665 664 666 681
f 682 665 681 683
f 684 663 665 682
f 685 662 663 684
f 686 661 662 685
f 687 659 661 686
f 688 660 659 687
f 690 688 687 689
f 687 686 691 689
f 691 686 685 692
f 692 685 684 693
f 693 684 682 694
f 694 682 683 695
f 683 681 680 696
f 695 683 696 697
f 680 679 698 696
f 679 678 699 698
f 678 676 700 699
f 700 676 677 701
f 677 675 702 703
f 701 677 703 704
f 675 674 705 702
f 702 705 706 707
f 703 702 707 708
f 704 703 708 709
f 704 709 711 710
f 712 701 704 710
f 713 700 701 712
f 699 700 713 714
f 698 699 714 715
f 696 698 715 697
f 695 697 717 716
f 718 697 715 719
f 717 697 718 720
f 694 695 716 721
f 693 694 721 722
f 723 692 693 722
f 724 722 721 725
f 726 723 722 724
f 725 721 716 727
f 716 717 728 727
f 728 717 720 729
f 718 719 730 720
f 720 730 731 729
f 715 714 732 719
f 719 732 733 730
f 714 713 734 732
f 734 713 712 735
f 735 712 710 736
f 736 710 711 737
f 711 709 738 737
f 739 737 738 740
f 741 736 737 739
f 742 735 736 741
f 743 734 735 742
f 733 732 734 743
f 744 733 743 745
f 731 730 733 744
f 746 731 744 747
f 748 729 731 746
f 748 749 728 729
f 750 727 728 749
f 751 725 727 750
f 752 724 725 751
f 726 724 752 753
f 754 755 723 726
f 756 754 726 753
f 757 758 759 753
f 759 760 756 753
f 761 757 753 752
f 761 752 751 762
f 762 751 750 763
f 763 750 749 764
f 765 764 749 748
f 765 748 746 766
f 766 746 747 767
f 747 744 745 768
f 767 747 768 769
f 745 743 742 770
f 768 745 770 771
f 768 771 772 769
f 769 772 773 774
f 767 769 774 775
f 767 775 776 766
f 765 766 776 764
f 777 764 776 778
f 763 764 777 779
f 780 762 763 779
f 780 781 782 762
f 761 762 782 757
f 782 783 758 757
f 784 785 758 783
f 758 785 786 759
f 786 787 760 759
f 760 787 789 788
f 790 756 760 788
f 791 792 793 787
f 786 785 791 787
f 789 787 793 794
f 795 796 791 785
f 784 797 795 785
f 798 799 797 784
f 783 800 798 784
f 782 781 800 783
f 781 801 802 800
f 780 779 801 781
f 779 777 803 801
f 777 778 804 803
f 778 776 775 805
f 804 778 805 806
f 804 806 807 808
f 804 808 809 803
f 809 810 811 803
f 811 802 801 803
f 802 811 812 813
f 813 798 800 802
f 814 799 798 813
f 799 815 816 817
f 814 818 815 799
f 797 799 817 795
f 795 817 819 796
f 796 819 820 821
f 791 796 821 792
f 819 822 823 820
f 817 816 822 819
f 816 824 825 822
f 815 826 824 816
f 827 826 815 818
f 828 829 827 818
f 828 818 812 830
f 812 818 814 813
f 810 830 812 811
f 831 832 830 810
f 833 831 810 809
f 833 809 808 834
f 834 808 807 835
f 836 835 807 806
f 837 838 834 835
f 835 836 839 837
f 840 833 834 838
f 840 841 831 833
f 841 842 832 831
f 842 843 844 832
f 844 828 830 832
f 844 843 829 828
f 845 846 827 829
f 847 845 829 843
f 827 846 848 826
f 826 848 849 824
f 824 849 850 825
f 825 850 851 852
f 822 825 852 823
f 850 853 854 851
f 849 855 853 850
f 848 856 855 849
f 846 857 856 848
f 858 857 846 845
f 847 859 858 845
f 860 861 859 847
f 862 860 847 843
f 862 843 842 863
f 864 863 842 841
f 864 841 840 865
f 865 840 838 866
f 866 838 837 867
f 869 865 866 868
f 866 867 870 868
f 871 864 865 869
f 871 872 863 864
f 872 873 862 863
f 873 874 860 862
f 874 875 861 860
f 861 876 877 859
f 875 878 876 861
f 859 877 879 858
f 858 879 880 857
f 857 880 881 856
f 856 881 882 855
f 855 882 883 853
f 882 884 311 883
f 881 885 884 882
f 880 886 885 881
f 879 887 886 880
f 877 888 887 879
f 876 889 888 877
f 878 890 889 876
f 891 892 890 878
f 893 891 878 875
f 894 893 875 874
f 895 894 874 873
f 896 895 873 872
f 897 896 872 871
f 898 897 871 869
f 899 900 896 897
f 901 899 897 898
f 900 902 895 896
f 902 903 894 895
f 903 904 893 894
f 904 905 891 893
f 905 906 892 891
f 892 907 908 890
f 906 909 907 892
f 890 908 910 889
f 889 910 911 888
f 888 911 912 887
f 887 912 913 886
f 886 913 914 885
f 885 914 915 884
f 916 917 915 914
f 913 918 916 914
f 912 919 918 913
f 920 919 912 911
f 921 920 911 910
f 908 922 921 910
f 907 923 922 908
f 909 924 923 907
f 925 926 924 909
f 927 925 909 906
f 928 927 906 905
f 929 928 905 904
f 930 929 904 903
f 930 903 902 931
f 932 933 929 930
f 934 932 930 931
f 933 935 928 929
f 935 936 927 928
f 936 937 925 927
f 937 938 926 925
f 940 924 926 939
f 939 926 938 941
f 942 923 924 940
f 942 943 922 923
f 943 944 921 922
f 944 945 920 921
f 945 946 919 920
f 946 947 918 919
f 947 948 916 918
f 949 950 948 947
f 951 949 947 946
f 945 952 951 946
f 944 953 952 945
f 954 953 944 943
f 942 955 954 943
f 940 956 955 942
f 939 957 956 940
f 941 958 957 939
f 959 960 941 938
f 958 941 960 961
f 962 959 938 937
f 963 962 937 936
f 964 963 936 935
f 965 966 962 963
f 967 965 963 964
f 966 968 959 962
f 968 969 960 959
f 961 960 969 970
f 961 971 972 958
f 970 973 971 961
f 958 972 974 957
f 957 974 975 956
f 975 976 955 956
f 976 977 954 955
f 977 978 953 954
f 953 978 979 952
f 952 979 980 951
f 980 981 949 951
f 982 983 981 980
f 984 982 980 979
f 985 984 979 978
f 977 986 985 978
f 976 987 986 977
f 975 988 987 976
f 989 988 975 974
f 990 989 974 972
f 990 972 971 991
f 973 992 991 971
f 993 994 992 973
f 995 993 973 970
f 970 969 996 995
f 997 996 969 968
f 998 999 995 996
f 1000 998 996 997
f 1001 993 995 999
f 1001 1002 994 993
f 994 1003 1004 992
f 1002 1005 1003 994
f 1004 1006 991 992
f 991 1006 1007 990
f 1007 1008 989 990
f 1008 1009 988 989
f 1009 1010 987 988
f 1010 1011 986 987
f 1012 985 986 1011
f 1013 984 985 1012
f 984 1013 1014 982
f 1016 1014 1013 1015
f 1012 1017 1015 1013
f 1011 1018 1017 1012
f 1010 1019 1018 1011
f 1020 1019 1010 1009
f 1021 1020 1009 1008
f 1022 1021 1008 1007
f 1023 1022 1007 1006
f 1004 1024 1025 1006
f 1023 1006 1025 1026
f 1027 1024 1004 1003
f 1027 1003 1005 1028
f 1029 1030 1028 1005
f 1031 1029 1005 1002
f 1033 1028 1030 1032
f 1028 1033 1034 1027
f 1027 1034 1035 1024
f 1036 1024 1035 1037
f 1036 1026 1025 1024
f 1039 1026 1036 1038
f 1023 1026 1039 1040
f 1041 1022 1023 1040
f 1041 1042 1021 1022
f 1042 1043 1020 1021
f 1043 1044 1019 1020
f 1044 1045 1018 1019
f 1046 1017 1018 1045
f 1047 1015 1017 1046
f 1049 1047 1046 1048
f 1050 1048 1046 1045
f 1051 1050 1045 1044
f 1052 1051 1044 1043
f 1053 1052 1043 1042
f 1054 1053 1042 1041
f 1055 1054 1041 1040
f 1056 1040 1039 1038
f 1055 1040 1056 1057
f 1036 1037 1058 1038
f 1038 1058 1060 1059
f 1056 1038 1059 1061
f 1062 1037 1035 1034
f 1063 1058 1037 1062
f 1060 1058 1063 1064
f 1065 1059 1060 1064
f 1066 1061 1059 1065
f 1057 1056 1061 1067
f 1068 1067 1061 1066
f 1069 1055 1057 1067
f 1070 1054 1055 1069
f 1071 1053 1054 1070
f 1072 1052 1053 1071
f 1073 1051 1052 1072
f 1073 1074 1050 1051
f 1074 1075 1048 1050
f 1075 1076 1049 1048
f 1049 1077 1078 1047
f 1076 1079 1077 1049
f 1080 1081 1079 1076
f 1082 1080 1076 1075
f 1083 1082 1075 1074
f 1084 1083 1074 1073
f 1084 1073 1072 1085
f 1085 1072 1071 1086
f 1086 1071 1070 1087
f 1088 1087 1070 1069
f 1090 1069 1067 1089
f 1088 1069 1090 1091
f 1089 1067 1068 1092
f 1093 1068 1066 1094
f 1095 1092 1068 1093
f 1096 1097 1089 1092
f 1098 1096 1092 1095
f 1097 1091 1090 1089
f 1100 1088 1091 1099
f 1101 1099 1091 1097
f 1100 1102 1087 1088
f 1103 1086 1087 1102
f 1104 1085 1086 1103
f 1105 1084 1085 1104
f 1105 1106 1083 1084
f 1106 1107 1082 1083
f 1107 1108 1080 1082
f 1108 1109 1081 1080
f 1110 1111 1109 1108
f 1112 1110 1108 1107
f 1113 1112 1107 1106
f 1114 1113 1106 1105
f 1114 1105 1104 1115
f 1115 1104 1103 1116
f 1116 1103 1102 1117
f 1117 1102 1100 1099
f 1118 1119 1117 1099
f 1118 1099 1101 1120
f 1121 1101 1097 1096
f 1122 1120 1101 1121
f 1124 1096 1098 1123
f 1121 1096 1124 1125
f 1126 1098 1095 1127
f 1128 1123 1098 1126
f 1129 1125 1124 1123
f 1130 1129 1123 1128
f 1131 1122 1121 1125
f 1132 1131 1125 1129
f 1134 1120 1122 1133
f 1135 1133 1122 1131
f 1134 1136 1118 1120
f 1137 1119 1118 1136
f 1138 1116 1117 1119
f 1137 1139 1138 1119
f 1140 1141 1115 1116
f 1140 1116 1138 1142
f 1141 1143 1114 1115
f 1143 1144 1113 1114
f 1145 1146 1144 1143
f 1147 1145 1143 1141
f 1147 1141 1140 1142
f 1142 1138 1139 1148
f 1148 1149 1147 1142
f 1150 1151 1148 1139
f 1152 1150 1139 1137
f 1153 1152 1137 1136
f 1154 1155 1153 1136
f 1154 1136 1134 1156
f 1156 1134 1133 1157
f 1157 1133 1135 1158
f 1159 1135 1131 1132
f 1158 1135 1159 1160
f 1161 1162 1157 1158
f 1161 1158 1160 1163
f 1162 1164 1156 1157
f 1165 1154 1156 1164
f 1165 1166 1155 1154
f 1167 1152 1153 1155
f 1168 1167 1155 1166
f 1152 1167 1169 1150
f 1150 1169 1170 1151
f 1170 1171 1172 1151
f 1173 1149 1148 1151
f 1173 1151 1172 1174
f 1149 1175 1145 1147
f 1173 1174 1175 1149
f 1174 1172 870 1176
f 1174 1176 1177 1175
f 1171 868 870 1172
f 1171 898 869 868
f 1170 901 898 1171
f 901 1170 1169 1178
f 1178 1169 1167 1168
f 1179 1180 1178 1168
f 1181 1179 1168 1166
f 1182 1183 1181 1166
f 1182 1166 1165 1164
f 1184 1185 1182 1164
f 1186 1184 1164 1162
f 1185 1187 1183 1182
f 1188 1189 1181 1183
f 1190 1188 1183 1187
f 1189 1191 1179 1181
f 1191 1192 1180 1179
f 1180 1192 900 899
f 1178 1180 899 901
f 1192 931 902 900
f 1193 931 1192 1191
f 1189 1194 1193 1191
f 1188 1195 1194 1189
f 1196 1195 1188 1190
f 1197 1198 1196 1190
f 1199 1197 1190 1187
f 1200 1199 1187 1185
f 1201 1200 1185 1184
f 1201 1184 1186 1202
f 1186 1162 1204 1203
f 1205 1202 1186 1203
f 1206 1200 1201 1202
f 1207 1208 1206 1202
f 1207 1202 1205 1209
f 1206 1210 1199 1200
f 1210 1211 1197 1199
f 1212 1198 1197 1211
f 1213 1195 1196 1198
f 1214 1215 1213 1198
f 1214 1198 1212 1216
f 1217 934 1194 1195
f 1213 1218 1217 1195
f 934 931 1193 1194
f 1217 1219 932 934
f 1218 1220 1219 1217
f 1221 1222 1220 1218
f 1215 1221 1218 1213
f 1223 1224 1221 1215
f 1225 1223 1215 1214
f 1225 1214 1216 1226
f 1227 1216 1212 1211
f 1228 1226 1216 1227
f 1229 1227 1211 1210
f 1208 1229 1210 1206
f 1231 1229 1208 1230
f 1230 1208 1207 1209
f 1232 1209 1205 1233
f 1234 1235 1230 1209
f 1234 1209 1232 1236
f 1237 1231 1230 1235
f 1238 1227 1229 1231
f 1237 1239 1238 1231
f 1228 1227 1238 1239
f 1241 1226 1228 1240
f 1242 1240 1228 1239
f 1243 1225 1226 1241
f 1243 1244 1223 1225
f 1244 1245 1224 1223
f 1224 1246 1222 1221
f 1245 1247 1246 1224
f 1248 1249 1220 1222
f 1250 1248 1222 1246
f 1251 1250 1246 1247
f 1252 1253 1251 1247
f 1254 1252 1247 1245
f 1255 1254 1245 1244
f 1256 1255 1244 1243
f 1256 1243 1241 1257
f 1257 1241 1240 1258
f 1259 1258 1240 1242
f 1242 1239 1261 1260
f 1262 1259 1242 1260
f 1261 1239 1237 1263
f 1264 1263 1237 1235
f 1265 1260 1261 1263
f 1265 1263 1264 1266
f 1262 1260 1268 1267
f 1268 1260 1265 1269
f 1271 1259 1262 1270
f 1272 1270 1262 1267
f 1273 1258 1259 1271
f 1274 1257 1258 1273
f 1275 1256 1257 1274
f 1275 1276 1255 1256
f 1276 1277 1254 1255
f 1277 1278 1252 1254
f 1278 1279 1253 1252
f 1253 1280 1281 1251
f 1279 1282 1280 1253
f 1283 1284 1282 1279
f 1285 1283 1279 1278
f 1286 1285 1278 1277
f 1287 1286 1277 1276
f 1288 1287 1276 1275
f 1289 1288 1275 1274
f 1289 1274 1273 1290
f 1290 1273 1271 1291
f 1292 1291 1271 1270
f 1292 1270 1294 1293
f 1294 1270 1272 1295
f 1296 1272 1267 1297
f 1298 1295 1272 1296
f 1299 1293 1294 1295
f 1300 1299 1295 1298
f 1302 1292 1293 1301
f 1303 1301 1293 1299
f 1304 1291 1292 1302
f 1305 1290 1291 1304
f 1306 1289 1290 1305
f 1306 1307 1288 1289
f 1307 1308 1287 1288
f 1308 1309 1286 1287
f 1309 1310 1285 1286
f 1311 1283 1285 1310
f 1311 1312 1284 1283
f 1313 1312 1311 1310
f 1314 1315 1313 1310
f 1314 1310 1309 1316
f 1317 1316 1309 1308
f 1318 1317 1308 1307
f 1319 1318 1307 1306
f 1320 1319 1306 1305
f 1320 1305 1304 1321
f 1321 1304 1302 1322
f 1323 1322 1302 1301
f 1324 1323 1301 1303
f 1303 1299 1326 1325
f 1327 1324 1303 1325
f 1326 1299 1300 1328
f 1329 1325 1326 1328
f 1330 1327 1325 1329
f 1332 1324 1327 1331
f 1333 1331 1327 1330
f 1332 1334 1323 1324
f 1334 1335 1322 1323
f 1335 1336 1321 1322
f 1336 1337 1320 1321
f 1337 1338 1319 1320
f 1338 1339 1318 1319
f 1339 1340 1317 1318
f 1340 1341 1316 1317
f 1341 1342 1314 1316
f 1342 1343 1315 1314
f 1344 1345 1343 1342
f 1346 1344 1342 1341
f 1347 1346 1341 1340
f 1348 1347 1340 1339
f 1349 1348 1339 1338
f 1350 1349 1338 1337
f 1351 1350 1337 1336
f 1352 1351 1336 1335
f 1353 1352 1335 1334
f 1354 1353 1334 1332
f 1355 1354 1332 1331
f 1355 1331 1357 1356
f 1358 1357 1331 1333
f 1358 1333 1360 1359
f 1361 1333 1330 1362
f 1360 1333 1361 1363
f 1359 1356 1357 1358
f 1364 1365 1355 1356
f 1366 1364 1356 1359
f 1365 1367 1354 1355
f 1367 1368 1353 1354
f 1368 1369 1352 1353
f 1369 1370 1351 1352
f 1370 1371 1350 1351
f 1371 1372 1349 1350
f 1372 1373 1348 1349
f 1373 1374 1347 1348
f 1374 1375 1346 1347
f 1375 1376 1344 1346
f 1377 1378 1376 1375
f 1379 1377 1375 1374
f 1380 1379 1374 1373
f 1381 1380 1373 1372
f 1382 1381 1372 1371
f 1383 1382 1371 1370
f 1384 1383 1370 1369
f 1385 1384 1369 1368
f 1386 1385 1368 1367
f 1387 1386 1367 1365
f 1388 1387 1365 1364
f 1389 1388 1364 1366
f 1366 1359 1360 1390
f 1389 1366 1390 1391
f 1392 1393 1388 1389
f 1392 1389 1391 1394
f 1393 1395 1387 1388
f 1395 1396 1386 1387
f 1396 1397 1385 1386
f 1397 1398 1384 1385
f 1398 1399 1383 1384
f 1399 1400 1382 1383
f 1400 1401 1381 1382
f 1401 1402 1380 1381
f 1402 1403 1379 1380
f 1403 1404 1377 1379
f 1404 1405 1378 1377
f 1378 1406 1407 1376
f 1405 1408 1406 1378
f 1409 1410 1408 1405
f 1411 1409 1405 1404
f 1412 1411 1404 1403
f 1413 1412 1403 1402
f 1414 1413 1402 1401
f 1415 1414 1401 1400
f 1415 1400 1399 1416
f 1417 1416 1399 1398
f 1418 1417 1398 1397
f 1419 1418 1397 1396
f 1419 1396 1395 1420
f 1421 1420 1395 1393
f 1422 1421 1393 1392
f 1422 1423 1420 1421
f 1424 1425 1419 1420
f 1426 1424 1420 1423
f 1425 1427 1418 1419
f 1427 1428 1417 1418
f 1429 1416 1417 1428
f 1430 1414 1415 1416
f 1429 1431 1430 1416
f 1430 1432 1413 1414
f 1432 1433 1412 1413
f 1433 1434 1411 1412
f 1434 1435 1409 1411
f 1435 1436 1410 1409
f 1410 1437 1438 1408
f 1436 1439 1437 1410
f 1440 1441 1439 1436
f 1442 1440 1436 1435
f 1443 1442 1435 1434
f 1444 1443 1434 1433
f 1445 1444 1433 1432
f 1431 1445 1432 1430
f 1446 1447 1445 1431
f 1448 1446 1431 1429
f 1449 1448 1429 1428
f 1450 1449 1428 1427
f 1450 1427 1425 1451
f 1452 1451 1425 1424
f 1453 1452 1424 1426
f 1426 1423 1454 1455
f 1453 1426 1455 1456
f 1453 1456 1451 1452
f 1457 1449 1450 1451
f 1458 1459 1457 1451
f 1458 1451 1456 1460
f 1457 1461 1448 1449
f 1461 1462 1446 1448
f 1463 1447 1446 1462
f 1447 1464 1444 1445
f 1465 1464 1447 1463
f 1464 1466 1443 1444
f 1466 1467 1442 1443
f 1467 1468 1440 1442
f 1468 1469 1441 1440
f 1470 1471 1469 1468
f 1472 1470 1468 1467
f 1473 1472 1467 1466
f 1465 1473 1466 1464
f 1474 1475 1473 1465
f 1476 1474 1465 1463
f 1477 1476 1463 1462
f 1478 1477 1462 1461
f 1459 1478 1461 1457
f 1479 1480 1478 1459
f 1479 1459 1482 1481
f 1482 1459 1458 1460
f 1483 1484 1482 1460
f 1485 1486 1483 1460
f 1487 1485 1460 1456
f 1481 1482 1484 1488
f 1481 1488 1480 1479
f 1480 1489 1477 1478
f 1488 1490 1489 1480
f 1491 1476 1477 1489
f 1491 1492 1474 1476
f 1492 1493 1475 1474
f 1494 1472 1473 1475
f 1493 1495 1494 1475
f 1494 1496 1470 1472
f 1496 1497 1471 1470
f 1498 1499 1469 1471
f 1497 1500 1498 1471
f 1501 1502 1500 1497
f 1503 1501 1497 1496
f 1495 1503 1496 1494
f 1504 1505 1503 1495
f 1506 1504 1495 1493
f 1507 1506 1493 1492
f 1508 1507 1492 1491
f 1509 1508 1491 1489
f 1510 1509 1489 1490
f 1510 1490 1511 1512
f 1488 1484 1513 1490
f 1513 1514 1511 1490
f 1510 1512 1508 1509
f 1512 1515 1507 1508
f 1515 1516 1506 1507
f 1516 1517 1504 1506
f 1517 1518 1505 1504
f 1505 1519 1501 1503
f 1518 1520 1519 1505
f 1519 1521 1502 1501
f 1502 1522 1523 1500
f 1521 1524 1522 1502
f 1500 1523 1525 1498
f 1525 1526 1499 1498
f 1526 1527 1528 1499
f 1499 1528 1441 1469
f 1529 1530 1527 1526
f 1531 1529 1526 1525
f 1532 1531 1525 1523
f 1522 1533 1532 1523
f 1524 1534 1533 1522
f 1535 1536 1534 1524
f 1537 1535 1524 1521
f 1520 1537 1521 1519
f 1538 1539 1537 1520
f 1540 1538 1520 1518
f 1541 1540 1518 1517
f 1542 1541 1517 1516
f 1515 1543 1542 1516
f 1542 1544 1545 1541
f 1544 1542 1543 1546
f 1541 1545 1547 1540
f 1540 1547 1548 1538
f 1538 1548 1549 1539
f 1539 1550 1535 1537
f 1539 1549 1551 1550
f 1535 1550 1552 1536
f 1536 1553 1554 1534
f 1552 1555 1553 1536
f 1554 1556 1533 1534
f 1556 1557 1532 1533
f 1532 1557 1558 1531
f 1531 1558 1559 1529
f 1558 1560 1561 1559
f 1562 1560 1558 1557
f 1556 1563 1562 1557
f 1564 1563 1556 1554
f 1553 1565 1564 1554
f 1555 1566 1565 1553
f 1568 1566 1555 1567
f 1569 1567 1555 1552
f 1551 1569 1552 1550
f 1551 1570 1571 1569
f 1549 1572 1570 1551
f 1548 1573 1572 1549
f 1547 1574 1573 1548
f 1545 1575 1574 1547
f 1574 1576 1577 1573
f 1575 1578 1576 1574
f 1573 1577 1579 1572
f 1572 1579 1580 1570
f 1570 1580 1581 1571
f 1571 1581 1582 1583
f 1569 1571 1583 1567
f 1567 1583 1584 1568
f 1568 1585 1586 1566
f 1584 1587 1585 1568
f 1566 1586 1588 1563
f 1565 1566 1563 1564
f 1588 1589 1562 1563
f 1562 1589 1590 1560
f 1589 1591 1592 1590
f 1593 1591 1589 1588
f 1586 1594 1593 1588
f 1585 1595 1594 1586
f 1596 1595 1585 1587
f 1597 1598 1596 1587
f 1599 1597 1587 1584
f 1583 1582 1599 1584
f 1600 1601 1599 1582
f 1602 1600 1582 1581
f 1603 1602 1581 1580
f 1604 1603 1580 1579
f 1605 1604 1579 1577
f 1606 1605 1577 1576
f 1605 1607 1608 1604
f 1606 1609 1607 1605
f 1608 1610 1603 1604
f 1610 1611 1602 1603
f 1611 1612 1600 1602
f 1612 1613 1601 1600
f 1613 1614 1615 1601
f 1599 1601 1615 1597
f 1597 1615 1616 1598
f 1617 1618 1619 1598
f 1616 1620 1617 1598
f 1596 1598 1619 1595
f 1595 1619 1621 1591
f 1595 1591 1593 1594
f 1618 1622 1621 1619
f 1618 1623 1624 1622
f 1617 1620 1623 1618
f 1625 1626 1623 1620
f 1627 1628 1625 1620
f 1616 1629 1627 1620
f 1614 1629 1616 1615
f 1631 1629 1614 1630
f 1632 1630 1614 1613
f 1633 1632 1613 1612
f 1634 1633 1612 1611
f 1635 1634 1611 1610
f 1608 1636 1635 1610
f 1607 1637 1636 1608
f 1636 1638 1639 1635
f 1637 1640 1638 1636
f 1635 1639 1641 1634
f 1634 1641 1642 1633
f 1642 1643 1632 1633
f 1643 1644 1630 1632
f 1644 1645 1631 1630
f 1631 1645 1646 1629
f 1646 1647 1627 1629
f 1627 1647 1648 1628
f 1649 1650 1651 1628
f 1648 1652 1649 1628
f 1625 1628 1651 1626
f 1626 1651 1653 1654
f 1626 1654 1624 1623
f 1650 1655 1653 1651
f 1650 1656 1657 1655
f 1649 1652 1656 1650
f 1658 1659 1656 1652
f 1660 1658 1652 1648
f 1647 1661 1660 1648
f 1662 1661 1647 1646
f 1663 1662 1646 1645
f 1664 1663 1645 1644
f 1665 1664 1644 1643
f 1642 1666 1665 1643
f 1641 1667 1666 1642
f 1639 1668 1667 1641
f 1638 1669 1668 1639
f 1668 1670 1671 1667
f 1669 1672 1670 1668
f 1667 1671 1673 1666
f 1666 1673 1674 1665
f 1665 1674 1675 1664
f 1664 1675 1676 1663
f 1676 1677 1662 1663
f 1662 1677 1678 1661
f 1661 1678 1679 1660
f 1660 1679 1680 1658
f 1658 1680 1681 1659
f 1682 1683 1684 1659
f 1681 1685 1682 1659
f 1659 1684 1657 1656
f 1686 1687 1685 1681
f 1688 1686 1681 1680
f 1689 1688 1680 1679
f 1690 1689 1679 1678
f 1677 1691 1690 1678
f 1676 1692 1691 1677
f 1675 1693 1692 1676
f 1674 1694 1693 1675
f 1673 1695 1694 1674
f 1671 1696 1695 1673
f 1670 1697 1696 1671
f 1672 1698 1697 1670
f 1699 1700 1698 1672
f 1701 1699 1672 1669
f 1698 1702 1703 1697
f 1700 1704 1702 1698
f 1697 1703 1705 1696
f 1696 1705 1706 1695
f 1695 1706 1707 1694
f 1694 1707 1708 1693
f 1693 1708 1709 1692
f 1692 1709 1710 1691
f 1691 1710 1711 1690
f 1690 1711 1712 1689
f 1712 1713 1688 1689
f 1713 1714 1686 1688
f 1714 1715 1687 1686
f 1716 1717 1715 1714
f 1718 1716 1714 1713
f 1712 1719 1718 1713
f 1711 1720 1719 1712
f 1710 1721 1720 1711
f 1709 1722 1721 1710
f 1708 1723 1722 1709
f 1707 1724 1723 1708
f 1706 1725 1724 1707
f 1705 1726 1725 1706
f 1703 1727 1726 1705
f 1702 1728 1727 1703
f 1704 1729 1728 1702
f 1730 1731 1729 1704
f 1732 1730 1704 1700
f 1729 1733 1734 1728
f 1731 1735 1733 1729
f 1728 1734 1736 1727
f 1727 1736 1737 1726
f 1726 1737 1738 1725
f 1725 1738 1739 1724
f 1724 1739 1740 1723
f 1723 1740 1741 1722
f 1722 1741 1742 1721
f 1721 1742 1743 1720
f 1743 1744 1719 1720
f 1719 1744 1745 1718
f 1718 1745 1746 1716
f 1745 1747 1748 1746
f 1749 1747 1745 1744
f 1750 1749 1744 1743
f 1742 1751 1750 1743
f 1741 1752 1751 1742
f 1740 1753 1752 1741
f 1739 1754 1753 1740
f 1738 1755 1754 1739
f 1756 1755 1738 1737
f 1757 1756 1737 1736
f 1734 1758 1757 1736
f 1733 1759 1758 1734
f 1735 1760 1759 1733
f 1761 1762 1760 1735
f 1763 1761 1735 1731
f 1762 1764 1765 1760
f 1766 1759 1760 1765
f 1767 1758 1759 1766
f 1767 1768 1757 1758
f 1768 1769 1756 1757
f 1770 1755 1756 1769
f 1771 1772 1754 1755
f 1770 1773 1771 1755
f 1754 1772 1774 1753
f 1753 1774 1775 1752
f 1752 1775 1776 1751
f 1751 1776 1777 1750
f 1750 1777 1778 1749
f 1779 1780 1778 1777
f 1781 1779 1777 1776
f 1775 1782 1781 1776
f 1774 1783 1782 1775
f 1772 1784 1783 1774
f 1785 1784 1772 1771
f 1773 1786 1785 1771
f 1788 1786 1773 1787
f 1787 1773 1770 1769
f 1789 1787 1769 1768
f 1767 1790 1789 1768
f 1766 1791 1790 1767
f 1765 1792 1791 1766
f 1793 1792 1765 1764
f 1792 1794 1795 1791
f 1793 1796 1794 1792
f 1791 1795 1797 1790
f 1790 1797 1798 1789
f 1798 1788 1787 1789
f 1788 1128 1126 1786
f 1798 1130 1128 1788
f 1786 1126 1127 1785
f 1785 1127 1799 1784
f 1784 1799 1800 1783
f 1783 1800 1801 1782
f 1782 1801 1802 1781
f 1781 1802 1803 1779
f 1779 1803 1804 1780
f 1803 1805 1806 1804
f 1807 1805 1803 1802
f 1808 1807 1802 1801
f 1800 1094 1808 1801
f 1799 1093 1094 1800
f 1127 1095 1093 1799
f 1094 1066 1065 1808
f 1065 1064 1807 1808
f 1807 1064 1809 1805
f 1810 1811 1806 1805
f 1809 1812 1810 1805
f 1806 1811 1813 1804
f 1804 1813 1814 1780
f 1813 1815 1816 1814
f 1813 1811 1817 1815
f 1810 1818 1817 1811
f 1810 1812 1819 1818
f 1062 1819 1812 1063
f 1063 1812 1809 1064
f 1818 1819 1820 1821
f 1062 1034 1820 1819
f 1822 1818 1821 1823
f 1822 1815 1817 1818
f 1824 1815 1822 1825
f 1824 1826 1816 1815
f 1827 1814 1816 1826
f 1814 1827 1828 1780
f 1778 1780 1828 1829
f 1828 1827 1830 1829
f 1830 1827 1826 1831
f 1826 1824 1832 1831
f 1833 1832 1824 1825
f 1834 1825 1822 1823
f 1835 1833 1825 1834
f 1823 1032 1836 1834
f 1032 1823 1821 1033
f 1033 1821 1820 1034
f 1837 1836 1032 1030
f 1838 1839 1836 1837
f 1834 1836 1839 1835
f 1840 1841 1835 1839
f 1833 1835 1841 1842
f 1842 1843 1832 1833
f 1844 1831 1832 1843
f 1844 1845 1846 1831
f 1830 1831 1846 1847
f 1829 1830 1847 1747
f 1749 1778 1829 1747
f 1847 1848 1748 1747
f 1848 1847 1846 1845
f 1849 1845 1844 1850
f 1851 1848 1845 1849
f 1852 1850 1844 1843
f 1853 1852 1843 1842
f 1842 1841 1854 1853
f 1855 1854 1841 1840
f 1856 1840 1839 1838
f 1857 1855 1840 1856
f 1858 1838 1837 1859
f 1860 1856 1838 1858
f 1859 1837 1030 1029
f 1859 1029 1031 1861
f 1862 1858 1859 1861
f 1863 1860 1858 1862
f 1864 1857 1856 1860
f 1865 1864 1860 1863
f 1866 1867 1855 1857
f 1868 1866 1857 1864
f 1867 1869 1854 1855
f 1870 1853 1854 1869
f 1870 1871 1852 1853
f 1871 1872 1850 1852
f 1873 1849 1850 1872
f 1851 1849 1873 1717
f 1748 1848 1851 1746
f 1746 1851 1717 1716
f 1717 1873 1874 1715
f 1873 1872 1875 1874
f 1876 1875 1872 1871
f 1877 1876 1871 1870
f 1877 1870 1869 1878
f 1879 1878 1869 1867
f 1880 1879 1867 1866
f 1881 1880 1866 1868
f 1882 1868 1864 1865
f 1883 1881 1868 1882
f 1884 1865 1863 1885
f 1886 1882 1865 1884
f 1863 1862 1887 1885
f 1862 1861 1888 1887
f 1887 1888 1889 1890
f 1885 1887 1890 1891
f 1884 1885 1891 1892
f 1893 1886 1884 1892
f 1894 1883 1882 1886
f 1895 1894 1886 1893
f 1896 1897 1881 1883
f 1898 1896 1883 1894
f 1897 1899 1880 1881
f 1899 1900 1879 1880
f 1901 1878 1879 1900
f 1902 1877 1878 1901
f 1902 1903 1876 1877
f 1903 1904 1875 1876
f 1905 1874 1875 1904
f 1906 1907 1904 1903
f 1908 1905 1904 1907
f 1909 1906 1903 1902
f 1909 1902 1901 1910
f 1910 1901 1900 1911
f 1911 1900 1899 1912
f 1913 1912 1899 1897
f 1914 1913 1897 1896
f 1915 1914 1896 1898
f 1916 1898 1894 1895
f 1917 1915 1898 1916
f 1918 1895 1893 1919
f 1920 1916 1895 1918
f 1893 1892 1921 1919
f 1919 1921 1923 1922
f 1924 1918 1919 1922
f 1925 1920 1918 1924
f 1926 1917 1916 1920
f 1927 1926 1920 1925
f 1928 1929 1915 1917
f 1930 1928 1917 1926
f 1929 1931 1914 1915
f 1931 1932 1913 1914
f 1933 1912 1913 1932
f 1934 1911 1912 1933
f 1935 1910 1911 1934
f 1936 1909 1910 1935
f 1936 1937 1906 1909
f 1938 1939 1937 1936
f 1940 1938 1936 1935
f 1940 1935 1934 1941
f 1941 1934 1933 1942
f 1942 1933 1932 1943
f 1943 1932 1931 1944
f 1945 1944 1931 1929
f 1946 1945 1929 1928
f 1947 1946 1928 1930
f 1948 1930 1926 1927
f 1949 1947 1930 1948
f 1950 1927 1925 1951
f 1952 1948 1927 1950
f 1951 1925 1924 1953
f 1953 1924 1922 1954
f 1343 1953 1954 1315
f 1345 1951 1953 1343
f 1407 1950 1951 1345
f 1406 1952 1950 1407
f 1438 1949 1948 1952
f 1408 1438 1952 1406
f 1955 1956 1947 1949
f 1437 1955 1949 1438
f 1956 1957 1946 1947
f 1957 1958 1945 1946
f 1959 1944 1945 1958
f 1960 1943 1944 1959
f 1961 1942 1943 1960
f 1941 1942 1961 1962
f 1963 1940 1941 1962
f 1964 1965 1963 1962
f 1966 1962 1961 1960
f 1964 1962 1966 1967
f 1966 1960 1959 1968
f 1968 1959 1958 1969
f 1969 1958 1957 1970
f 1971 1970 1957 1956
f 1972 1971 1956 1955
f 1439 1972 1955 1437
f 1528 1527 1971 1972
f 1441 1528 1972 1439
f 1530 1970 1971 1527
f 1973 1969 1970 1530
f 1974 1968 1969 1973
f 1967 1966 1968 1974
f 1976 1964 1967 1975
f 1975 1967 1974 1561
f 1976 1977 1965 1964
f 1978 1979 1963 1965
f 1622 1978 1965 1977
f 1963 1979 1938 1940
f 1979 1980 1939 1938
f 1980 1979 1978 1654
f 1624 1654 1978 1622
f 1621 1622 1977 1591
f 1977 1976 1592 1591
f 1592 1976 1975 1590
f 1590 1975 1561 1560
f 1561 1974 1973 1559
f 1559 1973 1530 1529
f 1653 1655 1980 1654
f 1655 1657 1939 1980
f 1657 1684 1937 1939
f 1907 1906 1937 1684
f 1683 1908 1907 1684
f 1685 1908 1683 1682
f 1685 1687 1905 1908
f 1687 1715 1874 1905
f 1376 1407 1345 1344
f 1315 1954 1981 1313
f 1954 1922 1923 1981
f 1981 1923 1982 1983
f 1313 1981 1983 1312
f 1921 1984 1982 1923
f 1984 1985 1986 1982
f 1983 1982 1986 1987
f 1312 1983 1987 1284
f 1987 1986 1988 1989
f 1284 1987 1989 1282
f 1985 1990 1988 1986
f 1991 1992 1990 1985
f 1993 1991 1985 1984
f 1921 1892 1993 1984
f 1891 1991 1993 1892
f 1891 1890 1992 1991
f 1890 1889 1994 1992
f 1990 1992 1994 1995
f 1988 1990 1995 1996
f 1989 1988 1996 1997
f 1282 1989 1997 1280
f 1997 1996 1998 1999
f 1280 1997 1999 1281
f 1996 1995 2000 1998
f 1995 1994 2001 2000
f 1994 1889 2002 2001
f 1888 2003 2002 1889
f 2001 2002 999 998
f 1001 999 2002 2003
f 2000 2001 998 1000
f 1998 2000 1000 2004
f 1999 1998 2004 2005
f 1281 1999 2005 2006
f 1281 2006 1250 1251
f 2006 2005 2007 2008
f 2006 2008 1248 1250
f 2005 2004 2009 2007
f 2004 1000 997 2009
f 2009 997 968 966
f 2007 2009 966 965
f 2008 2007 965 967
f 2008 967 1249 1248
f 1249 967 964 2010
f 1220 1249 2010 1219
f 2010 964 935 933
f 1219 2010 933 932
f 2003 1031 1002 1001
f 1888 1861 1031 2003
f 2011 1132 1129 1130
f 1797 2011 1130 1798
f 2012 1159 1132 2011
f 1795 2012 2011 1797
f 1160 1159 2012 2013
f 1794 2013 2012 1795
f 1163 1160 2013 2014
f 1796 2014 2013 1794
f 2014 2015 1204 1163
f 1796 2016 2015 2014
f 1204 1162 1161 1163
f 2017 1203 1204 2015
f 2018 2017 2015 2016
f 2019 2018 2016 1764
f 1793 1764 2016 1796
f 2020 1233 2017 2018
f 2021 2020 2018 2019
f 1233 1205 1203 2017
f 2022 1232 1233 2020
f 2023 2022 2020 2021
f 2024 2021 2019 2025
f 2026 2023 2021 2024
f 2025 2019 1764 1762
f 2027 2025 1762 1761
f 2028 2024 2025 2027
f 2029 2026 2024 2028
f 2030 2031 2023 2026
f 2032 2030 2026 2029
f 2031 2033 2022 2023
f 1236 1232 2022 2033
f 2033 2034 2035 1236
f 2034 2033 2031 2036
f 2037 2036 2031 2030
f 2038 2037 2030 2032
f 2039 2032 2029 2040
f 2041 2038 2032 2039
f 2040 2029 2028 2042
f 2042 2028 2027 2043
f 2043 2027 1761 1763
f 2044 2043 1763 2045
f 2046 2042 2043 2044
f 2047 2040 2042 2046
f 2048 2039 2040 2047
f 2049 2041 2039 2048
f 2050 2051 2038 2041
f 2052 2050 2041 2049
f 2053 2037 2038 2051
f 2037 2053 2054 2036
f 2054 2055 2034 2036
f 1266 2035 2034 2055
f 1264 1235 2035 1266
f 2035 1235 1234 1236
f 1269 1265 1266 2055
f 2056 1297 1269 2055
f 2056 2055 2054 2057
f 2058 2057 2054 2053
f 2051 2059 2058 2053
f 2050 2060 2059 2051
f 2052 2061 2060 2050
f 2063 2061 2052 2062
f 2062 2052 2049 2064
f 2064 2049 2048 2065
f 2065 2048 2047 2066
f 2066 2047 2046 2067
f 2067 2046 2044 2068
f 2069 2067 2068 2070
f 2071 2066 2067 2069
f 2072 2065 2066 2071
f 2073 2064 2065 2072
f 2074 2062 2064 2073
f 2074 2075 2063 2062
f 2076 2077 2061 2063
f 2078 2076 2063 2075
f 2077 2079 2060 2061
f 2079 2080 2059 2060
f 2081 2058 2059 2080
f 2082 2057 2058 2081
f 1296 1297 2056 2057
f 2082 1298 1296 2057
f 1297 1267 1268 1269
f 1300 1298 2082 2081
f 1328 1300 2081 2080
f 2083 1329 1328 2080
f 2083 2080 2079 1362
f 1361 1362 2079 2077
f 1363 1361 2077 2076
f 2084 1363 2076 2078
f 2085 2078 2075 2086
f 2087 2084 2078 2085
f 2088 2086 2075 2074
f 2088 2074 2073 2089
f 2089 2073 2072 2090
f 2090 2072 2071 2091
f 2092 2090 2091 2093
f 2094 2089 2090 2092
f 2088 2089 2094 2086
f 2095 2086 2094 2096
f 2085 2086 2095 2097
f 2098 2087 2085 2097
f 2087 1391 1390 2084
f 2098 1394 1391 2087
f 1390 1360 1363 2084
f 1422 1392 1394 1423
f 1454 1423 1394 2098
f 1454 2098 2097 2099
f 2097 2095 2100 2099
f 2100 2095 2096 2101
f 2101 2096 2102 2103
f 2092 2102 2096 2094
f 2102 2092 2093 2104
f 2093 2091 2105 2106
f 2104 2093 2106 2107
f 2091 2071 2069 2105
f 2105 2069 2070 2108
f 2106 2105 2108 2109
f 2107 2106 2109 2110
f 2111 2107 2110 2112
f 2113 2104 2107 2111
f 2104 2113 2103 2102
f 2114 2103 2113 2115
f 2116 2101 2103 2114
f 2117 2100 2101 2116
f 2118 2099 2100 2117
f 2118 1455 1454 2099
f 1487 1456 1455 2118
f 1487 2118 2117 1485
f 1485 2117 2116 1486
f 1486 2116 2114 2119
f 2119 2114 2115 2120
f 2120 2115 2121 2122
f 2111 2121 2115 2113
f 2112 2123 2121 2111
f 2124 2125 2123 2112
f 2112 2110 2126 2124
f 2110 2109 2127 2126
f 2109 2108 2128 2127
f 2108 2070 2129 2128
f 2070 2068 2130 2129
f 2129 2130 1732 2131
f 2128 2129 2131 2132
f 2127 2128 2132 2133
f 2126 2127 2133 2134
f 2124 2126 2134 1609
f 2125 2124 1609 1606
f 2135 2123 2125 1578
f 1606 1576 1578 2125
f 2122 2121 2123 2135
f 2136 2122 2135 2137
f 2138 2120 2122 2136
f 2139 2119 2120 2138
f 1483 1486 2119 2139
f 1513 2139 2138 1514
f 2139 1513 1484 1483
f 1514 2138 2136 1546
f 1546 2136 2137 1544
f 2137 2135 1578 1575
f 1544 2137 1575 1545
f 1546 1543 1511 1514
f 1512 1511 1543 1515
f 1609 2134 1637 1607
f 2134 2133 1640 1637
f 2133 2132 1701 1640
f 2132 2131 1699 1701
f 2131 1732 1700 1699
f 2130 2045 1730 1732
f 2068 2044 2045 2130
f 2045 1763 1731 1730
f 1640 1701 1669 1638
f 1330 1329 2083 1362
f 870 867 2140 1176
f 2140 2141 1177 1176
f 2140 867 2142 2141
f 837 839 2142 867
f 839 2143 2144 2142
f 2141 2142 2144 2145
f 2141 2145 1146 1177
f 1175 1177 1146 1145
f 1146 2145 2146 1144
f 2145 2144 2147 2146
f 2143 1110 2147 2144
f 2143 2148 1111 1110
f 836 2148 2143 839
f 2147 1110 1112 2146
f 1144 2146 1112 1113
f 2149 2150 1111 2148
f 836 806 2149 2148
f 1111 2150 2151 1109
f 2152 2153 2151 2150
f 2154 2155 2152 2150
f 2149 2156 2154 2150
f 806 805 2156 2149
f 2156 774 773 2154
f 805 775 774 2156
f 773 2157 2155 2154
f 2155 2157 2158 2159
f 2155 2159 2160 2152
f 2160 2161 2153 2152
f 2153 2161 1079 1081
f 2151 2153 1081 1109
f 2161 2162 2163 2164
f 1079 2161 2164 1077
f 2160 2159 2162 2161
f 2159 2158 2165 2162
f 2158 2166 2167 2165
f 2168 2166 2158 2157
f 2169 2170 2168 2157
f 2169 2157 773 772
f 2171 2172 2166 2168
f 2173 2171 2168 2170
f 2172 2174 2167 2166
f 2174 2175 2176 2167
f 2167 2176 2177 2165
f 2165 2177 2178 2162
f 2178 2179 2163 2162
f 2164 2163 2179 2180
f 1077 2164 2180 1078
f 2181 2182 2183 2180
f 2179 2184 2181 2180
f 1078 2180 2183 1016
f 2185 2184 2179 2178
f 2178 2177 2186 2185
f 2176 2187 2186 2177
f 2175 2188 2187 2176
f 2189 2190 2188 2175
f 2174 2191 2189 2175
f 2172 740 2191 2174
f 2171 739 740 2172
f 2173 741 739 2171
f 770 742 741 2173
f 770 2173 2170 771
f 771 2170 2169 772
f 740 738 2192 2191
f 2192 2193 2189 2191
f 2193 2194 2190 2189
f 2194 2195 2196 2190
f 2188 2190 2196 2197
f 2187 2188 2197 2198
f 2186 2187 2198 2199
f 2186 2199 2200 2185
f 2200 2201 2184 2185
f 2201 2202 2203 2184
f 2181 2184 2203 2182
f 2204 2205 2202 2201
f 2200 2199 2204 2201
f 2206 2207 2204 2199
f 2198 2208 2206 2199
f 2198 2197 2209 2208
f 2197 2196 2210 2209
f 2196 2195 2211 2210
f 2195 2212 2213 2211
f 2194 2214 2212 2195
f 2215 2214 2194 2193
f 2192 2216 2215 2193
f 738 709 2216 2192
f 2216 2217 2218 2215
f 708 2217 2216 709
f 2218 2219 2214 2215
f 2219 2220 2212 2214
f 2220 2221 2213 2212
f 2213 2221 2222 2223
f 2211 2213 2223 2224
f 2210 2211 2224 2225
f 2210 2225 2226 2209
f 2209 2226 2227 2208
f 2227 2228 2229 2208
f 2206 2208 2229 2207
f 2229 2230 2231 2207
f 2207 2231 2205 2204
f 2229 2228 2232 2230
f 2233 2234 2232 2228
f 2227 2226 2233 2228
f 2226 2225 2235 2233
f 2236 2237 2235 2225
f 2224 2238 2236 2225
f 2223 2239 2238 2224
f 2223 2222 2240 2239
f 2222 2241 2242 2240
f 2221 2243 2241 2222
f 2220 2244 2243 2221
f 2219 2245 2244 2220
f 2246 2245 2219 2218
f 2217 2247 2246 2218
f 2246 2248 2249 2245
f 2247 2250 2248 2246
f 2249 2251 2244 2245
f 2244 2251 2252 2243
f 2252 2253 2241 2243
f 2241 2253 2254 2242
f 2242 2254 2255 2256
f 2242 2256 2257 2240
f 2240 2257 2258 2239
f 2258 2259 2260 2239
f 2238 2239 2260 2261
f 2236 2238 2261 2237
f 2261 2262 2263 2237
f 2237 2263 2264 2235
f 2233 2235 2264 2234
f 2264 2263 2265 2234
f 2263 2262 2266 2265
f 2267 2268 2266 2262
f 2269 2270 2267 2262
f 2261 2260 2269 2262
f 2259 2270 2269 2260
f 2259 2271 2272 2270
f 2258 2257 2271 2259
f 2257 2256 2273 2271
f 2256 2255 2274 2273
f 2255 2275 2276 2274
f 2254 2277 2275 2255
f 2253 2278 2277 2254
f 2252 2279 2278 2253
f 2251 2280 2279 2252
f 2249 2281 2280 2251
f 2280 2282 2283 2279
f 2281 2284 2282 2280
f 2279 2283 2285 2278
f 2278 2285 2286 2277
f 2277 2286 2287 2275
f 2275 2287 2288 2276
f 2276 2288 2289 2290
f 2274 2276 2290 2291
f 2273 2274 2291 2292
f 2271 2273 2292 2272
f 2272 2292 2293 2294
f 2272 2294 2267 2270
f 2268 2267 2294 2295
f 2268 2295 2297 2296
f 2266 2268 2296 2298
f 2295 2294 2293 2299
f 2297 2295 2299 2300
f 2299 2293 2301 2302
f 2292 2291 2301 2293
f 2291 2290 2303 2301
f 2290 2289 2304 2303
f 2304 2289 2305 2306
f 2288 2307 2305 2289
f 2287 2308 2307 2288
f 2286 2309 2308 2287
f 2285 2310 2309 2286
f 2283 2311 2310 2285
f 2282 2312 2311 2283
f 2311 2313 2314 2310
f 2312 2315 2313 2311
f 2310 2314 2316 2309
f 2309 2316 2317 2308
f 2306 2305 2307 2308
f 2308 2317 2318 2306
f 2318 2319 2320 2306
f 2304 2306 2320 2321
f 2303 2304 2321 2322
f 2302 2301 2303 2322
f 2323 2302 2322 2324
f 2300 2299 2302 2323
f 2300 2323 2325 2326
f 2297 2300 2326 2327
f 2324 2328 2325 2323
f 2329 2330 2328 2324
f 2324 2322 2321 2329
f 2329 2321 2320 2331
f 2331 2320 2319 2332
f 2332 2319 2333 2334
f 2335 2333 2319 2318
f 2336 2335 2318 2317
f 2337 2336 2317 2316
f 2314 2338 2337 2316
f 2339 2338 2314 2313
f 2315 2340 2339 2313
f 2342 2340 2315 2341
f 2343 2341 2315 2312
f 2344 2345 2339 2340
f 2346 2347 2344 2340
f 2346 2340 2342 2348
f 2339 2345 2349 2338
f 2350 2336 2337 2338
f 2349 2351 2350 2338
f 2336 2350 2352 2335
f 2333 2335 2352 2353
f 2333 2353 2354 2334
f 2355 2334 2354 2356
f 2357 2332 2334 2355
f 2358 2331 2332 2357
f 2330 2329 2331 2358
f 2357 385 384 2358
f 2358 384 357 2330
f 385 2357 2355 414
f 2355 2356 2359 414
f 2359 2356 2360 2361
f 2354 2362 2360 2356
f 2354 2353 2363 2362
f 2351 2353 2352 2350
f 2351 2364 2363 2353
f 2364 2351 2349 2345
f 2365 2366 2364 2345
f 2344 2367 2365 2345
f 2368 2367 2344 2347
f 2369 2370 2368 2347
f 2371 2369 2347 2346
f 2372 2371 2346 2348
f 2373 2374 2369 2371
f 2375 2373 2371 2372
f 2374 2376 2370 2369
f 2370 2377 2378 2368
f 2376 2379 2377 2370
f 2368 2378 2380 2367
f 2381 2366 2365 2367
f 2380 2382 2381 2367
f 2366 2362 2363 2364
f 2366 2381 2383 2362
f 2360 2362 2383 2384
f 2360 2384 2385 2361
f 447 2361 2385 2386
f 446 2359 2361 447
f 415 414 2359 446
f 448 447 2386 2387
f 2388 2386 2385 2384
f 2389 2387 2386 2388
f 2388 2384 2390 2391
f 2382 2384 2383 2381
f 2382 2392 2390 2384
f 2393 2394 2392 2382
f 2393 2382 2380 2378
f 2377 2395 2393 2378
f 2379 2396 2395 2377
f 2397 2398 2396 2379
f 2399 2397 2379 2376
f 2400 2399 2376 2374
f 2401 2402 2397 2399
f 2403 2401 2399 2400
f 2402 2404 2398 2397
f 2398 2405 2406 2396
f 2404 2407 2405 2398
f 2406 2408 2395 2396
f 2395 2408 2394 2393
f 2394 2391 2390 2392
f 2408 2409 2391 2394
f 2389 2388 2391 2409
f 2410 2387 2389 2411
f 2412 2411 2389 2409
f 449 448 2387 2410
f 2413 2410 2411 2414
f 449 2410 2413 450
f 2414 2411 2412 2415
f 2412 2409 2416 2417
f 2415 2412 2417 2418
f 2408 2419 2416 2409
f 2406 2420 2419 2408
f 2405 2421 2420 2406
f 2407 2422 2421 2405
f 2423 2424 2422 2407
f 2425 2423 2407 2404
f 2426 2425 2404 2402
f 2427 2426 2402 2401
f 2428 2427 2401 2403
f 2429 2403 2400 2430
f 2431 2428 2403 2429
f 2432 2433 2427 2428
f 2434 2432 2428 2431
f 2433 2435 2426 2427
f 2435 2436 2425 2426
f 2436 546 2423 2425
f 546 544 2424 2423
f 2424 2437 2438 2422
f 544 516 2437 2424
f 2422 2438 2418 2421
f 2439 2415 2418 2438
f 2421 2418 2417 2420
f 2439 481 2414 2415
f 482 481 2439 2440
f 2437 2440 2439 2438
f 516 514 2440 2437
f 483 482 2440 514
f 480 2413 2414 481
f 451 450 2413 480
f 2420 2417 2416 2419
f 2441 545 546 2436
f 2442 2441 2436 2435
f 2443 2442 2435 2433
f 608 2443 2433 2432
f 609 608 2432 2434
f 577 2443 608 579
f 576 2442 2443 577
f 576 575 2441 2442
f 575 547 545 2441
f 641 2434 2431 642
f 610 609 2434 641
f 642 2431 2429 2444
f 643 642 2444 2445
f 2444 2429 2430 2446
f 2445 2444 2446 2447
f 2448 2445 2447 2449
f 644 643 2445 2448
f 2447 2446 2375 2450
f 2449 2447 2450 2451
f 2446 2430 2373 2375
f 2430 2400 2374 2373
f 2450 2375 2372 2452
f 2451 2450 2452 2453
f 2454 2451 2453 2455
f 2456 2449 2451 2454
f 672 2448 2449 2456
f 645 644 2448 672
f 673 672 2456 2457
f 2457 2456 2454 2458
f 2458 2454 2455 2459
f 2455 2453 2460 2461
f 2459 2455 2461 2462
f 2453 2452 2463 2460
f 2452 2372 2348 2463
f 2463 2348 2342 2341
f 2460 2463 2341 2343
f 2461 2460 2343 2284
f 2462 2461 2284 2281
f 2248 2462 2281 2249
f 2250 2459 2462 2248
f 706 2458 2459 2250
f 705 2457 2458 706
f 674 673 2457 705
f 707 706 2250 2247
f 708 707 2247 2217
f 2284 2343 2312 2282
f 356 2328 2330 357
f 354 2325 2328 356
f 353 2326 2325 354
f 355 2327 2326 353
f 2465 2327 355 2464
f 2466 2464 355 352
f 2296 2297 2327 2465
f 2468 2465 2464 2467
f 2298 2296 2465 2468
f 2469 2467 2464 2466
f 320 2466 352 321
f 319 2469 2466 320
f 2471 2467 2469 2470
f 317 2470 2469 319
f 2472 2468 2467 2471
f 2472 2473 2298 2468
f 2265 2266 2298 2473
f 2474 2475 2473 2472
f 2265 2473 2475 2234
f 2474 2472 2471 2476
f 2476 2471 2470 2477
f 316 2477 2470 317
f 2478 2477 316 318
f 2479 2476 2477 2478
f 2480 2474 2476 2479
f 2475 2474 2480 2230
f 2232 2234 2475 2230
f 2230 2480 2481 2231
f 2481 2480 2479 2482
f 2482 2479 2478 2483
f 2483 2478 318 2484
f 2484 318 315 2485
f 2487 2484 2485 2486
f 2488 2483 2484 2487
f 2489 2482 2483 2488
f 2205 2231 2481 2482
f 2205 2482 2489 2202
f 2203 2202 2489 2488
f 2491 2488 2487 2490
f 2203 2488 2491 2182
f 2487 2486 983 2490
f 2492 2486 2485 2493
f 983 2486 2492 981
f 2493 2485 315 314
f 2493 314 313 2494
f 950 2492 2493 2494
f 981 2492 950 949
f 950 2494 2495 948
f 2494 313 312 2495
f 2495 312 310 917
f 948 2495 917 916
f 915 917 310 309
f 884 915 309 311
f 883 311 308 2496
f 853 883 2496 854
f 2496 308 307 2497
f 854 2496 2497 2498
f 851 854 2498 2499
f 2497 2500 2501 2498
f 2498 2501 2502 2499
f 2497 307 306 2500
f 306 303 334 2500
f 2500 334 335 2501
f 2501 335 2503 2502
f 2502 2503 2505 2504
f 2506 2499 2502 2504
f 852 851 2499 2506
f 2507 2506 2504 2508
f 852 2506 2507 823
f 2508 2504 2505 2509
f 2503 337 2510 2505
f 2509 2505 2510 2511
f 2503 335 336 337
f 2510 337 338 371
f 2511 2510 371 2512
f 2513 2511 2512 2514
f 2515 2509 2511 2513
f 2516 2508 2509 2515
f 2507 2508 2516 2517
f 820 823 2507 2517
f 2518 2517 2516 2519
f 821 820 2517 2518
f 2519 2516 2515 2520
f 2520 2515 2513 2521
f 2521 2513 2514 2522
f 2514 2512 2523 2524
f 2522 2514 2524 2525
f 2512 371 369 2523
f 2523 369 370 400
f 2524 2523 400 2526
f 2525 2524 2526 2527
f 2528 2525 2527 2529
f 2530 2522 2525 2528
f 2531 2521 2522 2530
f 2532 2520 2521 2531
f 2533 2519 2520 2532
f 2534 2518 2519 2533
f 792 821 2518 2534
f 2535 2534 2533 2536
f 793 792 2534 2535
f 2536 2533 2532 2537
f 2537 2532 2531 2538
f 2538 2531 2530 2539
f 2539 2530 2528 2540
f 2540 2528 2529 2541
f 2529 2527 2542 2543
f 2541 2529 2543 2544
f 2527 2526 2545 2542
f 2526 400 398 2545
f 2545 398 399 429
f 2542 2545 429 432
f 2543 2542 432 2546
f 2543 2546 2547 2544
f 2544 2547 2549 2548
f 2541 2544 2548 2550
f 2551 2540 2541 2550
f 2552 2539 2540 2551
f 2553 2538 2539 2552
f 2554 2537 2538 2553
f 2536 2537 2554 2555
f 2556 2535 2536 2555
f 794 793 2535 2556
f 2556 2555 2558 2557
f 2559 794 2556 2557
f 2560 2555 2554 2561
f 2558 2555 2560 2562
f 2561 2554 2553 2563
f 2563 2553 2552 2564
f 2564 2552 2551 2565
f 2565 2551 2550 2566
f 2550 2548 2567 2566
f 2548 2549 2568 2567
f 2547 464 468 2549
f 2568 2549 468 2569
f 2546 465 464 2547
f 432 430 465 2546
f 430 431 463 465
f 2569 468 466 496
f 2570 2569 496 498
f 2571 2568 2569 2570
f 2567 2568 2571 2572
f 2573 2566 2567 2572
f 2565 2566 2573 2574
f 2575 2564 2565 2574
f 2576 2563 2564 2575
f 2561 2563 2576 2577
f 2560 2561 2577 2562
f 2578 2579 2558 2562
f 2562 2577 2580 2578
f 2581 2577 2576 2582
f 2580 2577 2581 2583
f 2576 2575 2584 2582
f 2584 2575 2574 2585
f 2574 2573 2586 2585
f 2573 2572 2587 2586
f 2587 2572 2571 2588
f 2588 2571 2570 2589
f 2589 2570 498 2590
f 498 497 499 2590
f 2589 2590 2592 2591
f 591 2590 499 2593
f 2594 2592 2590 591
f 2588 2589 2591 2595
f 2596 2587 2588 2595
f 2597 2586 2587 2596
f 2598 2585 2586 2597
f 2599 2584 2585 2600
f 2601 2600 2585 2598
f 2582 2584 2599 2602
f 2581 2582 2602 2583
f 2603 2580 2583 2604
f 2605 2604 2583 2602
f 2606 2578 2580 2603
f 2603 2604 660 688
f 2606 2603 688 690
f 2607 658 660 2604
f 2605 2608 2607 2604
f 2605 2602 2599 2608
f 2608 2599 2600 627
f 2601 2609 2610 2600
f 627 2600 2610 624
f 2601 2598 2597 2609
f 2609 2597 2596 2611
f 2611 2596 2595 2612
f 2612 2595 2591 2613
f 2613 2591 2592 2594
f 2594 591 590 2613
f 2593 560 561 591
f 503 501 560 2593
f 2593 499 500 503
f 2613 590 592 2612
f 2611 2612 592 594
f 2609 2611 594 2610
f 624 2610 594 593
f 2608 627 625 2607
f 625 626 658 2607
f 2614 2579 690 689
f 2606 690 2579 2578
f 2615 2616 2614 689
f 755 2615 689 691
f 2557 2558 2579 2614
f 2559 2557 2614 2616
f 2617 794 2559 2616
f 2618 2617 2616 2615
f 2618 2615 755 754
f 755 691 692 723
f 790 2618 754 756
f 790 788 2617 2618
f 789 794 2617 788
f 1014 2490 983 982
f 2183 2490 1014 1016
f 2183 2182 2491 2490
f 1047 1078 1016 1015
o Sphere
usemtl Sphere_2
v 0.085535630 0.708788812 -1.14272606 1 1 1
v 0.084142766 0.636030197 -1.12439442 1 1 1
v 0.204030886 0.652111470 -1.12054873 1 1 1
v 0.198862031 0.719906628 -1.13846838 1 1 1
v -0.03368523 0.70752877 -1.14240932 1 1 1
v -0.03257268 0.635066688 -1.12415421 1 1 1
v 0.087594650 0.820118606 -1.1561861 1 1 1
v 0.205210909 0.820390462 -1.14808822 1 1 1
v -0.03549444 0.820221185 -1.15618694 1 1 1
v 0.085478603 0.561770677 -1.10568416 1 1 1
v 0.205355361 0.564945995 -1.09837234 1 1 1
v -0.03364743 0.561995148 -1.10574496 1 1 1
v 0.333153516 0.695944309 -1.11063635 1 1 1
v 0.288773983 0.739280939 -1.12875748 1 1 1
v 0.332129418 0.57660079 -1.0804286 1 1 1
v 0.303832590 0.828974902 -1.13205886 1 1 1
v 0.207282409 0.943134546 -1.14775205 1 1 1
v 0.303270846 0.943084955 -1.13215446 1 1 1
v 0.087460547 0.943129062 -1.15618682 1 1 1
v -0.03540553 0.943088531 -1.1561867 1 1 1
v -0.15720573 0.818724453 -1.15588939 1 1 1
v -0.15409265 0.715593874 -1.14444184 1 1 1
v -0.15887612 0.943177759 -1.15561783 1 1 1
v -0.15226237 0.643601000 -1.12630486 1 1 1
v -0.15421049 0.562574148 -1.10589206 1 1 1
v -0.03568815 0.451600551 -1.07526898 1 1 1
v 0.087824679 0.451402545 -1.07516193 1 1 1
v -0.15775913 0.453418433 -1.07579494 1 1 1
v 0.209342166 0.455966472 -1.06794596 1 1 1
v 0.331830531 0.459037423 -1.04776335 1 1 1
v 0.452792257 0.474921584 -1.03402972 1 1 1
v 0.455129027 0.573047816 -1.05889976 1 1 1
v 0.458231389 0.696385741 -1.090132 1 1 1
v 0.373254865 0.820484519 -1.12077451 1 1 1
v 0.466219425 0.819814801 -1.10566401 1 1 1
v 0.376966059 0.943086504 -1.12017751 1 1 1
v 0.203713893 1.058315038 -1.14833224 1 1 1
v 0.291757643 1.054110884 -1.13402569 1 1 1
v 0.363357156 1.064070701 -1.1223911 1 1 1
v 0.087848529 1.062227129 -1.15618682 1 1 1
v -0.0357143 1.062067747 -1.1561861 1 1 1
v -0.15929247 1.0592556 -1.15554976 1 1 1
v -0.27057973 0.941850125 -1.13746715 1 1 1
v -0.27035108 0.827795743 -1.1375047 1 1 1
v -0.25989673 1.053114652 -1.13919795 1 1 1
v -0.26802284 0.734721124 -1.13083601 1 1 1
v -0.27600071 0.666328609 -1.11194253 1 1 1
v -0.27921405 0.571511089 -1.08742464 1 1 1
v -0.2818408 0.455464124 -1.05481803 1 1 1
v -0.1588068 0.360457956 -1.02735686 1 1 1
v -0.03538852 0.357463896 -1.0264287 1 1 1
v -0.28082818 0.374622404 -1.01315784 1 1 1
v 0.087440863 0.358024656 -1.02671492 1 1 1
v 0.210483461 0.365832746 -1.02100587 1 1 1
v 0.329271048 0.381143808 -1.00791025 1 1 1
v 0.449157565 0.402499556 -0.99765205 1 1 1
v 0.578307688 0.512551188 -1.0034579 1 1 1
v 0.578291595 0.601546406 -1.02655971 1 1 1
v 0.579240083 0.425483465 -0.96408355 1 1 1
v 0.578788042 0.699265360 -1.05151117 1 1 1
v 0.579269588 0.820223867 -1.06761372 1 1 1
v 0.465789020 0.943162381 -1.10574007 1 1 1
v 0.578653037 0.943094492 -1.06783009 1 1 1
v 0.463725686 1.067011475 -1.1060816 1 1 1
v 0.325546801 1.180423378 -1.10146976 1 1 1
v 0.275812268 1.130125403 -1.1224705 1 1 1
v 0.454795688 1.187530994 -1.07867277 1 1 1
v 0.198833569 1.144624471 -1.1313839 1 1 1
v 0.208204388 1.215699076 -1.11191773 1 1 1
v 0.331247717 1.307611465 -1.06820023 1 1 1
v 0.455500870 1.303706646 -1.04868913 1 1 1
v 0.212924078 1.319756031 -1.08492267 1 1 1
v 0.582083106 1.065152406 -1.06668091 1 1 1
v 0.569789767 1.186625123 -1.04177785 1 1 1
v 0.550979316 1.294665813 -1.0201267 1 1 1
v 0.689506173 0.822368383 -1.03045952 1 1 1
v 0.691042065 0.941861093 -1.02995193 1 1 1
v 0.684751987 1.063122987 -1.03208017 1 1 1
v 0.687754869 0.725167691 -1.02094615 1 1 1
v 0.697021842 0.642184972 -0.99678874 1 1 1
v 0.706320762 0.547022163 -0.96953326 1 1 1
v 0.711912214 0.466407179 -0.93486392 1 1 1
v 0.581509053 0.351802885 -0.92504972 1 1 1
v 0.712891221 0.379631787 -0.89080113 1 1 1
v 0.451234191 0.321015209 -0.95511675 1 1 1
v 0.33092314 0.309577167 -0.97052538 1 1 1
v 0.455576747 0.243129596 -0.90977925 1 1 1
v 0.582140982 0.271804124 -0.87980956 1 1 1
v 0.334665507 0.222794473 -0.91873938 1 1 1
v 0.708633780 0.297839015 -0.8459785 1 1 1
v 0.834643244 0.417184233 -0.84766471 1 1 1
v 0.833505928 0.502200365 -0.88935781 1 1 1
v 0.832686543 0.345916032 -0.81112361 1 1 1
v 0.817797482 0.590359747 -0.92987043 1 1 1
v 0.810329258 0.698760628 -0.96196276 1 1 1
v 0.761287987 0.747687399 -0.9995811 1 1 1
v 0.765167355 0.832098364 -1.00236273 1 1 1
v 0.764562010 0.941051423 -1.00267506 1 1 1
v 0.758383691 1.062224626 -1.00579906 1 1 1
v 0.660069108 1.183845996 -1.01173759 1 1 1
v 0.734461605 1.185537099 -0.98561513 1 1 1
v 0.624984026 1.302536726 -0.99303395 1 1 1
v 0.446099072 1.395307540 -1.0187093 1 1 1
v 0.531347811 1.376250028 -1.00112724 1 1 1
v 0.576494395 1.421510100 -0.96160698 1 1 1
v 0.716443419 1.307037353 -0.96044183 1 1 1
v 0.677604436 1.422677755 -0.92514819 1 1 1
v 0.834984004 1.063140869 -0.96590942 1 1 1
v 0.818868815 1.185859322 -0.93861949 1 1 1
v 0.797022163 1.306429386 -0.91542596 1 1 1
v 0.834906578 0.941866040 -0.96690977 1 1 1
v 0.835191547 0.822445094 -0.96675986 1 1 1
v 0.902228593 0.609323144 -0.89190197 1 1 1
v 0.913023233 0.705445110 -0.9085747 1 1 1
v 0.927861213 0.819981277 -0.91964346 1 1 1
v 0.948306679 0.563314676 -0.85179597 1 1 1
v 0.942109108 0.466065824 -0.80905586 1 1 1
v 0.953001618 0.384289056 -0.75772154 1 1 1
v 0.701266884 0.230431795 -0.8005563 1 1 1
v 0.826632082 0.263731122 -0.75971615 1 1 1
v 0.942479550 0.303504765 -0.71228957 1 1 1
v 1.062642693 0.438587635 -0.71791738 1 1 1
v 1.027280449 0.486492604 -0.76712358 1 1 1
v 1.039849877 0.335390389 -0.66960907 1 1 1
v 1.039204478 0.581081926 -0.78744537 1 1 1
v 0.987047910 0.696011602 -0.85931551 1 1 1
v 1.062402606 0.697942733 -0.80604225 1 1 1
v 1.000136613 0.820120573 -0.87173313 1 1 1
v 0.928145885 0.943185091 -0.91846877 1 1 1
v 1.000007391 0.943137526 -0.8701784 1 1 1
v 0.921954393 1.065744519 -0.9206056 1 1 1
v 0.902320921 1.186324238 -0.89473069 1 1 1
v 0.875537931 1.307135343 -0.87149048 1 1 1
v 0.763822555 1.434146165 -0.87692446 1 1 1
v 0.84623909 1.431382536 -0.83549362 1 1 1
v 0.951239287 1.306947827 -0.82468534 1 1 1
v 0.972817003 1.187564611 -0.84915465 1 1 1
v 0.914324879 1.426465272 -0.7923795 1 1 1
v 0.999826133 1.069266796 -0.86854953 1 1 1
v 1.072929620 0.820527136 -0.81728005 1 1 1
v 1.072558760 0.945608437 -0.81601429 1 1 1
v 1.071890234 1.073073625 -0.81478381 1 1 1
v 1.130685925 0.698541522 -0.75096345 1 1 1
v 1.139137506 0.820810735 -0.76435536 1 1 1
v 1.105855345 0.572711944 -0.72962731 1 1 1
v 1.140149831 0.442176729 -0.64817941 1 1 1
v 1.169201254 0.571368038 -0.67183942 1 1 1
v 1.109144568 0.328146606 -0.60689121 1 1 1
v 0.932219088 0.232524931 -0.6727438 1 1 1
v 1.015276193 0.25332129 -0.63248241 1 1 1
v 1.065279722 0.227558583 -0.57999533 1 1 1
v 1.185404539 0.272701889 -0.50555426 1 1 1
v 1.186390161 0.354569435 -0.55483568 1 1 1
v 1.207484602 0.446720331 -0.58841592 1 1 1
v 1.230348110 0.572137355 -0.61677718 1 1 1
v 1.191486597 0.698824346 -0.69282061 1 1 1
v 1.248536109 0.698537170 -0.63403296 1 1 1
v 1.199573278 0.820908129 -0.70021141 1 1 1
v 1.139220714 0.9470734 -0.76370478 1 1 1
v 1.197979807 0.944151461 -0.69887877 1 1 1
v 1.141129851 1.074466943 -0.76103479 1 1 1
v 1.049690604 1.191327929 -0.79190105 1 1 1
v 1.115363717 1.193389654 -0.74045157 1 1 1
v 1.019760370 1.307214736 -0.77220291 1 1 1
v 0.992467522 1.426454067 -0.73645478 1 1 1
v 0.794439792 1.539665222 -0.79212058 1 1 1
v 0.871995389 1.545008182 -0.73285788 1 1 1
v 0.933681845 1.545408010 -0.68508601 1 1 1
v 1.058243036 1.429658293 -0.68685347 1 1 1
v 1.089896559 1.310575485 -0.7167868 1 1 1
v 1.003175854 1.551918864 -0.63011348 1 1 1
v 1.197334408 1.070278167 -0.69903302 1 1 1
v 1.173613905 1.189505338 -0.67719603 1 1 1
v 1.149312973 1.309759736 -0.6530543 1 1 1
v 1.259049534 0.820969224 -0.63860655 1 1 1
v 1.255955576 0.941838085 -0.63627803 1 1 1
v 1.252723097 1.065466642 -0.63793445 1 1 1
v 1.293108105 0.573037266 -0.55312181 1 1 1
v 1.309488654 0.697170436 -0.5709272 1 1 1
v 1.317068219 0.820457756 -0.57853729 1 1 1
v 1.275508999 0.460155010 -0.53313905 1 1 1
v 1.249921202 0.378285408 -0.50964874 1 1 1
v 1.280267357 0.340023666 -0.44017419 1 1 1
v 1.325276494 0.458056569 -0.45360062 1 1 1
v 1.343242883 0.576821446 -0.46746063 1 1 1
v 1.357294201 0.697248876 -0.49091858 1 1 1
v 1.364578962 0.820456683 -0.49666089 1 1 1
v 1.313939929 0.942686259 -0.57618225 1 1 1
v 1.361571312 0.943220615 -0.493687 1 1 1
v 1.311599731 1.065110325 -0.57300186 1 1 1
v 1.232832312 1.187599062 -0.61395806 1 1 1
v 1.292023778 1.189872980 -0.54890746 1 1 1
v 1.208186984 1.308555364 -0.58752817 1 1 1
v 1.121305823 1.429608702 -0.62427026 1 1 1
v 1.183165073 1.428453207 -0.55837536 1 1 1
v 1.067281246 1.554680705 -0.56818908 1 1 1
v 0.949668169 1.671096563 -0.57519686 1 1 1
v 0.877987325 1.670812368 -0.63056874 1 1 1
v 1.012875437 1.679413437 -0.51251918 1 1 1
v 1.129578590 1.552258133 -0.50298047 1 1 1
v 1.073478460 1.666811823 -0.44586107 1 1 1
v 1.266209363 1.309309840 -0.52421546 1 1 1
v 1.239074826 1.429160118 -0.49721411 1 1 1
v 1.185834288 1.545269489 -0.43576002 1 1 1
v 1.338286042 1.189982414 -0.46435928 1 1 1
v 1.360234737 1.066253900 -0.4879646 1 1 1
v 1.310742259 1.310325622 -0.44207513 1 1 1
v 1.403769850 0.820415675 -0.42132124 1 1 1
v 1.398777961 0.943069338 -0.4179644 1 1 1
v 1.398150801 1.066910743 -0.41074222 1 1 1
v 1.397802591 0.697555780 -0.41348964 1 1 1
v 1.382157564 0.579194188 -0.39625168 1 1 1
v 1.371110200 0.458468049 -0.376257 1 1 1
v 1.342361331 0.331766575 -0.32665423 1 1 1
v 1.386364221 0.374822199 -0.28538606 1 1 1
v 1.412354826 0.464443475 -0.30598202 1 1 1
v 1.426175475 0.576656520 -0.31700587 1 1 1
v 1.446008205 0.698557794 -0.3216143 1 1 1
v 1.454342007 0.820408523 -0.32409659 1 1 1
v 1.447377920 0.943390667 -0.32289144 1 1 1
v 1.440696835 1.067411422 -0.3241066 1 1 1
v 1.376641988 1.189595818 -0.38676557 1 1 1
v 1.414666175 1.191108584 -0.3088342 1 1 1
v 1.349946975 1.310612797 -0.36161464 1 1 1
v 1.280912995 1.425581932 -0.42246136 1 1 1
v 1.318189978 1.426863312 -0.34098721 1 1 1
v 1.230739951 1.542949080 -0.38061991 1 1 1
v 1.121677517 1.667145013 -0.38087669 1 1 1
v 1.221284866 1.682806849 -0.37451032 1 1 1
v 1.322950959 1.551003456 -0.34702584 1 1 1
v 1.310798525 1.681236267 -0.34192795 1 1 1
v 1.385721445 1.311457634 -0.28804931 1 1 1
v 1.393662571 1.431889057 -0.28013408 1 1 1
v 1.403131604 1.554152369 -0.29631349 1 1 1
v 1.451633930 1.194572925 -0.20527183 1 1 1
v 1.480426907 1.069406867 -0.20526826 1 1 1
v 1.406975150 1.312409877 -0.18698874 1 1 1
v 1.488943219 0.943880140 -0.20360307 1 1 1
v 1.497412681 0.819894790 -0.19560745 1 1 1
v 1.492488741 0.704492688 -0.1957356 1 1 1
v 1.471852541 0.573796391 -0.20407379 1 1 1
v 1.452564001 0.451636165 -0.20629176 1 1 1
v 1.409674644 0.353004723 -0.19549952 1 1 1
v 1.375634312 0.277898222 -0.20501785 1 1 1
v 1.372787833 0.271595537 -0.08038689 1 1 1
v 1.406783461 0.346603006 -0.08035824 1 1 1
v 1.452392339 0.450469553 -0.08060417 1 1 1
v 1.471664071 0.572456419 -0.08036772 1 1 1
v 1.488671183 0.680176198 -0.07948585 1 1 1
v 1.498990178 0.745614588 -0.1472746 1 1 1
v 1.499685883 0.784973382 -0.14723034 1 1 1
v 1.498838067 0.744561195 -0.07074009 1 1 1
v 1.496007800 0.851244747 -0.07950246 1 1 1
v 1.499326586 0.791630029 -0.07072901 1 1 1
v 1.489696264 0.949322521 -0.0803902 1 1 1
v 1.481671452 1.067799091 -0.0805137 1 1 1
v 1.454223394 1.190967440 -0.07903576 1 1 1
v 1.467440486 1.322407364 -0.07954038 1 1 1
v 1.456759691 1.431737303 -0.21231076 1 1 1
v 1.500582575 1.431789398 -0.13046223 1 1 1
v 1.472274184 1.555222749 -0.22057511 1 1 1
v 1.399481058 1.680477380 -0.28357458 1 1 1
v 1.469574570 1.680919170 -0.19668601 1 1 1
v 1.509214043 1.546831369 -0.14988445 1 1 1
v 1.504108309 1.631264925 -0.14850107 1 1 1
v 1.499283194 1.370982408 -0.04608462 1 1 1
v 1.519761085 1.444644689 -0.05981975 1 1 1
v 1.531737446 1.551350355 -0.07050383 1 1 1
v 1.468434929 1.321145653 0.038026690 1 1 1
v 1.455054998 1.190756201 0.040085468 1 1 1
v 1.497371912 1.370198488 0.002026800 1 1 1
v 1.482784628 1.067864060 0.042245984 1 1 1
v 1.490550637 0.949625909 0.042252585 1 1 1
v 1.495998144 0.851734757 0.041385978 1 1 1
v 1.499305367 0.792281746 0.032636310 1 1 1
v 1.498896241 0.744807958 0.032648295 1 1 1
v 1.488690495 0.680155873 0.041385322 1 1 1
v 1.471679091 0.572459399 0.042253453 1 1 1
v 1.492585539 0.704704999 0.157557249 1 1 1
v 1.471920371 0.573907136 0.165871739 1 1 1
v 1.499104499 0.746035277 0.109234660 1 1 1
v 1.499663233 0.786051213 0.109165109 1 1 1
v 1.497747778 0.820596993 0.157454818 1 1 1
v 1.490874648 0.944124817 0.165480464 1 1 1
v 1.483795762 1.069715023 0.167103558 1 1 1
v 1.454881787 1.194705963 0.167969614 1 1 1
v 1.425053715 1.311262607 0.154628828 1 1 1
v 1.494915247 1.427586913 0.086278617 1 1 1
v 1.518945097 1.4431566 0.01110378 1 1 1
v 1.420181751 1.429499268 0.151571899 1 1 1
v 1.528651118 1.551071405 0.019050274 1 1 1
v 1.522250771 1.645616889 -0.07786462 1 1 1
v 1.520605325 1.642188668 0.010087939 1 1 1
v 1.503091335 1.718309402 -0.0792626 1 1 1
v 1.496632933 1.695981860 0.058587990 1 1 1
v 1.500132918 1.559974432 0.094858795 1 1 1
v 1.420285344 1.554791688 0.141924917 1 1 1
v 1.323994636 1.543916702 0.174995482 1 1 1
v 1.366029262 1.427188038 0.218377277 1 1 1
v 1.391988396 1.310913205 0.251475185 1 1 1
v 1.416523456 1.192999362 0.273379802 1 1 1
v 1.441255450 1.068045020 0.286543458 1 1 1
v 1.449594140 0.943428397 0.285641551 1 1 1
v 1.456168770 0.820578515 0.286511778 1 1 1
v 1.448155045 0.698485195 0.284253686 1 1 1
v 1.428755283 0.576102078 0.279968380 1 1 1
v 1.452405333 0.450473278 0.042480930 1 1 1
v 1.452528595 0.451172977 0.168192520 1 1 1
v 1.410387754 0.477871865 0.277587831 1 1 1
v 1.386277914 0.586593389 0.363089352 1 1 1
v 1.374040126 0.502076923 0.351380348 1 1 1
v 1.399412751 0.697488725 0.377280473 1 1 1
v 1.404977321 0.82042557 0.384867966 1 1 1
v 1.402465343 0.943220436 0.383058160 1 1 1
v 1.398729205 1.068062305 0.374419778 1 1 1
v 1.379212498 1.192315936 0.352167695 1 1 1
v 1.357886552 1.311792135 0.324771940 1 1 1
v 1.325850963 1.428902864 0.301154345 1 1 1
v 1.285807490 1.548910737 0.259975373 1 1 1
v 1.309556603 1.669579148 0.129156649 1 1 1
v 1.415200710 1.680500865 0.128985345 1 1 1
v 1.228815555 1.665705084 0.202333569 1 1 1
v 1.450709343 1.805025935 0.053960174 1 1 1
v 1.456522941 1.815483927 -0.07910393 1 1 1
v 1.398774862 1.775593638 0.122940681 1 1 1
v 1.325315475 1.814662575 0.143695861 1 1 1
v 1.201075673 1.791571974 0.153121501 1 1 1
v 1.184252858 1.670943737 0.280814170 1 1 1
v 1.243446826 1.556934595 0.346581816 1 1 1
v 1.112645149 1.786736130 0.213579505 1 1 1
v 1.287650346 1.429151415 0.380675852 1 1 1
v 1.318676710 1.312107563 0.409489899 1 1 1
v 1.342218875 1.191798806 0.428193002 1 1 1
v 1.361491918 1.067602396 0.451429158 1 1 1
v 1.363621354 0.943255543 0.458002358 1 1 1
v 1.365698456 0.820395588 0.460331618 1 1 1
v 1.358773589 0.697148561 0.455008268 1 1 1
v 1.345116972 0.576330363 0.431792885 1 1 1
v 1.334791421 0.454304993 0.396650910 1 1 1
v 1.374147176 0.397448867 0.286718875 1 1 1
v 1.333301425 0.310035139 0.286162227 1 1 1
v 1.292558550 0.358710020 0.395561575 1 1 1
v 1.275474309 0.459955543 0.495050191 1 1 1
v 1.249996542 0.378270894 0.471556723 1 1 1
v 1.293032765 0.573170304 0.515233278 1 1 1
v 1.309553265 0.697208821 0.532864153 1 1 1
v 1.317638754 0.820392429 0.540560364 1 1 1
v 1.315139174 0.943319439 0.538886070 1 1 1
v 1.313474655 1.066810369 0.536587536 1 1 1
v 1.296101450 1.191160678 0.514831781 1 1 1
v 1.275596141 1.311993956 0.493910729 1 1 1
v 1.239799022 1.432673811 0.464772552 1 1 1
v 1.201304793 1.563282012 0.415440827 1 1 1
v 1.131036400 1.680152773 0.348489821 1 1 1
v 1.063608408 1.774543404 0.308473050 1 1 1
v 1.063441753 1.908057332 0.182516992 1 1 1
v 1.200747489 1.938786506 0.154287472 1 1 1
v 0.998749852 1.846676707 0.281285136 1 1 1
v 1.015468478 1.749936223 0.418866097 1 1 1
v 1.079900741 1.666616082 0.447169274 1 1 1
v 0.953030943 1.812684178 0.417424023 1 1 1
v 1.138982296 1.564851522 0.480622738 1 1 1
v 1.184911727 1.433117747 0.524925947 1 1 1
v 1.216055393 1.310650467 0.557971358 1 1 1
v 1.236238479 1.188667058 0.579784810 1 1 1
v 1.253785014 1.068224668 0.601020693 1 1 1
v 1.257082700 0.942995190 0.599006354 1 1 1
v 1.259448170 0.820923209 0.600789904 1 1 1
v 1.248601675 0.698500573 0.595933139 1 1 1
v 1.230455040 0.572124958 0.578655004 1 1 1
v 1.207549214 0.446708202 0.550330996 1 1 1
v 1.190889358 0.336921066 0.502467751 1 1 1
v 1.245654463 0.269877702 0.407211899 1 1 1
v 1.192891001 0.207407742 0.397584348 1 1 1
v 1.149302840 0.251357287 0.484865516 1 1 1
v 1.109164595 0.328132718 0.568810164 1 1 1
v 1.079688906 0.222038358 0.525943636 1 1 1
v 1.140183329 0.442149698 0.610103249 1 1 1
v 1.16924119 0.571340024 0.633763432 1 1 1
v 1.191490531 0.698783218 0.654769361 1 1 1
v 1.199788570 0.820882499 0.662560164 1 1 1
v 1.198478102 0.945157885 0.661540806 1 1 1
v 1.197723746 1.072317481 0.661518871 1 1 1
v 1.177038788 1.190563559 0.642424643 1 1 1
v 1.155813694 1.311399221 0.621919512 1 1 1
v 1.125070929 1.433919429 0.589922070 1 1 1
v 1.076056957 1.539746403 0.565697550 1 1 1
v 1.021059155 1.631255388 0.547882914 1 1 1
v 0.956412494 1.688953042 0.544781982 1 1 1
v 0.949306309 1.559387087 0.647165238 1 1 1
v 1.006410002 1.493554949 0.649704456 1 1 1
v 0.886560380 1.619474411 0.652881562 1 1 1
v 1.062936425 1.410105824 0.664723277 1 1 1
v 1.095738887 1.311715483 0.684293746 1 1 1
v 1.117712497 1.193271160 0.704697787 1 1 1
v 1.140551805 1.075410842 0.722372412 1 1 1
v 1.139035344 0.947090745 0.725704073 1 1 1
v 1.139172673 0.820793390 0.726386427 1 1 1
v 1.130716085 0.698504924 0.712880849 1 1 1
v 1.105893135 0.572689473 0.691545784 1 1 1
v 1.062674045 0.438558727 0.679828882 1 1 1
v 1.039871811 0.335377484 0.631514191 1 1 1
v 1.015289545 0.253313213 0.594382286 1 1 1
v 0.942503452 0.303487390 0.674198150 1 1 1
v 0.936809599 0.215836316 0.619904279 1 1 1
v 0.953026235 0.384259641 0.719637811 1 1 1
v 0.942132115 0.466034650 0.770973026 1 1 1
v 1.027311563 0.486463606 0.729040443 1 1 1
v 1.039233326 0.581060826 0.749363184 1 1 1
v 1.062413692 0.697925806 0.767973363 1 1 1
v 1.073050856 0.820512771 0.779404521 1 1 1
v 1.073030471 0.945690691 0.778638064 1 1 1
v 1.072368860 1.073154687 0.777136981 1 1 1
v 1.051528811 1.191159725 0.754805266 1 1 1
v 1.025916099 1.299696683 0.738746583 1 1 1
v 1.013638258 1.387039780 0.715274393 1 1 1
v 0.937322497 1.425652623 0.744174242 1 1 1
v 0.899078607 1.509079337 0.716663241 1 1 1
v 0.818532407 1.550303459 0.747365713 1 1 1
v 0.810620188 1.691237568 0.648649931 1 1 1
v 0.887883663 1.744253516 0.536708116 1 1 1
v 0.780878484 1.629813075 0.721376836 1 1 1
v 0.848525643 1.433333516 0.799852430 1 1 1
v 0.707038223 1.554237842 0.807596743 1 1 1
v 0.766089379 1.436062812 0.841773331 1 1 1
v 0.693127036 1.648171663 0.748437225 1 1 1
v 0.953202545 1.308436393 0.788395881 1 1 1
v 0.877861917 1.309982061 0.836777508 1 1 1
v 0.973999679 1.187980175 0.812063515 1 1 1
v 1.000341892 1.069235444 0.830614149 1 1 1
v 1.000333428 0.943132877 0.832352161 1 1 1
v 1.000281572 0.820108652 0.833752155 1 1 1
v 0.987073242 0.696001768 0.821213960 1 1 1
v 0.948324561 0.563296794 0.813698291 1 1 1
v 0.833524107 0.502173662 0.851266861 1 1 1
v 0.834671735 0.417153060 0.809582591 1 1 1
v 0.817814588 0.590332150 0.891774117 1 1 1
v 0.902245044 0.609302103 0.853806614 1 1 1
v 0.913062870 0.705434441 0.870455980 1 1 1
v 0.927955567 0.819977641 0.881484508 1 1 1
v 0.928322553 0.943176984 0.880261063 1 1 1
v 0.92227 1.065662741 0.882321536 1 1 1
v 0.903903126 1.187426686 0.858140170 1 1 1
v 0.798719942 1.308742880 0.878976345 1 1 1
v 0.820075273 1.186700940 0.902286171 1 1 1
v 0.680073082 1.424617290 0.889029443 1 1 1
v 0.717131614 1.307710170 0.922485888 1 1 1
v 0.663166523 1.513216972 0.852831959 1 1 1
v 0.581759154 1.671919941 0.773934125 1 1 1
v 0.583843946 1.603270053 0.824866771 1 1 1
v 0.572472453 1.531019806 0.873967886 1 1 1
v 0.701585829 1.712499618 0.688622534 1 1 1
v 0.579257488 1.743213653 0.715288341 1 1 1
v 0.463316679 1.696231842 0.799411535 1 1 1
v 0.465362787 1.626533985 0.849805653 1 1 1
v 0.460405230 1.765514731 0.747593104 1 1 1
v 0.460972547 1.550790429 0.899204552 1 1 1
v 0.577412545 1.42355299 0.925499558 1 1 1
v 0.453754574 1.470410943 0.942515552 1 1 1
v 0.625212431 1.302598834 0.955132722 1 1 1
v 0.734542250 1.185535430 0.947842896 1 1 1
v 0.660379886 1.183926343 0.973654389 1 1 1
v 0.834873020 1.063222408 0.927856862 1 1 1
v 0.758445739 1.062351942 0.967665493 1 1 1
v 0.834934830 0.941915154 0.928787469 1 1 1
v 0.835228383 0.822441399 0.928637564 1 1 1
v 0.810346186 0.698744833 0.923862576 1 1 1
v 0.697037935 0.642163991 0.958691239 1 1 1
v 0.706344008 0.546995937 0.931436836 1 1 1
v 0.687766075 0.725152850 0.982847750 1 1 1
v 0.761301159 0.747673571 0.961479485 1 1 1
v 0.765179693 0.832093596 0.964258194 1 1 1
v 0.764595389 0.941133678 0.964555978 1 1 1
v 0.684881269 1.063234090 0.993864238 1 1 1
v 0.691078662 0.941910505 0.991790473 1 1 1
v 0.569998860 1.186664581 1.003750920 1 1 1
v 0.582111299 1.065193176 1.028523087 1 1 1
v 0.551320195 1.294890761 0.982016682 1 1 1
v 0.531773030 1.376912117 0.963661015 1 1 1
v 0.443784922 1.399081945 0.979894995 1 1 1
v 0.329580754 1.565141558 0.916682720 1 1 1
v 0.324288338 1.487405300 0.957208514 1 1 1
v 0.326945573 1.415253162 0.992487192 1 1 1
v 0.334796100 1.639285802 0.867104351 1 1 1
v 0.210543170 1.655444026 0.877600967 1 1 1
v 0.208292007 1.572997808 0.932349681 1 1 1
v 0.206383064 1.502418756 0.968933939 1 1 1
v 0.208355397 1.426548004 1.007607340 1 1 1
v 0.455523252 1.303955555 1.010496139 1 1 1
v 0.328922241 1.310912609 1.029611706 1 1 1
v 0.210774764 1.317185044 1.047749042 1 1 1
v 0.454774558 1.18749547 1.040553450 1 1 1
v 0.463723838 1.067005872 1.067972302 1 1 1
v 0.578646779 0.943094730 1.029694557 1 1 1
v 0.465796262 0.943159639 1.067634701 1 1 1
v 0.689510524 0.822365582 0.992346286 1 1 1
v 0.579268276 0.820224642 1.029501557 1 1 1
v 0.578795373 0.699257671 1.013414740 1 1 1
v 0.578306555 0.601529419 0.988463103 1 1 1
v 0.466225743 0.819815337 1.067564249 1 1 1
v 0.458234250 0.696384728 1.052036404 1 1 1
v 0.376974105 0.943086504 1.082067489 1 1 1
v 0.373270571 0.820483386 1.082668304 1 1 1
v 0.363355636 1.064066648 1.084281206 1 1 1
v 0.325534433 1.180403590 1.063352346 1 1 1
v 0.208197370 1.215655326 1.073780298 1 1 1
v 0.087581984 1.320781469 1.056099891 1 1 1
v 0.087460175 1.229635715 1.079078793 1 1 1
v 0.087577551 1.427383422 1.015813231 1 1 1
v 0.087443448 1.509040594 0.973866403 1 1 1
v 0.087573856 1.582160949 0.936307311 1 1 1
v 0.087512023 1.662584543 0.882351815 1 1 1
v 0.210463777 1.724671840 0.824174642 1 1 1
v 0.335427969 1.708001971 0.814496338 1 1 1
v 0.087448626 1.731232047 0.829328954 1 1 1
v -0.03541745 1.662831902 0.882175505 1 1 1
v -0.03537143 1.731353759 0.829237282 1 1 1
v -0.03546218 1.582529425 0.936133027 1 1 1
v -0.03537374 1.509524703 0.973626494 1 1 1
v -0.03546255 1.427130579 1.015947103 1 1 1
v -0.0354766 1.320453643 1.056187033 1 1 1
v -0.03539592 1.231146812 1.078699827 1 1 1
v 0.087443724 1.156022667 1.097638011 1 1 1
v 0.198829039 1.144586443 1.093264460 1 1 1
v -0.03539453 1.157630205 1.097233176 1 1 1
v 0.275800913 1.130107641 1.084352731 1 1 1
v 0.291752278 1.054108262 1.095916032 1 1 1
v 0.303278535 0.943084955 1.094042182 1 1 1
v 0.303849875 0.828972578 1.093948602 1 1 1
v 0.333166360 0.695940077 1.072531104 1 1 1
v 0.288791894 0.739275217 1.090647697 1 1 1
v 0.205217659 0.820389449 1.109975099 1 1 1
v 0.198871552 0.719901502 1.100356459 1 1 1
v 0.207284897 0.943134546 1.109640121 1 1 1
v 0.203712225 1.058305740 1.110221505 1 1 1
v 0.087848894 1.062212348 1.118077278 1 1 1
v -0.03571486 1.062054157 1.118077993 1 1 1
v -0.150582 1.150905728 1.098931312 1 1 1
v -0.15866226 1.221521377 1.080589413 1 1 1
v -0.1592897 1.059247255 1.117440462 1 1 1
v -0.15900874 1.320189833 1.055656433 1 1 1
v -0.15857373 1.429506778 1.014189481 1 1 1
v -0.15802623 1.506901264 0.974510908 1 1 1
v -0.15850894 1.577857017 0.937973499 1 1 1
v -0.15873684 1.660940885 0.882995307 1 1 1
v -0.15870699 1.730250239 0.829480886 1 1 1
v -0.28075719 1.645929932 0.872593700 1 1 1
v -0.28089285 1.717065930 0.818017125 1 1 1
v -0.28032705 1.566462755 0.924052178 1 1 1
v -0.2795645 1.493477821 0.961677730 1 1 1
v -0.28029695 1.419981837 0.998400211 1 1 1
v -0.28096163 1.313163042 1.037354826 1 1 1
v -0.28323793 1.183375001 1.069993734 1 1 1
v -0.24023664 1.135707855 1.088988900 1 1 1
v -0.25989035 1.053116202 1.101097345 1 1 1
v -0.03540562 0.943088531 1.118075251 1 1 1
v -0.15887658 0.943177878 1.117506027 1 1 1
v -0.27057827 0.941852688 1.099349737 1 1 1
v 0.087460547 0.943128824 1.118075251 1 1 1
v 0.087594740 0.820118486 1.118073821 1 1 1
v 0.085537195 0.708787143 1.104611277 1 1 1
v -0.03549471 0.820221126 1.118073225 1 1 1
v -0.0336819 0.707532107 1.104294419 1 1 1
v -0.15720259 0.818725466 1.117776274 1 1 1
v -0.27034488 0.827799677 1.099386096 1 1 1
v -0.34628636 0.941040575 1.087050199 1 1 1
v -0.34833696 0.832069814 1.086709260 1 1 1
v -0.3299787 1.060920715 1.089713454 1 1 1
v -0.40237579 1.187016725 1.049501419 1 1 1
v -0.41673395 1.063229322 1.075621485 1 1 1
v -0.40485927 1.308293104 1.017919182 1 1 1
v -0.39652118 1.406540155 0.984578430 1 1 1
v -0.40389922 1.474476337 0.949626922 1 1 1
v -0.40368611 1.558203220 0.908191263 1 1 1
v -0.40324193 1.635108232 0.858316838 1 1 1
v -0.40547103 1.704051256 0.805599987 1 1 1
v -0.52711225 1.616853117 0.835036218 1 1 1
v -0.53138167 1.683951139 0.784265816 1 1 1
v -0.52653539 1.538425803 0.884782552 1 1 1
v -0.5321275 1.435904145 0.935326814 1 1 1
v -0.48949811 1.388526201 0.972991287 1 1 1
v -0.50877893 1.304463028 0.993904233 1 1 1
v -0.52757674 1.188399672 1.017632961 1 1 1
v -0.52741998 1.065429925 1.046986579 1 1 1
v -0.42005995 0.941900730 1.075066804 1 1 1
v -0.52875972 0.943134784 1.046534776 1 1 1
v -0.42014378 0.822261989 1.075039029 1 1 1
v -0.34357023 0.754388332 1.085515856 1 1 1
v -0.39457813 0.704339146 1.064356446 1 1 1
v -0.26801509 0.734732866 1.092718839 1 1 1
v -0.15408397 0.715600669 1.106326818 1 1 1
v -0.03256704 0.635072231 1.086037635 1 1 1
v -0.15225008 0.643610894 1.088188290 1 1 1
v -0.27599266 0.666339993 1.073821425 1 1 1
v -0.27921081 0.571516037 1.049297928 1 1 1
v -0.40209344 0.574431598 1.029701709 1 1 1
v -0.52689415 0.697844266 1.030650496 1 1 1
v -0.51927489 0.581694603 1.003058552 1 1 1
v -0.52910167 0.820079982 1.046409010 1 1 1
v -0.64217788 0.943087637 1.008297205 1 1 1
v -0.6441204 0.819203436 1.007642746 1 1 1
v -0.64289284 1.065334081 1.008044481 1 1 1
v -0.62346399 1.186588883 0.985580742 1 1 1
v -0.58999765 1.312342286 0.964508354 1 1 1
v -0.64819998 1.425277233 0.899909913 1 1 1
v -0.67427307 1.312422275 0.936103403 1 1 1
v -0.64618003 1.515839695 0.857543706 1 1 1
v -0.6488421 1.587930679 0.812181413 1 1 1
v -0.76386046 1.480008244 0.819742083 1 1 1
v -0.77251244 1.543745875 0.777113616 1 1 1
v -0.75405878 1.404536724 0.864015221 1 1 1
v -0.76091594 1.309883117 0.898729205 1 1 1
v -0.69930702 1.185701727 0.959966361 1 1 1
v -0.78614473 1.184644699 0.920802116 1 1 1
v -0.72564507 1.064907550 0.980137169 1 1 1
v -0.73101848 0.943131148 0.978336572 1 1 1
v -0.72880876 0.818346142 0.979093909 1 1 1
v -0.63193446 0.694539845 0.994097113 1 1 1
v -0.71091163 0.693244636 0.966865718 1 1 1
v -0.61086458 0.586208403 0.973557174 1 1 1
v -0.40492639 0.466769844 1.000658750 1 1 1
v -0.51565015 0.487400740 0.97980088 1 1 1
v -0.59166121 0.509321212 0.960034072 1 1 1
v -0.28183535 0.455470442 1.016690373 1 1 1
v -0.28081846 0.374635130 0.975034773 1 1 1
v -0.40376845 0.393032342 0.962706983 1 1 1
v -0.52688456 0.416538327 0.940688848 1 1 1
v -0.64163077 0.462988376 0.921423852 1 1 1
v -0.68281138 0.574595332 0.946410834 1 1 1
v -0.79312503 0.693149447 0.931098341 1 1 1
v -0.7725544 0.572965145 0.910131394 1 1 1
v -0.80132377 0.819005787 0.945868611 1 1 1
v -0.80464792 0.943118572 0.944195330 1 1 1
v -0.79976279 1.065666675 0.946136057 1 1 1
v -0.8715741 1.183298349 0.876303851 1 1 1
v -0.89326137 1.064932346 0.897445619 1 1 1
v -0.85358959 1.297928094 0.853038668 1 1 1
v -0.83504665 1.385324955 0.833368837 1 1 1
v -0.86223549 1.416576623 0.802163839 1 1 1
v -0.92641437 1.306559324 0.808385849 1 1 1
v -0.94737279 1.182749748 0.832981765 1 1 1
v -0.96777487 1.063803672 0.854620337 1 1 1
v -0.89226431 0.943129062 0.899045348 1 1 1
v -0.97021991 0.943162679 0.854475736 1 1 1
v -0.89503562 0.819267869 0.898220419 1 1 1
v -0.87986732 0.693784594 0.885504007 1 1 1
v -0.86489087 0.582755565 0.865916788 1 1 1
v -0.75970602 0.476730763 0.880843818 1 1 1
v -0.84252232 0.496763825 0.843522310 1 1 1
v -0.5328691 0.337149381 0.897199690 1 1 1
v -0.6482935 0.363512218 0.868470251 1 1 1
v -0.77020878 0.396997988 0.836594283 1 1 1
v -0.40630308 0.314728498 0.921736180 1 1 1
v -0.27937552 0.300310790 0.936709046 1 1 1
v -0.27697971 0.215385541 0.886698663 1 1 1
v -0.40669882 0.234256580 0.874775767 1 1 1
v -0.53550655 0.257894694 0.851068079 1 1 1
v -0.65367085 0.285151481 0.821576297 1 1 1
v -0.7710768 0.316828846 0.793614268 1 1 1
v -0.88336557 0.452928096 0.798725366 1 1 1
v -0.88143253 0.342117011 0.738855958 1 1 1
v -0.93809462 0.571682393 0.824143409 1 1 1
v -0.95655525 0.693988323 0.842371940 1 1 1
v -0.97019625 0.818697989 0.856196701 1 1 1
v -1.0354799 0.819381773 0.807448148 1 1 1
v -1.0374186 0.943114757 0.805108070 1 1 1
v -1.03387535 1.064744949 0.806045949 1 1 1
v -1.01868224 1.181653618 0.781752169 1 1 1
v -0.98637635 1.314595818 0.762526452 1 1 1
v -0.91819125 1.461565136 0.734262108 1 1 1
v -1.06898344 1.303433299 0.706416308 1 1 1
v -1.08724523 1.183404445 0.731263160 1 1 1
v -1.02346385 1.43988204 0.673189759 1 1 1
v -1.10924613 1.066881418 0.750644683 1 1 1
v -1.11088526 0.943183481 0.750360429 1 1 1
v -1.11097527 0.820000827 0.751040577 1 1 1
v -1.02724981 0.694776535 0.792315423 1 1 1
v -1.09616148 0.695815503 0.741317749 1 1 1
v -1.00698042 0.572711169 0.771501243 1 1 1
v -0.98262006 0.462295115 0.745473802 1 1 1
v -0.95926684 0.378627628 0.711870968 1 1 1
v -0.84451896 0.264740079 0.711375117 1 1 1
v -0.87722486 0.200013712 0.645028948 1 1 1
v -0.95169604 0.271706640 0.647607743 1 1 1
v -0.76180321 0.241626739 0.745342731 1 1 1
v -1.0255872 0.345006704 0.646992147 1 1 1
v -0.6528905 0.215752944 0.771985173 1 1 1
v -0.53322858 0.187995076 0.799215972 1 1 1
v -0.53023565 0.120454073 0.747597634 1 1 1
v -0.65220362 0.142291858 0.717203319 1 1 1
v -0.77322352 0.174076274 0.690133571 1 1 1
v -0.85276371 0.131993532 0.607992947 1 1 1
v -0.88304394 0.071120537 0.526249051 1 1 1
v -0.96272022 0.138025790 0.542131841 1 1 1
v -0.7669726 0.105569809 0.635893404 1 1 1
v -1.02882743 0.195097774 0.547882616 1 1 1
v -1.08704305 0.259054511 0.543388724 1 1 1
v -1.09322333 0.369307488 0.608958482 1 1 1
v -1.15757263 0.335297465 0.531662702 1 1 1
v -1.11929619 0.456356078 0.637560308 1 1 1
v -1.05330241 0.449074029 0.694502770 1 1 1
v -1.0797466 0.572157919 0.714947938 1 1 1
v -1.14186013 0.570662856 0.658222615 1 1 1
v -1.16447842 0.695447862 0.681198775 1 1 1
v -1.17408741 0.820148825 0.690704345 1 1 1
v -1.17399752 0.943160057 0.690016925 1 1 1
v -1.23465192 0.820344209 0.628038823 1 1 1
v -1.22529387 0.694637119 0.618765354 1 1 1
v -1.23379958 0.943154811 0.627227425 1 1 1
v -1.20579839 0.569246113 0.599873185 1 1 1
v -1.18093932 0.446729511 0.574900925 1 1 1
v -1.15288699 0.192830994 0.426090359 1 1 1
v -1.21760046 0.253618359 0.425772547 1 1 1
v -1.22043788 0.364768326 0.491058200 1 1 1
v -1.27891195 0.340137928 0.404444307 1 1 1
v -1.24793303 0.454176336 0.517126977 1 1 1
v -1.09089696 0.132963836 0.42437464 1 1 1
v -1.02667165 0.075099423 0.421576589 1 1 1
v -0.96401209 0.020349064 0.420862406 1 1 1
v -0.99895954 -0.03218543 0.293950110 1 1 1
v -1.08237529 0.024476233 0.294653564 1 1 1
v -1.14404309 0.079047530 0.296012520 1 1 1
v -1.20671415 0.138723790 0.296700358 1 1 1
v -1.26682341 0.205354765 0.294407665 1 1 1
v -1.31458342 0.274013966 0.288584977 1 1 1
v -1.32157087 0.374675899 0.358410537 1 1 1
v -1.36216986 0.356163263 0.274229317 1 1 1
v -1.35053563 0.463408768 0.376757383 1 1 1
v -1.30182695 0.449125021 0.448431789 1 1 1
v -1.26910233 0.569780826 0.538812458 1 1 1
v -1.32038975 0.572771370 0.473977059 1 1 1
v -1.28672278 0.695631802 0.555851519 1 1 1
v -1.29601181 0.820175766 0.564458787 1 1 1
v -1.29393482 0.943254530 0.562350690 1 1 1
v -1.2321403 1.066440701 0.624661445 1 1 1
v -1.29451561 1.066895246 0.557355403 1 1 1
v -1.17254722 1.066660642 0.688942194 1 1 1
v -1.34490585 0.943360030 0.493933349 1 1 1
v -1.34733725 0.820220828 0.495578020 1 1 1
v -1.34285891 1.066666841 0.490052789 1 1 1
v -1.33989704 0.696986377 0.488560378 1 1 1
v -1.3649435 0.574805319 0.396067529 1 1 1
v -1.38164091 0.697392523 0.411238491 1 1 1
v -1.40760028 0.459591686 0.27521348 1 1 1
v -1.41293752 0.577216923 0.310586065 1 1 1
v -1.35828674 0.239622607 0.166624188 1 1 1
v -1.39794302 0.327122062 0.166215792 1 1 1
v -1.44136095 0.422922104 0.165554240 1 1 1
v -1.3064326 0.166213214 0.168269693 1 1 1
v -1.24539053 0.101095557 0.168866053 1 1 1
v -1.18553376 0.037241220 0.169176906 1 1 1
v -1.11152267 -0.01728074 0.168325856 1 1 1
v -1.11677265 -0.01348586 0.042258955 1 1 1
v -1.18601322 0.037744376 0.042371351 1 1 1
v -1.24469757 0.100349605 0.042256638 1 1 1
v -1.30513752 0.164825692 0.042336750 1 1 1
v -1.35625947 0.235137209 0.042431697 1 1 1
v -1.3977282 0.326636344 0.042255807 1 1 1
v -1.4382807 0.416104137 0.042354662 1 1 1
v -1.45994782 0.498335540 0.153360053 1 1 1
v -1.45882034 0.491131514 0.042324021 1 1 1
v -1.4444468 0.511221945 0.227873995 1 1 1
v -1.45256126 0.586645484 0.237868085 1 1 1
v -1.46523762 0.697005510 0.250952452 1 1 1
v -1.42739165 0.697518289 0.323631018 1 1 1
v -1.39034474 0.820413649 0.412929594 1 1 1
v -1.43343806 0.820430576 0.330126017 1 1 1
v -1.38807046 0.943217575 0.411000698 1 1 1
v -1.42993224 0.943178057 0.326256603 1 1 1
v -1.47088706 0.820576310 0.257663071 1 1 1
v -1.46510267 0.943408548 0.253536492 1 1 1
v -1.47331429 0.582901001 0.155337110 1 1 1
v -1.49128699 0.696612238 0.160127654 1 1 1
v -1.4977473 0.820374906 0.16198273 1 1 1
v -1.4730227 0.580984950 0.042259760 1 1 1
v -1.43995607 0.419775217 -0.0827102 1 1 1
v -1.4586879 0.490218341 -0.07599958 1 1 1
v -1.47266114 0.578654646 -0.08261292 1 1 1
v -1.39773428 0.326630622 -0.08036973 1 1 1
v -1.35626388 0.235134244 -0.08054464 1 1 1
v -1.3051405 0.164822042 -0.08044993 1 1 1
v -1.24470115 0.100345261 -0.08037014 1 1 1
v -1.18601763 0.037740528 -0.08048445 1 1 1
v -1.11677766 -0.01348892 -0.08037233 1 1 1
v -1.11254942 -0.01655876 -0.19745058 1 1 1
v -1.18553257 0.037214979 -0.20694125 1 1 1
v -1.24520993 0.100879892 -0.19794503 1 1 1
v -1.30642962 0.166189536 -0.20603745 1 1 1
v -1.35713148 0.237034499 -0.19571394 1 1 1
v -1.39969862 0.330940216 -0.20645608 1 1 1
v -1.45028937 0.442545920 -0.21709704 1 1 1
v -1.45971274 0.496650457 -0.17251089 1 1 1
v -1.47221303 0.575853228 -0.19047949 1 1 1
v -1.49139261 0.697325468 -0.08045169 1 1 1
v -1.49090183 0.694260239 -0.20021424 1 1 1
v -1.49140167 0.697337746 0.042329318 1 1 1
v -1.49773538 0.820537924 0.042321302 1 1 1
v -1.49088848 0.943804383 0.160215869 1 1 1
v -1.49091721 0.943243682 0.042258597 1 1 1
v -1.49773204 0.820557296 -0.08046197 1 1 1
v -1.49012363 0.943233609 -0.08039337 1 1 1
v -1.49736607 0.820406377 -0.19979827 1 1 1
v -1.45398605 0.565376639 -0.26394358 1 1 1
v -1.46383095 0.693289220 -0.28705227 1 1 1
v -1.46983826 0.820639491 -0.29433528 1 1 1
v -1.3472017 0.335223257 -0.32110161 1 1 1
v -1.3977083 0.448325604 -0.32357535 1 1 1
v -1.40873444 0.569099307 -0.34579575 1 1 1
v -1.32894862 0.254756361 -0.28492185 1 1 1
v -1.26211798 0.189151942 -0.31835216 1 1 1
v -1.2224052 0.122935123 -0.2909143 1 1 1
v -1.13969529 0.063907735 -0.31976563 1 1 1
v -1.0991112 0.010013338 -0.28949657 1 1 1
v -1.02466738 0.023300819 -0.3954218 1 1 1
v -1.02743888 0.074842616 -0.45854259 1 1 1
v -1.14968705 0.135841101 -0.39766139 1 1 1
v -1.01450431 -0.03380994 -0.31053874 1 1 1
v -1.15516257 0.193791240 -0.46279046 1 1 1
v -1.2685231 0.260632932 -0.39695063 1 1 1
v -1.26373899 0.337073802 -0.46607706 1 1 1
v -1.32161379 0.374573677 -0.39648741 1 1 1
v -1.34808362 0.460876703 -0.41723064 1 1 1
v -1.36259401 0.573676824 -0.42950478 1 1 1
v -1.4265939 0.695377528 -0.35755521 1 1 1
v -1.37958992 0.697757840 -0.44853318 1 1 1
v -1.43209624 0.820447504 -0.36691141 1 1 1
v -1.46436143 0.943416953 -0.29026195 1 1 1
v -1.42697108 0.943065881 -0.36218053 1 1 1
v -1.48901677 0.943768382 -0.19784293 1 1 1
v -1.48104966 1.061485052 -0.19602877 1 1 1
v -1.46130645 1.056797266 -0.28287891 1 1 1
v -1.4819448 1.063810586 -0.08049928 1 1 1
v -1.42591906 1.065659523 -0.35430673 1 1 1
v -1.38857675 0.820436060 -0.4505721 1 1 1
v -1.38429034 0.943101227 -0.4474723 1 1 1
v -1.38023198 1.065729141 -0.44730636 1 1 1
v -1.31965196 0.573675334 -0.5114581 1 1 1
v -1.33903241 0.697447657 -0.52604628 1 1 1
v -1.34642744 0.820271849 -0.53299099 1 1 1
v -1.30204225 0.449353426 -0.4865115 1 1 1
v -1.1529566 0.255825638 -0.52270758 1 1 1
v -1.13662958 0.336476415 -0.58864403 1 1 1
v -1.22042704 0.364708930 -0.52924204 1 1 1
v -1.24805868 0.454278826 -0.55528653 1 1 1
v -1.03171217 0.130510196 -0.52529329 1 1 1
v -1.03038406 0.194430351 -0.58456433 1 1 1
v -1.01987135 0.265015631 -0.6370911 1 1 1
v -1.00206482 0.348279386 -0.70256829 1 1 1
v -1.09325182 0.369281172 -0.64709377 1 1 1
v -1.18094385 0.446688562 -0.61307842 1 1 1
v -1.11933494 0.456334471 -0.6757074 1 1 1
v -1.26929462 0.570279359 -0.57695305 1 1 1
v -1.20588458 0.569391548 -0.63804555 1 1 1
v -1.28690577 0.695794165 -0.59384501 1 1 1
v -1.29632604 0.820183575 -0.60236347 1 1 1
v -1.34329796 0.943338036 -0.53090382 1 1 1
v -1.29356492 0.943301081 -0.59956127 1 1 1
v -1.34132218 1.065666556 -0.52651817 1 1 1
v -1.35815036 1.188928365 -0.4245688 1 1 1
v -1.3187139 1.190430164 -0.50413334 1 1 1
v -1.40900707 1.187518954 -0.32259086 1 1 1
v -1.44985664 1.139066934 -0.27190906 1 1 1
v -1.37409687 1.313955068 -0.30984908 1 1 1
v -1.32878137 1.318811178 -0.3995221 1 1 1
v -1.46242917 1.154706955 -0.19308193 1 1 1
v -1.44343352 1.225406885 -0.20297158 1 1 1
v -1.41985309 1.313820123 -0.20347632 1 1 1
v -1.29229808 1.319551706 -0.47378972 1 1 1
v -1.29101551 1.068032503 -0.59644872 1 1 1
v -1.26770592 1.192226052 -0.57546556 1 1 1
v -1.24448943 1.318570375 -0.54472512 1 1 1
v -1.23469687 0.820362269 -0.66616088 1 1 1
v -1.23386526 0.943191528 -0.66532362 1 1 1
v -1.23153937 1.069679260 -0.66188163 1 1 1
v -1.22536552 0.694606900 -0.65684992 1 1 1
v -1.14189386 0.570616662 -0.69636583 1 1 1
v -1.16450226 0.695433974 -0.71935481 1 1 1
v -1.05333793 0.449055194 -0.73264277 1 1 1
v -1.07977641 0.572121799 -0.75308877 1 1 1
v -1.09619367 0.695797622 -0.77945173 1 1 1
v -1.17409658 0.820154428 -0.72888511 1 1 1
v -1.11085367 0.820019602 -0.78896582 1 1 1
v -1.17403185 0.943190932 -0.72819704 1 1 1
v -1.17251921 1.070060968 -0.72687244 1 1 1
v -1.20775366 1.195878505 -0.63967472 1 1 1
v -1.14853072 1.198199987 -0.70284545 1 1 1
v -1.18206835 1.317452907 -0.6151396 1 1 1
v -1.20614147 1.448598384 -0.5150156 1 1 1
v -1.14946556 1.448474407 -0.57647485 1 1 1
v -1.26102591 1.44538486 -0.43887919 1 1 1
v -1.29688489 1.438923239 -0.37060863 1 1 1
v -1.3384788 1.431432962 -0.29141122 1 1 1
v -1.42816389 1.428990960 -0.24640238 1 1 1
v -1.36963725 1.554557561 -0.32130238 1 1 1
v -1.28505754 1.554936170 -0.3642419 1 1 1
v -1.43804693 1.554584503 -0.26208869 1 1 1
v -1.20923448 1.546697378 -0.40268564 1 1 1
v -1.16166294 1.555984377 -0.45573032 1 1 1
v -1.09536612 1.572684526 -0.52126151 1 1 1
v -1.12390602 1.318712949 -0.67878002 1 1 1
v -1.08858311 1.447859048 -0.64293784 1 1 1
v -1.0339402 1.575278282 -0.5853731 1 1 1
v -1.10822642 1.070064425 -0.78774804 1 1 1
v -1.08535361 1.195225834 -0.76295209 1 1 1
v -1.0607245 1.317457795 -0.73675436 1 1 1
v -1.11038363 0.943186104 -0.78777581 1 1 1
v -1.02726591 0.694757163 -0.83044666 1 1 1
v -1.0353862 0.819387972 -0.8453989 1 1 1
v -1.03698397 0.943114459 -0.84262276 1 1 1
v -1.00700259 0.572688579 -0.80963743 1 1 1
v -0.93811107 0.571668565 -0.86227155 1 1 1
v -0.95655584 0.693973422 -0.88049847 1 1 1
v -0.97010106 0.818705141 -0.8942126 1 1 1
v -0.97007942 0.943168520 -0.89248222 1 1 1
v -1.03605723 1.066553950 -0.84158128 1 1 1
v -0.96761221 1.063650250 -0.89263022 1 1 1
v -1.01583683 1.188616037 -0.81747198 1 1 1
v -0.98719537 1.315202474 -0.79439563 1 1 1
v -1.02322936 1.444924712 -0.70148963 1 1 1
v -0.9576959 1.440189838 -0.75228024 1 1 1
v -0.96844304 1.569425106 -0.64383376 1 1 1
v -0.97921753 1.700362682 -0.53003347 1 1 1
v -0.91059154 1.696328759 -0.58605069 1 1 1
v -1.05865979 1.668989181 -0.46316147 1 1 1
v -1.12495434 1.628649473 -0.39458689 1 1 1
v -1.20206726 1.620404124 -0.3895478 1 1 1
v -1.25830233 1.675266742 -0.36789224 1 1 1
v -1.12724495 1.689939260 -0.34697685 1 1 1
v -1.02632964 1.744595885 -0.40493771 1 1 1
v -0.92789012 1.785148143 -0.45647761 1 1 1
v -0.83927375 1.802600741 -0.51538086 1 1 1
v -0.90060449 1.563882470 -0.70008779 1 1 1
v -0.84243542 1.690442562 -0.64282292 1 1 1
v -0.75934869 1.793663501 -0.58219415 1 1 1
v -0.91912651 1.316777467 -0.84475887 1 1 1
v -0.87558198 1.442011833 -0.81009942 1 1 1
v -0.83543479 1.560452699 -0.75011647 1 1 1
v -0.94574565 1.186406374 -0.86925596 1 1 1
v -0.89225936 0.943131625 -0.93714732 1 1 1
v -0.89317614 1.064830303 -0.93558508 1 1 1
v -0.8699041 1.186793804 -0.91360492 1 1 1
v -0.8950395 0.819264352 -0.93633574 1 1 1
v -0.8013345 0.819002628 -0.98398364 1 1 1
v -0.80464256 0.943118810 -0.98229051 1 1 1
v -0.7997846 1.065662860 -0.98419654 1 1 1
v -0.78853709 1.186872601 -0.95694512 1 1 1
v -0.84171343 1.321115016 -0.88724965 1 1 1
v -0.75627667 1.322210311 -0.93446279 1 1 1
v -0.80606747 1.445723295 -0.8488254 1 1 1
v -0.75545174 1.551127314 -0.80798984 1 1 1
v -0.76395679 1.677851676 -0.71286452 1 1 1
v -0.73224896 1.634435772 -0.76444852 1 1 1
v -0.7314893 1.754215240 -0.64696366 1 1 1
v -0.64097887 1.776192545 -0.66802073 1 1 1
v -0.64735395 1.832351088 -0.60269386 1 1 1
v -0.72809654 1.864617109 -0.52044767 1 1 1
v -0.63985926 1.889023184 -0.53991479 1 1 1
v -0.77246642 1.887023806 -0.43752086 1 1 1
v -0.89229554 1.846879124 -0.38470587 1 1 1
v -1.0136081 1.805296301 -0.33181989 1 1 1
v -0.88871336 1.896617531 -0.29414764 1 1 1
v -0.77019584 1.952456593 -0.32358223 1 1 1
v -1.01595604 1.882911324 -0.2906653 1 1 1
v -0.65005505 1.930759549 -0.44925246 1 1 1
v -0.65054876 1.969796419 -0.36497357 1 1 1
v -0.52406335 1.856105446 -0.63078678 1 1 1
v -0.52731925 1.914688110 -0.55823994 1 1 1
v -0.53026265 1.955729961 -0.47412714 1 1 1
v -0.52655387 1.803231239 -0.69387728 1 1 1
v -0.65147495 1.715749263 -0.72969991 1 1 1
v -0.52825087 1.744469642 -0.75919271 1 1 1
v -0.64226073 1.648936390 -0.79204947 1 1 1
v -0.68150437 1.560541868 -0.84665811 1 1 1
v -0.72348166 1.446003437 -0.89099419 1 1 1
v -0.6992268 1.185555458 -0.99793768 1 1 1
v -0.67895657 1.317080259 -0.97097176 1 1 1
v -0.63159657 1.441367626 -0.93170983 1 1 1
v -0.59194642 1.563892960 -0.8812077 1 1 1
v -0.52912331 1.659813523 -0.82868296 1 1 1
v -0.40318611 1.697242736 -0.83723819 1 1 1
v -0.40588257 1.765305161 -0.78019917 1 1 1
v -0.40357244 1.822834610 -0.71248925 1 1 1
v -0.40216413 1.878310918 -0.64629072 1 1 1
v -0.40461677 1.935807466 -0.57570779 1 1 1
v -0.40619069 1.975962519 -0.49251124 1 1 1
v -0.53214139 1.992084264 -0.39480057 1 1 1
v -0.40659603 2.008237600 -0.42072195 1 1 1
v -0.64130086 2.005046606 -0.29524502 1 1 1
v -0.53169316 2.030081510 -0.31346983 1 1 1
v -0.7210331 1.989753603 -0.27570078 1 1 1
v -0.40564096 2.051309585 -0.32538664 1 1 1
v -0.28244883 1.986584305 -0.51025856 1 1 1
v -0.28174654 2.020169973 -0.43454927 1 1 1
v -0.28328219 2.067413568 -0.32797953 1 1 1
v -0.28277156 1.950992345 -0.58403867 1 1 1
v -0.28133112 1.893281698 -0.65616173 1 1 1
v -0.28087187 1.836560130 -0.72612137 1 1 1
v -0.28151828 1.779739737 -0.79411918 1 1 1
v -0.28088787 1.711516737 -0.85106754 1 1 1
v -0.3932704 1.632586121 -0.89296681 1 1 1
v -0.28042513 1.642086625 -0.90796202 1 1 1
v -0.48042434 1.624318122 -0.87555861 1 1 1
v -0.50393116 1.548054814 -0.91984272 1 1 1
v -0.53239018 1.436223983 -0.96948999 1 1 1
v -0.5897947 1.312047243 -1.00245571 1 1 1
v -0.62327826 1.186375618 -1.02360129 1 1 1
v -0.52744055 1.188293218 -1.05567086 1 1 1
v -0.50843865 1.304087638 -1.03205681 1 1 1
v -0.48897207 1.387530446 -1.01025689 1 1 1
v -0.39594245 1.405542969 -1.02233279 1 1 1
v -0.40313363 1.473579049 -0.9861322 1 1 1
v -0.40246895 1.556437015 -0.94371879 1 1 1
v -0.27934474 1.565273165 -0.96052283 1 1 1
v -0.15826467 1.576862335 -0.97552925 1 1 1
v -0.15888971 1.657722234 -0.91949707 1 1 1
v -0.15880126 1.725803494 -0.86396867 1 1 1
v -0.15913905 1.793496370 -0.80761129 1 1 1
v -0.15857002 1.848707079 -0.73904747 1 1 1
v -0.15823621 1.903066754 -0.67132282 1 1 1
v -0.15910856 1.964069485 -0.59500992 1 1 1
v -0.1589288 1.998940229 -0.52345163 1 1 1
v -0.15928619 2.035266876 -0.44116575 1 1 1
v -0.16023654 2.080332517 -0.33908305 1 1 1
v -0.0352645 1.997981429 -0.52563047 1 1 1
v -0.03525285 2.035156488 -0.44142389 1 1 1
v -0.03597825 2.079999685 -0.33984542 1 1 1
v -0.03531958 1.960862517 -0.59902495 1 1 1
v -0.03524851 1.902159690 -0.67246073 1 1 1
v -0.03537022 1.848298668 -0.73983872 1 1 1
v -0.0356217 1.793820738 -0.80798572 1 1 1
v -0.03539675 1.726718425 -0.8638978 1 1 1
v -0.03544813 1.659566164 -0.9187215 1 1 1
v -0.03550821 1.581342577 -0.97374898 1 1 1
v -0.15741645 1.506290674 -1.01228333 1 1 1
v -0.03539074 1.508872032 -1.01132596 1 1 1
v -0.27800584 1.492321848 -0.99859637 1 1 1
v -0.27917987 1.419250726 -1.03603482 1 1 1
v -0.40481022 1.307938456 -1.05610299 1 1 1
v -0.28058851 1.313097596 -1.07557797 1 1 1
v -0.15904894 1.320281624 -1.09380662 1 1 1
v -0.15821208 1.429246902 -1.05210912 1 1 1
v -0.03547956 1.427001476 -1.05377662 1 1 1
v 0.089667901 1.429682016 -1.05239069 1 1 1
v 0.090899117 1.508069753 -1.01174641 1 1 1
v 0.089697197 1.578448891 -0.97525442 1 1 1
v 0.087538272 1.659353613 -0.91890067 1 1 1
v 0.087459348 1.726642489 -0.86396086 1 1 1
v 0.087755180 1.793764948 -0.80805451 1 1 1
v 0.087445482 1.848353862 -0.73976839 1 1 1
v 0.087436333 1.902299046 -0.67228764 1 1 1
v 0.087773114 1.961101889 -0.59872866 1 1 1
v 0.087480604 1.998153328 -0.52524698 1 1 1
v 0.087435960 2.035040617 -0.44169161 1 1 1
v 0.086689859 2.079913377 -0.34004939 1 1 1
v 0.208100318 1.994081139 -0.5195508 1 1 1
v 0.208075180 2.029909372 -0.4385334 1 1 1
v 0.208362147 2.075081586 -0.33628458 1 1 1
v 0.209636986 1.958863735 -0.59058863 1 1 1
v 0.210503324 1.897977232 -0.66614324 1 1 1
v 0.210498988 1.843500733 -0.73391783 1 1 1
v 0.210962191 1.787550807 -0.80204958 1 1 1
v 0.210526064 1.719981432 -0.85838586 1 1 1
v 0.212744325 1.649651169 -0.91533136 1 1 1
v 0.216337516 1.571005225 -0.96850288 1 1 1
v 0.217927783 1.499799132 -1.00516176 1 1 1
v 0.216275230 1.424893140 -1.04430234 1 1 1
v 0.087602227 1.320853114 -1.09426367 1 1 1
v -0.03548215 1.320507764 -1.09434628 1 1 1
v -0.03539592 1.231205701 -1.11684024 1 1 1
v 0.087460361 1.229695320 -1.11722243 1 1 1
v -0.15867068 1.221570491 -1.11873043 1 1 1
v 0.335383802 1.412996888 -1.02928543 1 1 1
v 0.336487382 1.484475731 -0.99239993 1 1 1
v 0.337061017 1.562492251 -0.95197141 1 1 1
v 0.335327684 1.638177871 -0.90020007 1 1 1
v 0.334228366 1.702858686 -0.8470639 1 1 1
v 0.33370471 1.773619532 -0.78844458 1 1 1
v 0.334787130 1.832635879 -0.7175951 1 1 1
v 0.334686756 1.888206720 -0.65054488 1 1 1
v 0.332135796 1.943305254 -0.58256751 1 1 1
v 0.327659905 1.982771158 -0.50491327 1 1 1
v 0.328906714 2.016125679 -0.43061134 1 1 1
v 0.330395996 2.062569141 -0.32564813 1 1 1
v 0.455759882 1.970491886 -0.48924726 1 1 1
v 0.453824818 2.004739046 -0.41403341 1 1 1
v 0.456191539 2.045737266 -0.32242426 1 1 1
v 0.461541771 1.928777098 -0.57004333 1 1 1
v 0.463167816 1.870749115 -0.63977188 1 1 1
v 0.459987968 1.816567063 -0.70615935 1 1 1
v 0.458422184 1.759336590 -0.77411419 1 1 1
v 0.458581984 1.690857172 -0.83052105 1 1 1
v 0.461340844 1.622839331 -0.88399559 1 1 1
v 0.460563778 1.550762772 -0.9333297 1 1 1
v 0.456556260 1.468223094 -0.9785583 1 1 1
v 0.570110023 1.526778698 -0.90847844 1 1 1
v 0.580130457 1.599036335 -0.85812378 1 1 1
v 0.576686143 1.666055083 -0.80503458 1 1 1
v 0.574643790 1.733505725 -0.74824733 1 1 1
v 0.577165067 1.791732430 -0.6825586 1 1 1
v 0.582307636 1.846157550 -0.61726135 1 1 1
v 0.584650933 1.902618289 -0.54769075 1 1 1
v 0.579083859 1.945088028 -0.46500948 1 1 1
v 0.578467309 1.984544992 -0.38067985 1 1 1
v 0.581403791 2.019141435 -0.30438375 1 1 1
v 0.457499146 2.085515499 -0.20496002 1 1 1
v 0.582196354 2.049945354 -0.2064016 1 1 1
v 0.329822421 2.103464365 -0.20535709 1 1 1
v 0.207846909 2.112981319 -0.25073862 1 1 1
v 0.199290305 2.122773408 -0.18010913 1 1 1
v 0.281146645 2.112095356 -0.16002417 1 1 1
v 0.365789413 2.103333711 -0.07994669 1 1 1
v 0.462197721 2.089741706 -0.08063821 1 1 1
v 0.295714050 2.113528728 -0.07141894 1 1 1
v 0.579069316 2.060329675 -0.08067107 1 1 1
v 0.709721803 1.994929790 -0.27208641 1 1 1
v 0.696332573 2.012747526 -0.18825656 1 1 1
v 0.695740580 2.021753311 -0.0817772 1 1 1
v 0.710701346 1.955199360 -0.35686505 1 1 1
v 0.711940348 1.919911503 -0.43192118 1 1 1
v 0.712055146 1.875987291 -0.51704168 1 1 1
v 0.705067217 1.81934762 -0.58839899 1 1 1
v 0.690747559 1.764157652 -0.65659392 1 1 1
v 0.697866439 1.704264402 -0.71933317 1 1 1
v 0.689320445 1.641568422 -0.77865875 1 1 1
v 0.704292178 1.549521684 -0.84042507 1 1 1
v 0.772851467 1.620178818 -0.74951786 1 1 1
v 0.800019800 1.661385417 -0.69787627 1 1 1
v 0.773628592 1.737727522 -0.63725537 1 1 1
v 0.818898022 1.771628618 -0.56701857 1 1 1
v 0.830388426 1.828858017 -0.47926295 1 1 1
v 0.831962168 1.873817563 -0.40057746 1 1 1
v 0.831383705 1.924061775 -0.31498563 1 1 1
v 0.824498474 1.965855240 -0.21289706 1 1 1
v 0.772335767 1.988604784 -0.16858938 1 1 1
v 0.780916333 1.993480920 -0.07444021 1 1 1
v 0.696813225 2.031635522 0.042126737 1 1 1
v 0.787638306 2.000704526 0.042278755 1 1 1
v 0.578852832 2.065088510 0.042130075 1 1 1
v 0.465481162 2.094105243 0.042115680 1 1 1
v 0.377336680 2.106510400 0.042191535 1 1 1
v 0.466208100 2.098893880 0.166528880 1 1 1
v 0.584017336 2.068484544 0.168273702 1 1 1
v 0.370190620 2.111452102 0.163857087 1 1 1
v 0.697732150 2.036688327 0.160588488 1 1 1
v 0.786883711 2.009976625 0.155737713 1 1 1
v 0.842327117 1.969120740 -0.08186074 1 1 1
v 0.851044356 1.975505948 0.042761944 1 1 1
v 0.855482518 1.974121332 0.163605585 1 1 1
v 0.940702974 1.869572758 -0.27859911 1 1 1
v 0.944476008 1.948688864 -0.19203903 1 1 1
v 0.910613000 1.986472964 -0.08252108 1 1 1
v 0.944188416 1.824049115 -0.36118168 1 1 1
v 0.946314334 1.775467634 -0.45137653 1 1 1
v 0.906177878 1.750123739 -0.53224963 1 1 1
v 1.024933934 1.745679140 -0.4047538 1 1 1
v 1.071612596 1.791828274 -0.34968257 1 1 1
v 1.066967606 1.888420820 -0.29598504 1 1 1
v 1.070073962 1.962893128 -0.22664584 1 1 1
v 0.991633653 1.995519161 -0.15316769 1 1 1
v 1.079514145 2.007469177 -0.16093782 1 1 1
v 0.974803030 2.018629074 -0.07362196 1 1 1
v 0.910888612 1.990009069 0.043686967 1 1 1
v 0.973007738 2.020271062 0.035123959 1 1 1
v 0.947150826 1.943475961 0.154709383 1 1 1
v 0.818597137 1.945993185 0.282624781 1 1 1
v 0.917076945 1.899144291 0.279107779 1 1 1
v 0.770821809 1.989127516 0.236438185 1 1 1
v 0.692763328 2.004681825 0.256454408 1 1 1
v 0.584267675 2.030168533 0.275322675 1 1 1
v 0.703013956 1.970761299 0.327612519 1 1 1
v 0.583735108 1.992653131 0.361830294 1 1 1
v 0.799956321 1.902974009 0.398537606 1 1 1
v 0.887217998 1.855718970 0.412128388 1 1 1
v 0.703175663 1.933841228 0.412954956 1 1 1
v 0.989301562 1.997608184 0.114659249 1 1 1
v 1.068126916 2.003589630 0.126254275 1 1 1
v 1.073672890 2.037586689 -0.07699307 1 1 1
v 1.072453260 2.039301633 0.037745647 1 1 1
v 1.199713587 1.951530456 -0.22263807 1 1 1
v 1.202512264 1.997722148 -0.14527486 1 1 1
v 1.192561149 2.025290489 -0.06645419 1 1 1
v 1.186827540 1.891813278 -0.28693378 1 1 1
v 1.195761680 1.800673723 -0.33969137 1 1 1
v 1.295413494 1.795131802 -0.30609491 1 1 1
v 1.273098111 1.869518876 -0.26987529 1 1 1
v 1.313061714 1.901517033 -0.20299982 1 1 1
v 1.314531087 1.961376547 -0.08835027 1 1 1
v 1.264422059 1.999569058 -0.04579683 1 1 1
v 1.182174921 2.029344320 0.039672624 1 1 1
v 1.258601069 1.992567300 0.058105491 1 1 1
v 1.160240650 2.000468969 0.116491109 1 1 1
v 1.329396724 1.949828386 0.052306920 1 1 1
v 1.293602585 1.905758380 0.132248476 1 1 1
v 1.382048726 1.870924115 -0.16397537 1 1 1
v 1.400503993 1.891798615 -0.07024506 1 1 1
v 1.393542647 1.882991194 0.059914946 1 1 1
v 1.364263415 1.798015952 -0.25391322 1 1 1
v 1.424618601 1.794435858 -0.18415412 1 1 1
v 0.808901071 1.812187194 0.522545099 1 1 1
v 0.780796647 1.752132773 0.606163322 1 1 1
v 0.782015800 1.866884231 0.484426230 1 1 1
v 0.693772912 1.892745971 0.504910707 1 1 1
v 0.700230002 1.833212614 0.565648853 1 1 1
v 0.692143797 1.775019526 0.629083991 1 1 1
v 0.577927768 1.802370309 0.655339658 1 1 1
v 0.577096760 1.857676744 0.594595551 1 1 1
v 0.580019414 1.922317147 0.520772993 1 1 1
v 0.581208944 1.959381103 0.439645677 1 1 1
v 0.453591764 1.945691227 0.545686185 1 1 1
v 0.452785342 1.985305905 0.462679803 1 1 1
v 0.454200387 1.887741565 0.610990643 1 1 1
v 0.456205755 1.827001333 0.679108321 1 1 1
v 0.333028286 1.897078633 0.626478493 1 1 1
v 0.332908421 1.839356660 0.691854476 1 1 1
v 0.333667635 1.781183600 0.757344424 1 1 1
v 0.332671731 1.959672093 0.554946363 1 1 1
v 0.330581009 1.994177937 0.483435630 1 1 1
v 0.455269843 2.016674995 0.389168888 1 1 1
v 0.330348759 2.030351400 0.399557381 1 1 1
v 0.456327587 2.059129953 0.290454655 1 1 1
v 0.330638855 2.081903219 0.279999375 1 1 1
v 0.210310548 2.044155597 0.408231526 1 1 1
v 0.209377840 2.086555957 0.310138672 1 1 1
v 0.210557207 2.006071567 0.496539115 1 1 1
v 0.211091399 1.967984437 0.570829272 1 1 1
v 0.210430964 1.907952308 0.639643609 1 1 1
v 0.210429489 1.851203560 0.704564154 1 1 1
v 0.210871443 1.793936610 0.769533217 1 1 1
v 0.087717011 1.799706578 0.774957835 1 1 1
v 0.087438181 1.856099009 0.710072100 1 1 1
v 0.087437719 1.912301540 0.645404875 1 1 1
v 0.087734945 1.971399545 0.577406525 1 1 1
v 0.087537162 2.010583162 0.502654850 1 1 1
v 0.087436422 2.049874305 0.411290884 1 1 1
v 0.087437808 2.089798927 0.318454861 1 1 1
v 0.201038897 2.118031263 0.239920631 1 1 1
v 0.283575922 2.110426664 0.229757905 1 1 1
v 0.087499730 2.121112585 0.245642140 1 1 1
v 0.299150854 2.120454073 0.153720483 1 1 1
v 0.303680092 2.116252899 0.042204905 1 1 1
v 0.206056177 2.132758140 0.156134828 1 1 1
v 0.207486838 2.128885269 0.042181052 1 1 1
v 0.087736971 2.138437986 0.157996445 1 1 1
v -0.03528742 2.120789527 0.246401116 1 1 1
v -0.03533187 2.138435602 0.157896101 1 1 1
v -0.03525211 2.08954072 0.319063663 1 1 1
v -0.03525183 2.050003290 0.41100052 1 1 1
v -0.03527476 2.010401964 0.503086090 1 1 1
v -0.03532355 1.971129417 0.577723562 1 1 1
v -0.03525017 1.912221074 0.645503044 1 1 1
v -0.03537503 1.856081605 0.710096716 1 1 1
v -0.03561199 1.799762010 0.774898707 1 1 1
v -0.15904738 1.799210071 0.774751365 1 1 1
v -0.15855053 1.856281518 0.709588229 1 1 1
v -0.15824296 1.912909150 0.644717514 1 1 1
v -0.15862621 1.972612500 0.576023399 1 1 1
v -0.15821236 2.011297702 0.501014292 1 1 1
v -0.15808344 2.049980640 0.411063969 1 1 1
v -0.15929784 2.091800212 0.313819944 1 1 1
v -0.15201358 2.122108221 0.243343085 1 1 1
v -0.15977925 2.138420343 0.157405749 1 1 1
v -0.03525211 2.134711265 0.042195018 1 1 1
v 0.087435960 2.134710788 0.042203448 1 1 1
v -0.16047923 2.13463974 0.039969068 1 1 1
v 0.203436911 2.125464439 -0.08004972 1 1 1
v 0.087437167 2.130761861 -0.08048262 1 1 1
v -0.03525211 2.130763530 -0.08043302 1 1 1
v -0.15711202 2.130704641 -0.08226252 1 1 1
v -0.27137825 2.119299173 0.036562461 1 1 1
v -0.26116335 2.117060422 -0.07706862 1 1 1
v -0.26655698 2.124392509 0.153035312 1 1 1
v -0.24586657 2.114221096 0.233747392 1 1 1
v -0.28715494 2.087205648 0.282533705 1 1 1
v -0.28270271 2.035844802 0.403243124 1 1 1
v -0.28239045 1.998919725 0.488925188 1 1 1
v -0.28254652 1.964067697 0.560286283 1 1 1
v -0.28068316 1.901144504 0.631678938 1 1 1
v -0.28076625 1.844046115 0.696901559 1 1 1
v -0.28147492 1.786575079 0.762475431 1 1 1
v -0.40846753 1.773034691 0.750238418 1 1 1
v -0.40693745 1.831437587 0.684199214 1 1 1
v -0.40743807 1.892218947 0.615505933 1 1 1
v -0.40936151 1.949632644 0.550318419 1 1 1
v -0.40714112 1.987709403 0.472655594 1 1 1
v -0.40589902 2.021224975 0.395432174 1 1 1
v -0.40513155 2.066993951 0.289662361 1 1 1
v -0.41601408 2.105241060 0.164154171 1 1 1
v -0.33387938 2.115903139 0.161520421 1 1 1
v -0.34279078 2.109727382 0.034521199 1 1 1
v -0.32862198 2.107293129 -0.08557912 1 1 1
v -0.28777805 2.108958005 -0.21177113 1 1 1
v -0.24275766 2.116654157 -0.1696793 1 1 1
v -0.15424599 2.127309799 -0.18771523 1 1 1
v -0.03603398 2.127106428 -0.19402881 1 1 1
v 0.086940966 2.127170324 -0.19204654 1 1 1
v -0.03663111 2.111371278 -0.26878279 1 1 1
v 0.086336076 2.112030267 -0.26729891 1 1 1
v -0.16253041 2.116524934 -0.25710034 1 1 1
v -0.40664393 2.092406511 -0.206397 1 1 1
v -0.41306007 2.095898628 -0.0826182 1 1 1
v -0.41476929 2.100372791 0.036546863 1 1 1
v -0.52876067 2.083737611 0.166427344 1 1 1
v -0.52598733 2.079663038 0.039994925 1 1 1
v -0.52647936 2.044297933 0.283602953 1 1 1
v -0.5257352 2.003869295 0.376541703 1 1 1
v -0.52934772 1.969709157 0.452120572 1 1 1
v -0.53388846 1.929748296 0.532348096 1 1 1
v -0.53420877 1.866664290 0.603000998 1 1 1
v -0.53643942 1.811054587 0.66444242 1 1 1
v -0.65484035 1.903579831 0.509545147 1 1 1
v -0.65498859 1.843156218 0.576944589 1 1 1
v -0.65523958 1.783598184 0.637823820 1 1 1
v -0.64849794 1.944761276 0.426318675 1 1 1
v -0.64595437 1.982408523 0.341633945 1 1 1
v -0.64830536 2.016280412 0.261567533 1 1 1
v -0.6527341 2.049300193 0.163856715 1 1 1
v -0.65138698 2.045074462 0.043801538 1 1 1
v -0.52718395 2.074707031 -0.08072913 1 1 1
v -0.64581627 2.038786411 -0.08055023 1 1 1
v -0.53094524 2.067251682 -0.2072017 1 1 1
v -0.64354944 2.029800891 -0.19835861 1 1 1
v -0.74854165 2.004081726 -0.07899411 1 1 1
v -0.73449665 1.999384522 -0.19324879 1 1 1
v -0.77987534 2.003135919 0.037910305 1 1 1
v -0.78031802 2.011275768 0.138822183 1 1 1
v -0.77504563 1.991903543 0.225994795 1 1 1
v -0.7759105 1.951884031 0.314581900 1 1 1
v -0.77890456 1.915931940 0.391825795 1 1 1
v -0.78326088 1.870336890 0.479904383 1 1 1
v -0.78077072 1.811844468 0.543317318 1 1 1
v -0.78126627 1.751772880 0.606230735 1 1 1
v -0.53590137 1.751179575 0.727704346 1 1 1
v -0.65592664 1.723687291 0.698857367 1 1 1
v -0.78204536 1.691906690 0.668722212 1 1 1
v -0.65312982 1.656191468 0.757985353 1 1 1
v -0.77893376 1.622558713 0.726801335 1 1 1
v -0.89979285 1.648499131 0.624192655 1 1 1
v -0.89554095 1.711341977 0.565705359 1 1 1
v -0.89828366 1.572562098 0.675400078 1 1 1
v -0.88817847 1.776353001 0.502890408 1 1 1
v -0.89933795 1.830012559 0.438299387 1 1 1
v -0.90596855 1.869488835 0.361642211 1 1 1
v -0.89896423 1.912287116 0.269700259 1 1 1
v -0.8991555 1.945539951 0.191262200 1 1 1
v -0.89146453 1.955739975 0.109930053 1 1 1
v -0.89435655 1.980999469 0.029302088 1 1 1
v -0.81725693 1.985615253 0.000431989 1 1 1
v -0.8146252 1.979804873 -0.08616617 1 1 1
v -0.85417199 1.970841407 -0.00060738 1 1 1
v -0.92678887 1.999996066 -0.07008224 1 1 1
v -0.87183785 1.961320877 -0.08223388 1 1 1
v -1.01400089 2.031158924 0.036088600 1 1 1
v -1.020419 2.030001878 -0.07350035 1 1 1
v -1.01900589 1.999983072 0.122932136 1 1 1
v -1.01514149 1.938437104 0.176873609 1 1 1
v -1.01660824 1.854794502 0.234629407 1 1 1
v -1.02982891 1.803541541 0.315839797 1 1 1
v -0.99068981 1.782171845 0.407652378 1 1 1
v -0.96515459 1.742942333 0.481817483 1 1 1
v -0.98974967 1.696133256 0.512980938 1 1 1
v -1.02937281 1.618350148 0.550434470 1 1 1
v -1.00319123 1.530854344 0.627268672 1 1 1
v -1.10395432 1.423566579 0.619872033 1 1 1
v -1.14677429 1.306843161 0.633187055 1 1 1
v -1.0753752 1.506449222 0.590461850 1 1 1
v -1.1120187 1.534969806 0.530893802 1 1 1
v -1.17015374 1.584387064 0.432552844 1 1 1
v -1.10714138 1.653042793 0.425874054 1 1 1
v -1.04986548 1.713300108 0.422306031 1 1 1
v -1.0765841 1.740033745 0.341208487 1 1 1
v -1.14102983 1.742507457 0.239511504 1 1 1
v -1.12702286 1.813005685 0.166920512 1 1 1
v -1.16011345 1.673706650 0.313687413 1 1 1
v -1.14193761 1.923039913 0.174314409 1 1 1
v -1.13042009 2.002620697 0.119837366 1 1 1
v -1.25943112 1.928319931 0.141412407 1 1 1
v -1.25194752 1.797180295 0.150681406 1 1 1
v -1.21286929 1.989147424 0.110008709 1 1 1
v -1.23395216 1.675276637 0.160357281 1 1 1
v -1.2773329 1.581320524 0.241909638 1 1 1
v -1.2030443 1.610603809 0.342776745 1 1 1
v -1.25798142 1.542584180 0.330227404 1 1 1
v -1.22805643 1.509237051 0.424557715 1 1 1
v -1.1604284 1.462882280 0.531242072 1 1 1
v -1.2086997 1.372440815 0.540872156 1 1 1
v -1.19614947 1.258587956 0.597774624 1 1 1
v -1.24987471 1.286674261 0.530423402 1 1 1
v -1.15334165 1.185241222 0.669584393 1 1 1
v -1.21613097 1.176958322 0.605459511 1 1 1
v -1.29975188 1.311565637 0.449895441 1 1 1
v -1.26874804 1.413865089 0.434713780 1 1 1
v -1.30717671 1.430672049 0.338476002 1 1 1
v -1.34017611 1.435560703 0.264920264 1 1 1
v -1.38705039 1.687802553 0.130808323 1 1 1
v -1.36406517 1.553971290 0.140583276 1 1 1
v -1.38775504 1.423009157 0.169505462 1 1 1
v -1.36811841 1.801709294 0.130297973 1 1 1
v -1.34176612 1.885844230 0.118685439 1 1 1
v -1.37754059 1.911993742 0.044354647 1 1 1
v -1.30199969 1.974856019 0.045419592 1 1 1
v -1.22642541 2.014648675 0.035991665 1 1 1
v -1.13434088 2.035808086 0.036451678 1 1 1
v -1.13458824 2.034324169 -0.07495085 1 1 1
v -1.22639 2.012861490 -0.07212771 1 1 1
v -1.30113041 1.972143054 -0.08377419 1 1 1
v -1.37676704 1.917238235 -0.07672226 1 1 1
v -1.43192518 1.836652278 0.053377777 1 1 1
v -1.43828094 1.843207716 -0.0814812 1 1 1
v -1.47170472 1.757527828 0.058372825 1 1 1
v -1.46116865 1.652869224 0.117843657 1 1 1
v -1.50673962 1.674404382 0.050371225 1 1 1
v -1.46927702 1.550054431 0.123269580 1 1 1
v -1.46562254 1.437466621 0.123792275 1 1 1
v -1.42448115 1.313558220 0.158124700 1 1 1
v -1.44929993 1.351385355 0.107623234 1 1 1
v -1.38098991 1.308404326 0.276878178 1 1 1
v -1.33795285 1.308442473 0.370063573 1 1 1
v -1.36159015 1.187595486 0.390802949 1 1 1
v -1.41359293 1.187065601 0.283471554 1 1 1
v -1.32260847 1.188938379 0.469898700 1 1 1
v -1.44660938 1.226997733 0.163623675 1 1 1
v -1.44523203 1.229282140 0.042214110 1 1 1
v -1.43852568 1.279811620 0.040520988 1 1 1
v -1.47492945 1.331899285 0.033659875 1 1 1
v -1.51303828 1.430508375 0.040427438 1 1 1
v -1.52420294 1.559079408 0.046745449 1 1 1
v -1.53017104 1.556148290 -0.08160789 1 1 1
v -1.51403153 1.683727860 -0.07538225 1 1 1
v -1.48153412 1.771209716 -0.06899127 1 1 1
v -1.45652223 1.761281728 -0.16267587 1 1 1
v -1.40797937 1.804848432 -0.19688976 1 1 1
v -1.35244393 1.892789125 -0.17387649 1 1 1
v -1.26807761 1.933116674 -0.2091248 1 1 1
v -1.21513677 1.990556836 -0.15476732 1 1 1
v -1.33285367 1.815585017 -0.26953903 1 1 1
v -1.24821699 1.802754283 -0.32443202 1 1 1
v -1.22903073 1.885407567 -0.27888179 1 1 1
v -1.1331749 1.892096161 -0.29412818 1 1 1
v -1.14042473 1.957414627 -0.23093913 1 1 1
v -1.12973106 2.004680156 -0.16063385 1 1 1
v -1.42983961 1.683968901 -0.24986726 1 1 1
v -1.36150837 1.683289051 -0.31230536 1 1 1
v -1.48149776 1.674024343 -0.17883718 1 1 1
v -1.49115562 1.555606007 -0.18874784 1 1 1
v -1.5152241 1.430247068 -0.07840496 1 1 1
v -1.47902775 1.435693621 -0.17960887 1 1 1
v -1.47427583 1.331673502 -0.07299685 1 1 1
v -1.43917143 1.278562068 -0.07949018 1 1 1
v -1.44452608 1.228055119 -0.08044932 1 1 1
v -1.46162271 1.165063619 0.042247243 1 1 1
v -1.46109498 1.163985967 -0.08044874 1 1 1
v -1.46450269 1.156667470 0.15492405 1 1 1
v -1.45741773 1.348773479 -0.15648803 1 1 1
v -1.14337993 1.806703329 -0.34395257 1 1 1
v -1.01652634 1.953471183 -0.22297935 1 1 1
v -1.02605331 2.000246048 -0.15803842 1 1 1
v -0.9031741 1.936496853 -0.18803199 1 1 1
v -0.94762325 1.983213663 -0.14485054 1 1 1
v -0.80890477 1.972942829 -0.20156507 1 1 1
v -1.48303008 1.064313530 0.042300578 1 1 1
v -1.48421168 1.062468528 0.158228606 1 1 1
v -1.46179366 1.057076215 0.245493844 1 1 1
v -1.45043159 1.140083551 0.233581125 1 1 1
v -1.42689633 1.065646886 0.316497474 1 1 1
v -1.38157547 1.066310167 0.410079807 1 1 1
v -1.27220511 1.186984658 0.541892170 1 1 1
v 0.660238146 1.509178757 -0.88636988 1 1 1
v 0.087443724 1.156078815 -1.13576305 1 1 1
v -0.03539453 1.157686829 -1.1353575 1 1 1
v -0.15058754 1.150948882 -1.1370517 1 1 1
v -0.24025235 1.135733366 -1.12711036 1 1 1
v -0.28325197 1.183400869 -1.10812545 1 1 1
v -0.32997659 1.060913801 -1.12780619 1 1 1
v -0.40239084 1.187040686 -1.08760619 1 1 1
v -0.41672656 1.063221693 -1.11370516 1 1 1
v -0.34628701 0.941036105 -1.12516224 1 1 1
v -0.42005661 0.941898405 -1.11317122 1 1 1
v -0.52742594 1.065431714 -1.0850836 1 1 1
v -0.52875698 0.943134844 -1.0846417 1 1 1
v -0.6428659 1.065315008 -1.04617786 1 1 1
v -0.64218086 0.943087518 -1.04641497 1 1 1
v -0.52910703 0.820080697 -1.08453083 1 1 1
v -0.42015716 0.822260558 -1.11316216 1 1 1
v -0.64412558 0.819199740 -1.04576612 1 1 1
v -0.34835148 0.832067072 -1.12483048 1 1 1
v -0.3435865 0.754378199 -1.12363434 1 1 1
v -0.39458904 0.704332530 -1.10248184 1 1 1
v -0.52690041 0.697838485 -1.06878114 1 1 1
v -0.63195038 0.694528698 -1.03222537 1 1 1
v -0.72882152 0.818339169 -1.01722121 1 1 1
v -0.7109316 0.693229675 -1.00499284 1 1 1
v -0.73102218 0.943131804 -1.01647353 1 1 1
v -0.72561824 1.064877510 -1.01828897 1 1 1
v -0.79313666 0.693135321 -0.96922892 1 1 1
v -0.68283522 0.574586272 -0.98454428 1 1 1
v -0.61089045 0.586199522 -1.01168764 1 1 1
v -0.77257472 0.572957813 -0.94826657 1 1 1
v -0.51928371 0.58168751 -1.04119337 1 1 1
v -0.40210223 0.574426651 -1.06783497 1 1 1
v -0.40494192 0.466756224 -1.03878975 1 1 1
v -0.51566255 0.487379342 -1.01793528 1 1 1
v -0.59168357 0.509303689 -0.99816686 1 1 1
v -0.64164966 0.462966084 -0.95956039 1 1 1
v -0.75972742 0.476710557 -0.91898239 1 1 1
v -0.86491102 0.582745194 -0.90405202 1 1 1
v -0.84254742 0.496744185 -0.88165992 1 1 1
v -0.87988281 0.693772852 -0.92362928 1 1 1
v -0.8833974 0.452907085 -0.83686906 1 1 1
v -0.77023298 0.396966308 -0.87474245 1 1 1
v -0.64831257 0.363477677 -0.90661663 1 1 1
v -0.52690244 0.416515141 -0.97882408 1 1 1
v -0.53288627 0.337125092 -0.93533564 1 1 1
v -0.40378961 0.393014073 -1.00083423 1 1 1
v -0.40632284 0.314714491 -0.95986545 1 1 1
v -0.2793805 0.300298571 -0.97483432 1 1 1
v -0.53552097 0.257876843 -0.88919759 1 1 1
v -0.40671101 0.234246820 -0.91290087 1 1 1
v -0.6536842 0.285122871 -0.85971701 1 1 1
v -0.77111858 0.316776752 -0.83174157 1 1 1
v -0.87623799 0.359510839 -0.79167348 1 1 1
v -0.98265296 0.462274581 -0.78362095 1 1 1
v -0.95929772 0.378606528 -0.75001359 1 1 1
v -0.88624799 0.282783865 -0.73549825 1 1 1
v -0.77025926 0.245424583 -0.78116763 1 1 1
v -0.65289158 0.215740814 -0.81011027 1 1 1
v -0.5332371 0.187993288 -0.83733249 1 1 1
v -0.40339813 0.167319670 -0.8610664 1 1 1
v -0.27697778 0.215378344 -0.92482084 1 1 1
v -0.27565625 0.146784752 -0.87085146 1 1 1
v -0.15889183 0.285768389 -0.98857278 1 1 1
v -0.15740488 0.202751770 -0.93913651 1 1 1
v -0.15605696 0.137103036 -0.88666725 1 1 1
v -0.27886313 0.082951232 -0.81894177 1 1 1
v -0.15818492 0.070883363 -0.83305341 1 1 1
v -0.4035925 0.095954880 -0.80478239 1 1 1
v -0.53023696 0.120462454 -0.78570342 1 1 1
v -0.65219712 0.142294824 -0.75531292 1 1 1
v -0.77325493 0.174093246 -0.72824866 1 1 1
v -0.89062941 0.217487841 -0.68747163 1 1 1
v -0.89696348 0.146677717 -0.63210261 1 1 1
v -0.77537262 0.108290307 -0.67179453 1 1 1
v -0.65244704 0.080148950 -0.69772565 1 1 1
v -0.52802628 0.053912974 -0.7239871 1 1 1
v -0.40502638 0.035290848 -0.74295551 1 1 1
v -0.28199968 0.023972386 -0.75918972 1 1 1
v -0.16194169 0.006741141 -0.76690996 1 1 1
v -0.03554859 0.070868864 -0.83361274 1 1 1
v -0.03538945 0.136850073 -0.88663709 1 1 1
v -0.03541449 0.008246863 -0.77008474 1 1 1
v -0.03558482 0.205082371 -0.94146264 1 1 1
v -0.03541745 0.283273905 -0.98793703 1 1 1
v 0.087501950 0.283688277 -0.98814678 1 1 1
v 0.088788531 0.202596381 -0.93945903 1 1 1
v 0.089295268 0.137042954 -0.88678896 1 1 1
v 0.088754884 0.073129124 -0.8354345 1 1 1
v 0.087520711 0.008246863 -0.77008808 1 1 1
v -0.03743821 -0.05258913 -0.69931936 1 1 1
v 0.087394006 -0.05220772 -0.69977736 1 1 1
v -0.16473129 -0.04903704 -0.70145106 1 1 1
v -0.28463179 -0.03571394 -0.69062889 1 1 1
v -0.40421513 -0.01995586 -0.68071091 1 1 1
v -0.52757913 -0.00395252 -0.65906739 1 1 1
v -0.65017629 0.020220020 -0.63525081 1 1 1
v -0.77393681 0.048100426 -0.60782641 1 1 1
v -0.8980093 0.085719287 -0.56943101 1 1 1
v -0.89810395 0.028086135 -0.51038265 1 1 1
v -0.77336305 -0.01492143 -0.54028058 1 1 1
v -0.64655602 -0.04021009 -0.57028902 1 1 1
v -0.52587551 -0.06287503 -0.59327215 1 1 1
v -0.40410328 -0.08034167 -0.61249352 1 1 1
v -0.28513947 -0.08905654 -0.62850225 1 1 1
v -0.1663065 -0.1041767 -0.63700128 1 1 1
v -0.03884826 -0.10478818 -0.63860786 1 1 1
v 0.087408147 -0.10493578 -0.63845342 1 1 1
v 0.208532199 -0.04322193 -0.69755363 1 1 1
v 0.208963885 0.014283856 -0.76429141 1 1 1
v 0.210297331 -0.09884344 -0.63253754 1 1 1
v 0.212192863 0.076060950 -0.82657135 1 1 1
v 0.214548081 0.143041864 -0.87990123 1 1 1
v 0.213835805 0.208446025 -0.93237817 1 1 1
v 0.211753398 0.289088934 -0.98094487 1 1 1
v 0.333350926 0.153202667 -0.86442405 1 1 1
v 0.330395519 0.088085308 -0.81291723 1 1 1
v 0.327113032 0.027365142 -0.75117445 1 1 1
v 0.328367739 -0.02932859 -0.68547958 1 1 1
v 0.331466198 -0.08405142 -0.62295246 1 1 1
v 0.087622836 -0.15246534 -0.56991994 1 1 1
v 0.210573107 -0.14754823 -0.56420565 1 1 1
v 0.332722097 -0.13780928 -0.54918242 1 1 1
v -0.03762592 -0.15231322 -0.57019299 1 1 1
v -0.16430227 -0.15174574 -0.5688563 1 1 1
v -0.28457367 -0.14177199 -0.55482656 1 1 1
v -0.4044359 -0.13112637 -0.54221904 1 1 1
v -0.52375907 -0.11333692 -0.52468687 1 1 1
v -0.64366013 -0.08983003 -0.49998471 1 1 1
v -0.77176678 -0.06379413 -0.47035524 1 1 1
v -0.64414644 -0.12819168 -0.42264456 1 1 1
v -0.52616608 -0.15305375 -0.43990377 1 1 1
v -0.77386081 -0.10329431 -0.39087477 1 1 1
v -0.40475985 -0.17452788 -0.45220971 1 1 1
v -0.28397274 -0.18877254 -0.4634954 1 1 1
v -0.1617831 -0.19909416 -0.47738105 1 1 1
v -0.03534167 -0.19891579 -0.47968927 1 1 1
v 0.087428480 -0.19915217 -0.47925073 1 1 1
v 0.209514066 -0.19444263 -0.47319898 1 1 1
v 0.330790251 -0.18410148 -0.45959091 1 1 1
v 0.458280921 -0.12583138 -0.53572303 1 1 1
v 0.457600444 -0.07697585 -0.6035673 1 1 1
v 0.455970317 -0.16670133 -0.44934908 1 1 1
v 0.454618036 -0.01444925 -0.67488998 1 1 1
v 0.453994542 0.040721584 -0.73738605 1 1 1
v 0.455646157 0.099416986 -0.79704082 1 1 1
v 0.576349139 0.064053058 -0.71375221 1 1 1
v 0.576456129 0.130204558 -0.77534568 1 1 1
v 0.577017664 0.003474470 -0.64757228 1 1 1
v 0.579679787 -0.05231801 -0.58355415 1 1 1
v 0.581723213 -0.10224438 -0.51221114 1 1 1
v 0.580246210 -0.14296556 -0.43129447 1 1 1
v 0.454365372 -0.20783271 -0.36214668 1 1 1
v 0.578756153 -0.18421216 -0.34326833 1 1 1
v 0.329710215 -0.22026838 -0.38325772 1 1 1
v 0.208993837 -0.2326338 -0.39898673 1 1 1
v 0.087428569 -0.23698305 -0.40578082 1 1 1
v -0.03534222 -0.23672101 -0.40627816 1 1 1
v -0.16046491 -0.23742031 -0.40313631 1 1 1
v -0.28506386 -0.22527528 -0.38962054 1 1 1
v -0.4073171 -0.21315177 -0.36878225 1 1 1
v -0.53128463 -0.19410858 -0.34859508 1 1 1
v -0.40827993 -0.24568075 -0.29897493 1 1 1
v -0.28440741 -0.26046667 -0.3147485 1 1 1
v -0.5351162 -0.23123127 -0.26647875 1 1 1
v -0.16010827 -0.27781707 -0.32459366 1 1 1
v -0.03556043 -0.27994415 -0.32234517 1 1 1
v 0.087715998 -0.279897 -0.32244542 1 1 1
v 0.210011005 -0.27077624 -0.32118902 1 1 1
v 0.331046253 -0.2545158 -0.30962792 1 1 1
v 0.455712378 -0.24098955 -0.28999889 1 1 1
v 0.577914297 -0.22565649 -0.25445229 1 1 1
v 0.699169457 -0.16390358 -0.3179175 1 1 1
v 0.699462592 -0.11728088 -0.411383 1 1 1
v 0.697460770 -0.21282679 -0.20527354 1 1 1
v 0.700984776 -0.07887048 -0.48761666 1 1 1
v 0.699808538 -0.03031941 -0.56003547 1 1 1
v 0.695253253 0.032371748 -0.62855303 1 1 1
v 0.694477081 0.089242763 -0.68911356 1 1 1
v 0.818544149 0.060992486 -0.59444708 1 1 1
v 0.820700168 0.124262772 -0.65923744 1 1 1
v 0.819119572 0.001709771 -0.5302251 1 1 1
v 0.819769263 -0.0507454 -0.45679715 1 1 1
v 0.818513274 -0.09190678 -0.37678611 1 1 1
v 0.812368691 -0.13222246 -0.30243564 1 1 1
v 0.822702765 -0.17224848 -0.20352915 1 1 1
v 0.568971514 -0.24579954 -0.17900416 1 1 1
v 0.643306255 -0.22672418 -0.15710606 1 1 1
v 0.719276666 -0.20723011 -0.07934093 1 1 1
v 0.647749185 -0.22558507 -0.07039541 1 1 1
v 0.825983703 -0.17086568 -0.08046421 1 1 1
v 0.458385527 -0.27417737 -0.19821754 1 1 1
v 0.333758682 -0.29035497 -0.20562878 1 1 1
v 0.210586607 -0.30225688 -0.20428605 1 1 1
v 0.087453618 -0.30833185 -0.20420167 1 1 1
v -0.03530747 -0.30836165 -0.20405859 1 1 1
v -0.15847521 -0.30670381 -0.20474339 1 1 1
v -0.03541736 -0.33260354 -0.08076487 1 1 1
v 0.087618865 -0.33260334 -0.08083788 1 1 1
v -0.15857317 -0.33030936 -0.08090591 1 1 1
v 0.211217269 -0.32628626 -0.08084806 1 1 1
v 0.335282594 -0.31264481 -0.08111701 1 1 1
v 0.455826520 -0.27483761 -0.08030094 1 1 1
v 0.568210125 -0.24599586 -0.07928757 1 1 1
v 0.568212628 -0.24599864 0.041176933 1 1 1
v 0.645200848 -0.22624035 0.040453761 1 1 1
v 0.719272017 -0.20723267 0.041235081 1 1 1
v 0.825984776 -0.17086568 0.042350195 1 1 1
v 0.926399350 -0.12836434 -0.08037055 1 1 1
v 0.919884085 -0.13111374 -0.19494307 1 1 1
v 0.926406264 -0.12837026 0.042256787 1 1 1
v 0.897906661 -0.10588842 -0.28197327 1 1 1
v 0.942654967 -0.06509445 -0.32533497 1 1 1
v 0.940753877 -0.01886223 -0.42029986 1 1 1
v 1.055678486 -0.01368525 -0.29804322 1 1 1
v 1.060846090 0.041291829 -0.37828898 1 1 1
v 0.994647324 -0.09946676 -0.20535195 1 1 1
v 1.073150038 -0.04508302 -0.20284624 1 1 1
v 1.001836061 -0.09643302 -0.0805549 1 1 1
v 1.001842379 -0.09643914 0.042440593 1 1 1
v 0.822780609 -0.17222224 0.165508106 1 1 1
v 0.916554689 -0.13253956 0.165606692 1 1 1
v 0.994519114 -0.09954727 0.167349144 1 1 1
v 0.717685937 -0.20764191 0.164218947 1 1 1
v 0.630068182 -0.23012769 0.161503434 1 1 1
v 0.558596432 -0.24847002 0.152951628 1 1 1
v 0.455826759 -0.27484155 0.042187053 1 1 1
v 0.458375245 -0.2741906 0.160080477 1 1 1
v 0.335282772 -0.31264797 0.043002978 1 1 1
v 0.211217179 -0.32628766 0.042734351 1 1 1
v 0.087618678 -0.33260334 0.042724251 1 1 1
v 0.210586503 -0.30225492 0.166172295 1 1 1
v 0.333757579 -0.29036009 0.167515322 1 1 1
v 0.087453708 -0.30832911 0.166087985 1 1 1
v 0.447274506 -0.2411924 0.255540043 1 1 1
v 0.537653625 -0.22761901 0.234721377 1 1 1
v 0.331041991 -0.25451657 0.271514982 1 1 1
v 0.581470131 -0.19334851 0.283953607 1 1 1
v 0.699144244 -0.16391857 0.279787272 1 1 1
v 0.799326360 -0.13181244 0.275804072 1 1 1
v 0.877162218 -0.09484502 0.284254849 1 1 1
v 0.963843941 -0.05711004 0.284942179 1 1 1
v 1.073266983 -0.04502185 0.164840370 1 1 1
v 1.071925997 -0.04598495 0.042262923 1 1 1
v 1.040064692 -0.01206567 0.28164047 1 1 1
v 1.071923136 -0.04597864 -0.0803768 1 1 1
v 1.144815087 0.006834867 -0.08043136 1 1 1
v 1.145633101 0.007433525 -0.19248928 1 1 1
v 1.144818544 0.006830329 0.042317248 1 1 1
v 1.144980430 0.006940234 0.163465410 1 1 1
v 1.116167187 0.042177781 0.279884934 1 1 1
v 0.918923497 -0.02044826 0.397339254 1 1 1
v 0.999249100 0.038286503 0.404798716 1 1 1
v 1.060539126 0.090346649 0.403562933 1 1 1
v 0.822471737 -0.05976158 0.398749113 1 1 1
v 0.776732862 -0.10034146 0.356227129 1 1 1
v 0.691061258 -0.11827338 0.376312047 1 1 1
v 0.580244064 -0.14296219 0.393179237 1 1 1
v 0.454357743 -0.20783192 0.324047654 1 1 1
v 0.455968290 -0.16670093 0.411234319 1 1 1
v 0.329704403 -0.22026601 0.345140576 1 1 1
v 0.210009351 -0.27076933 0.283072024 1 1 1
v 0.208990603 -0.23262532 0.360863089 1 1 1
v 0.330785542 -0.18409535 0.421469211 1 1 1
v 0.209505468 -0.19443157 0.435073316 1 1 1
v 0.458279609 -0.12582822 0.497602343 1 1 1
v 0.581719815 -0.10224143 0.474093347 1 1 1
v 0.332713604 -0.13780001 0.511057853 1 1 1
v 0.70097363 -0.07886634 0.449514508 1 1 1
v 0.810656070 -0.00041858 0.495000779 1 1 1
v 0.894730746 0.028195843 0.474448114 1 1 1
v 0.699802041 -0.03031388 0.521917700 1 1 1
v 0.920713484 0.083084426 0.513774514 1 1 1
v 1.002311825 0.147917851 0.526283681 1 1 1
v 1.125695824 0.150265321 0.405254781 1 1 1
v 1.178037166 0.097574055 0.279351204 1 1 1
v 1.210861563 0.064236469 0.163924485 1 1 1
v 1.210954427 0.064343906 0.042320426 1 1 1
v 1.271173834 0.128578871 0.163319081 1 1 1
v 1.271638870 0.129083216 0.042252257 1 1 1
v 1.234606146 0.157998547 0.280550688 1 1 1
v 0.895507812 0.142126321 0.590313434 1 1 1
v 0.818523347 0.060980252 0.556340634 1 1 1
v 0.812244653 0.121022440 0.623361587 1 1 1
v 0.695246756 0.032378062 0.590434670 1 1 1
v 0.579675197 -0.05230973 0.545432806 1 1 1
v 0.577014267 0.003481672 0.609451353 1 1 1
v 0.457598984 -0.07696579 0.565442204 1 1 1
v 0.331451058 -0.08403899 0.584825396 1 1 1
v 0.210555359 -0.14753363 0.526079535 1 1 1
v 0.210272744 -0.09882706 0.594409585 1 1 1
v 0.328350186 -0.02931507 0.647355377 1 1 1
v 0.454613894 -0.0144383 0.636767625 1 1 1
v 0.208510488 -0.04321009 0.659429788 1 1 1
v 0.576346874 0.06406115 0.675630867 1 1 1
v 0.694470465 0.089247994 0.650993764 1 1 1
v 0.45398736 0.040730562 0.699263334 1 1 1
v 0.822068572 0.190277725 0.671842396 1 1 1
v 0.696357250 0.153190538 0.708533048 1 1 1
v 0.826650798 0.263712942 0.721629381 1 1 1
v 0.701281309 0.230419769 0.762457966 1 1 1
v 0.576457262 0.130210772 0.737224876 1 1 1
v 0.577520489 0.196895316 0.788945853 1 1 1
v 0.455640196 0.099425569 0.758914947 1 1 1
v 0.327098429 0.027374515 0.713053226 1 1 1
v 0.330383330 0.088091723 0.774793922 1 1 1
v 0.208949849 0.014290564 0.726170063 1 1 1
v 0.087387539 -0.05220396 0.661659479 1 1 1
v 0.087397612 -0.10492671 0.600331902 1 1 1
v 0.087521083 0.008244593 0.731974005 1 1 1
v 0.087616831 -0.1524533 0.531797885 1 1 1
v 0.087428756 -0.19914389 0.441129177 1 1 1
v -0.03763627 -0.15231775 0.532083511 1 1 1
v -0.03534176 -0.19892032 0.441578179 1 1 1
v -0.03886582 -0.10479608 0.600501000 1 1 1
v -0.03744902 -0.05259978 0.661213874 1 1 1
v -0.03541449 0.008243311 0.731975615 1 1 1
v 0.088754236 0.073132872 0.797316134 1 1 1
v 0.212187036 0.076065778 0.788449704 1 1 1
v -0.03554832 0.070867978 0.795501411 1 1 1
v 0.333345294 0.153203070 0.826306819 1 1 1
v 0.456854820 0.173895135 0.817099869 1 1 1
v 0.214545682 0.143042251 0.841786205 1 1 1
v 0.582163572 0.271787047 0.841717600 1 1 1
v 0.708663821 0.29781425 0.807896316 1 1 1
v 0.455587565 0.243116483 0.871677756 1 1 1
v 0.832716226 0.345886826 0.773046433 1 1 1
v 0.712924003 0.379602879 0.852722168 1 1 1
v 0.581539690 0.351780295 0.886961281 1 1 1
v 0.451249301 0.320997834 0.917020797 1 1 1
v 0.334665030 0.222785785 0.880635321 1 1 1
v 0.330927401 0.309562385 0.932424545 1 1 1
v 0.213834241 0.208441391 0.894271314 1 1 1
v 0.089294433 0.137042954 0.848675847 1 1 1
v 0.088787697 0.202592626 0.901351034 1 1 1
v -0.03538954 0.136850565 0.848523199 1 1 1
v -0.15818852 0.070879027 0.794946312 1 1 1
v -0.1619574 0.006735222 0.728802859 1 1 1
v -0.15605797 0.137103423 0.848553299 1 1 1
v -0.16476308 -0.04904671 0.663345873 1 1 1
v -0.16634624 -0.10418972 0.598899960 1 1 1
v -0.16433111 -0.15176132 0.530754864 1 1 1
v -0.28516024 -0.089067 0.590399861 1 1 1
v -0.28458652 -0.14178264 0.516724586 1 1 1
v -0.28465009 -0.03572094 0.652521073 1 1 1
v -0.28201094 0.023965776 0.721081376 1 1 1
v -0.27887321 0.082944527 0.780835926 1 1 1
v -0.27566218 0.146783173 0.832739949 1 1 1
v -0.15740535 0.202756702 0.901015818 1 1 1
v -0.03558482 0.205083951 0.903346717 1 1 1
v 0.087501488 0.283683061 0.950036883 1 1 1
v 0.211752757 0.289076387 0.942839622 1 1 1
v -0.03541736 0.283276766 0.949821054 1 1 1
v 0.329277992 0.381128221 0.969808280 1 1 1
v 0.449176400 0.402482599 0.959556162 1 1 1
v 0.210483089 0.3658216 0.982899963 1 1 1
v 0.579268515 0.425459295 0.925993144 1 1 1
v 0.711939930 0.466380357 0.896770000 1 1 1
v 0.578328192 0.512530207 0.965362489 1 1 1
v 0.452809810 0.474906384 0.995938837 1 1 1
v 0.331834226 0.459029734 1.009666800 1 1 1
v 0.209343269 0.455962449 1.029842734 1 1 1
v 0.087440677 0.358019709 0.988604307 1 1 1
v 0.087824218 0.451400369 1.037052869 1 1 1
v -0.03538861 0.357466459 0.988312780 1 1 1
v -0.15889183 0.285778164 0.950452148 1 1 1
v -0.15880726 0.360466629 0.989236712 1 1 1
v -0.40339592 0.167319178 0.822952628 1 1 1
v -0.40359721 0.095945112 0.766679823 1 1 1
v -0.40503109 0.035282462 0.704849898 1 1 1
v -0.40421799 -0.01996523 0.642605543 1 1 1
v -0.52802813 0.053904391 0.685881733 1 1 1
v -0.52758157 -0.0039608 0.620962441 1 1 1
v -0.65245408 0.080142930 0.659618139 1 1 1
v -0.65018368 0.020213903 0.597142756 1 1 1
v -0.40410319 -0.08035075 0.574390471 1 1 1
v -0.52587086 -0.06287957 0.555176556 1 1 1
v -0.65017128 -0.05360945 0.515618264 1 1 1
v -0.40443638 -0.13113308 0.504114270 1 1 1
v -0.51556516 -0.11462934 0.488908648 1 1 1
v -0.60037178 -0.09504707 0.477366924 1 1 1
v -0.62134129 -0.12835999 0.397879451 1 1 1
v -0.70785886 -0.0952657 0.412450194 1 1 1
v -0.76509666 -0.01714243 0.504831731 1 1 1
v -0.79882067 -0.06392061 0.409868866 1 1 1
v -0.77391982 0.048087406 0.569714725 1 1 1
v -0.85381728 0.015927501 0.486214160 1 1 1
v -0.87886089 -0.03223565 0.406821340 1 1 1
v -0.74997586 -0.14298114 0.291349709 1 1 1
v -0.84019852 -0.10619327 0.292819142 1 1 1
v -0.92487615 -0.06875604 0.295314937 1 1 1
v -0.65065688 -0.17203756 0.291032850 1 1 1
v -0.52616364 -0.15305808 0.401788562 1 1 1
v -0.53592765 -0.20165119 0.291619241 1 1 1
v -0.40476131 -0.17453083 0.414098531 1 1 1
v -0.28397718 -0.18878083 0.425390631 1 1 1
v -0.16179623 -0.19910778 0.439278632 1 1 1
v -0.16046815 -0.23743194 0.365032494 1 1 1
v -0.28506985 -0.22528021 0.351512044 1 1 1
v -0.40731674 -0.2131492 0.330670982 1 1 1
v -0.49497381 -0.23396036 0.244995594 1 1 1
v -0.5158084 -0.25944158 0.164457708 1 1 1
v -0.59337544 -0.23953652 0.174375712 1 1 1
v -0.39997056 -0.24607559 0.263181567 1 1 1
v -0.67626441 -0.2182662 0.173000499 1 1 1
v -0.78199416 -0.18947953 0.171636432 1 1 1
v -0.88033754 -0.14785229 0.172054931 1 1 1
v -0.95771366 -0.11509974 0.172790676 1 1 1
v -1.03788197 -0.07063588 0.171689227 1 1 1
v -0.96720701 -0.11109067 0.044848538 1 1 1
v -1.03710043 -0.07121145 0.043173283 1 1 1
v -0.8875705 -0.1447998 0.043086528 1 1 1
v -0.78136569 -0.18974669 0.042425438 1 1 1
v -0.68475091 -0.21608981 0.044066786 1 1 1
v -0.612391 -0.23465846 0.046227045 1 1 1
v -0.52353156 -0.25746211 0.044037912 1 1 1
v -0.40800682 -0.28363752 0.165685027 1 1 1
v -0.40403268 -0.29077563 0.042769376 1 1 1
v -0.28441185 -0.26046842 0.276635855 1 1 1
v -0.28250587 -0.29508206 0.168353095 1 1 1
v -0.16011012 -0.27782676 0.286484956 1 1 1
v -0.15847558 -0.30670676 0.166630297 1 1 1
v -0.15857327 -0.33030936 0.042792409 1 1 1
v -0.28214544 -0.32086578 0.042951509 1 1 1
v -0.28214505 -0.32086834 -0.08106513 1 1 1
v -0.40403298 -0.29077938 -0.08088315 1 1 1
v -0.52353579 -0.2574645 -0.08215497 1 1 1
v -0.61493623 -0.23400772 -0.07522485 1 1 1
v -0.68475205 -0.2160908 -0.08218268 1 1 1
v -0.78136587 -0.18974729 -0.080539 1 1 1
v -0.88757515 -0.14480217 -0.08120266 1 1 1
v -0.96835119 -0.11061494 -0.07367388 1 1 1
v -1.03711557 -0.07120908 -0.08128139 1 1 1
v -0.96701223 -0.11118715 -0.16618909 1 1 1
v -1.02078211 -0.08240304 -0.2140464 1 1 1
v -0.89255434 -0.14269601 -0.18804842 1 1 1
v -0.78193337 -0.18950774 -0.20970477 1 1 1
v -0.65730244 -0.22313894 -0.2145748 1 1 1
v -0.60781568 -0.23583803 -0.17052218 1 1 1
v -0.52618712 -0.25678751 -0.19079395 1 1 1
v -0.40801376 -0.28364167 -0.20382257 1 1 1
v -0.2825042 -0.29508403 -0.20646653 1 1 1
v -0.03541736 -0.33260334 0.042651373 1 1 1
v -0.03530729 -0.30836087 0.165944829 1 1 1
v -0.03556024 -0.27994633 0.284232497 1 1 1
v -0.03534222 -0.23672239 0.368166178 1 1 1
v 0.087716177 -0.27989185 0.284329593 1 1 1
v 0.087428659 -0.23697871 0.367660313 1 1 1
v -0.65066594 -0.17202926 -0.32915932 1 1 1
v -0.77798533 -0.14454389 -0.30629006 1 1 1
v -0.90122294 -0.06763075 -0.35634992 1 1 1
v -0.90284103 -0.10943479 -0.27055779 1 1 1
v -0.9002912 -0.030857 -0.43018466 1 1 1
v -0.15775646 0.453421384 1.037674069 1 1 1
v -0.0356888 0.451602727 1.037153840 1 1 1
v -0.15420198 0.562579155 1.067771911 1 1 1
v -0.0336441 0.561999857 1.067627191 1 1 1
v 0.085480175 0.561770081 1.067573189 1 1 1
v 0.084145724 0.636029183 1.086281299 1 1 1
v 0.204040318 0.652105569 1.082438468 1 1 1
v 0.205359980 0.564942359 1.060266256 1 1 1
v 0.332133650 0.576598525 1.042329907 1 1 1
v 0.455137252 0.573039710 1.020807504 1 1 1
v 1.294657945 0.229791909 0.284846663 1 1 1
v 1.332082867 0.193557709 0.166358396 1 1 1
v 1.375730037 0.278062284 0.167026042 1 1 1
v 1.411564350 0.357115805 0.166402638 1 1 1
v 1.372790932 0.271590918 0.042272653 1 1 1
v 1.334089517 0.195704817 0.042499646 1 1 1
v 1.406790971 0.346597582 0.042244270 1 1 1
v 1.334085583 0.195706784 -0.08061448 1 1 1
v 1.271634936 0.129086270 -0.08036634 1 1 1
v 1.332211494 0.193714082 -0.20432028 1 1 1
v 1.270912170 0.128320783 -0.19244748 1 1 1
v 1.210949897 0.064347460 -0.08043465 1 1 1
v 1.210861802 0.064261131 -0.20165531 1 1 1
v 1.249008297 0.141938969 -0.2759777 1 1 1
v 1.173716306 0.081455573 -0.30256414 1 1 1
v 1.281182646 0.210591450 -0.31789854 1 1 1
v 1.180726289 0.150306552 -0.37934533 1 1 1
v 1.257292151 0.250207632 -0.4056403 1 1 1
v 1.180816412 0.20676893 -0.44889602 1 1 1
v 1.061465024 0.090005293 -0.44017938 1 1 1
v 1.134303689 0.026096694 -0.2767669 1 1 1
v 0.938114643 0.040490131 -0.49714801 1 1 1
v 1.066012263 0.147008016 -0.50835383 1 1 1
v 0.936723828 0.098235853 -0.55679458 1 1 1
v 0.938697934 0.158390700 -0.61572051 1 1 1
v 0.822067320 0.190282166 -0.70994395 1 1 1
v 0.696360349 0.153187274 -0.74664897 1 1 1
v 0.577511549 0.196900352 -0.82705736 1 1 1
v 0.456851422 0.173898592 -0.85521394 1 1 1
s 1
g Patch
f 2822 2846 2847 2845
f 2843 2845 2848 2844
f 2849 2848 2845 2847
f 2851 2844 2848 2852
f 2855 2850 2851 2877
f 2855 2877 2878 2876
f 2851 2852 2879 2877
f 2852 2848 2849 2880
f 2879 2852 2880 2881
f 2882 2878 2877 2879
f 2883 2882 2879 2881
f 2884 2876 2878 2885
f 2878 2882 2886 2885
f 2876 2884 2889 2887
f 2889 2907 2906 2887
f 2905 2887 2906 2908
f 2884 2885 2907 2889
f 2885 2886 2909 2907
f 2886 2882 2883 2910
f 2886 2910 2911 2909
f 2883 2881 2912 2910
f 2911 2910 2912 2913
f 2914 2909 2911 2913
f 2907 2909 2914 2906
f 2906 2914 2915 2908
f 2908 2915 2916 2917
f 2915 2939 2938 2916
f 2914 2913 2939 2915
f 2912 2942 2941 2913
f 2913 2941 2943 2939
f 2938 2939 2943 2944
f 2938 2944 2945 2940
f 2945 2975 2974 2948
f 3481 3485 3511 3510
f 3509 3510 3512 3513
f 3510 3511 3514 3512
f 3544 3515 3513 3545
f 3546 3543 3544 3545
f 3775 3774 3770 3767
f 3775 3767 3768 3776
f 3776 3768 3777 3778
f 3777 3768 3769 3779
f 3769 3764 3765 3780
f 3769 3780 3781 3779
f 3780 3782 3793 3781
f 2974 3794 3793 3782
f 3795 3779 3781 3796
f 3796 3781 3793 3794
f 3795 3778 3777 3779
f 3797 3776 3778 3798
f 3798 3778 3795 3799
f 3800 3775 3776 3797
f 3801 3774 3775 3800
f 3803 3802 3801 3800
f 3803 3800 3797 3804
f 3804 3797 3798 3805
f 3806 3805 3798 3799
f 3806 3799 3807 3808
f 3799 3795 3796 3807
f 3809 3807 3796 3794
f 2975 3809 3794 2974
f 3808 3807 3809 2975
f 3810 3805 3806 3808
f 3811 3810 3808 2975
f 3812 3804 3805 3813
f 3813 3805 3810 3814
f 3815 3802 3803 3804
f 3812 3816 3815 3804
f 2880 2849 3802 3815
f 3802 2849 2847 3801
f 3801 2847 2846 3774
f 2880 3815 3816 2881
f 2912 2881 3816 2942
f 2942 3816 3812 3813
f 2941 2942 3813 3814
f 2943 2941 3814 2944
f 3814 3810 3811 2944
f 2945 2944 3811 2975
f 3967 3969 3968 3964
f 3968 3971 3970 3964
f 3964 3970 3972 3963
f 3973 3962 3963 3972
f 3974 3973 3992 3990
f 3973 3972 3993 3992
f 3995 3990 3992 3994
f 3992 3993 3996 3994
f 4012 3997 3995 4015
f 3995 3994 4016 4015
f 4018 4017 4016 3994
f 4018 3994 3996 4019
f 4020 4019 3996 3993
f 3970 4020 3993 3972
f 3971 4021 4020 3970
f 4021 4022 4019 4020
f 4023 4018 4019 4022
f 4018 4023 4024 4017
f 4026 4025 4017 4024
f 4025 4015 4016 4017
f 4027 4012 4015 4025
f 4027 4029 4028 4012
f 4013 4012 4028 4030
f 4014 4013 4030 4031
f 4033 4032 4014 4031
f 4041 4032 4033 4042
f 4043 4042 4033 4031
f 4043 4031 4030 4044
f 4044 4030 4028 4029
f 4045 4044 4029 4046
f 4046 4029 4027 4047
f 4025 4026 4047 4027
f 4026 4049 4048 4047
f 4050 4049 4026 4024
f 4023 4051 4050 4024
f 4052 4051 4023 4022
f 4055 4054 4053 4051
f 4057 4056 4055 4051
f 4053 4049 4050 4051
f 4057 4051 4052 4058
f 4053 4060 4059 4049
f 4059 4061 4048 4049
f 4048 4061 4046 4047
f 4061 4062 4045 4046
f 4064 4063 4045 4062
f 4063 4043 4044 4045
f 4065 4042 4043 4063
f 4066 4041 4042 4065
f 4071 3485 4066 4065
f 4071 4065 4063 4064
f 3511 3485 4071 4064
f 3511 4064 4062 3514
f 3514 4062 4061 4059
f 3512 3514 4059 4060
f 3513 3512 4060 3545
f 4054 3545 4060 4053
f 3546 3545 4054 4072
f 4072 4054 4055 4056
f 3578 4072 4056 3581
f 4073 3581 4056 4057
f 4073 4057 4058 4074
f 4074 4058 4021 3971
f 4021 4058 4052 4022
f 4076 4075 4073 4074
f 4076 4074 3971 3968
f 3579 3581 4073 4075
f 3969 4075 4076 3968
f 3547 3546 4072 3578
g Patch_1
f 2621 2620 2619 2622
f 2620 2624 2623 2619
f 2622 2619 2625 2626
f 2619 2623 2627 2625
f 2620 2621 2629 2628
f 2620 2628 2630 2624
f 2632 2631 2621 2622
f 2633 2629 2621 2631
f 2632 2622 2626 2634
f 2634 2626 2635 2636
f 2626 2625 2637 2635
f 2625 2627 2638 2637
f 2627 2623 2640 2639
f 2627 2639 2641 2638
f 2623 2624 2642 2640
f 2624 2630 2643 2642
f 2645 2644 2630 2628
f 2644 2646 2643 2630
f 2647 2645 2628 2629
f 2648 2647 2629 2633
f 2649 2648 2633 2650
f 2651 2650 2633 2631
f 2632 2634 2652 2631
f 2651 2631 2652 2653
f 2634 2636 2654 2652
f 2656 2636 2635 2655
f 2636 2656 2657 2654
f 2655 2635 2637 2658
f 2637 2638 2659 2658
f 2638 2641 2660 2659
f 2641 2639 2662 2661
f 2641 2661 2663 2660
f 2639 2640 2664 2662
f 2640 2642 2665 2664
f 2642 2643 2666 2665
f 2646 2667 2666 2643
f 2669 2668 2646 2644
f 2668 2670 2667 2646
f 2671 2669 2644 2645
f 2672 2671 2645 2647
f 2673 2672 2647 2648
f 2674 2673 2648 2649
f 2675 2649 2650 2676
f 2649 2675 2677 2674
f 2676 2650 2651 2678
f 2678 2651 2653 2679
f 2679 2653 2680 2681
f 2653 2652 2654 2680
f 2682 2680 2654 2657
f 2657 2656 2684 2683
f 2685 2682 2657 2683
f 2684 2656 2655 2686
f 2684 2686 2687 2683
f 2685 2683 2688 2689
f 2688 2683 2687 2690
f 2692 2691 2682 2685
f 2693 2692 2685 2689
f 2681 2680 2682 2691
f 2694 2679 2681 2695
f 2696 2695 2681 2691
f 2697 2678 2679 2694
f 2698 2676 2678 2697
f 2676 2698 2699 2675
f 2700 2677 2675 2699
f 2702 2701 2677 2700
f 2701 2703 2674 2677
f 2673 2674 2703 2704
f 2706 2705 2703 2701
f 2705 2707 2704 2703
f 2701 2702 2708 2706
f 2700 2710 2709 2702
f 2711 2708 2702 2709
f 2710 2700 2699 2712
f 2712 2699 2698 2713
f 2714 2713 2698 2697
f 2714 2697 2694 2715
f 2715 2694 2695 2716
f 2717 2716 2695 2696
f 2718 2696 2691 2692
f 2696 2718 2719 2717
f 2720 2718 2692 2693
f 2722 2693 2689 2721
f 2720 2693 2722 2723
f 2718 2720 2724 2719
f 2725 2724 2720 2723
f 2727 2726 2717 2719
f 2728 2727 2719 2724
f 2716 2717 2726 2729
f 2715 2716 2729 2730
f 2714 2715 2730 2713
f 2731 2712 2713 2732
f 2732 2713 2730 2733
f 2731 2734 2710 2712
f 2735 2709 2710 2734
f 2736 2711 2709 2735
f 2738 2737 2708 2711
f 2711 2736 2739 2738
f 2741 2740 2736 2735
f 2742 2739 2736 2740
f 2741 2735 2734 2743
f 2731 2732 2744 2734
f 2743 2734 2744 2745
f 2732 2733 2746 2744
f 2733 2730 2729 2747
f 2733 2747 2748 2746
f 2747 2729 2726 2749
f 2749 2726 2727 2750
f 2751 2750 2727 2728
f 2752 2728 2724 2725
f 2728 2752 2753 2751
f 2750 2751 2754 2755
f 2756 2754 2751 2753
f 2749 2750 2755 2757
f 2747 2749 2757 2748
f 2758 2746 2748 2759
f 2759 2748 2757 2760
f 2745 2744 2746 2758
f 2761 2745 2758 2762
f 2743 2745 2761 2763
f 2741 2743 2763 2740
f 2764 2740 2763 2765
f 2742 2740 2764 2766
f 2768 2767 2739 2742
f 2768 2742 2766 2769
f 2770 2769 2766 2771
f 2771 2766 2764 2772
f 2772 2764 2765 2773
f 2765 2763 2761 2774
f 2765 2774 2775 2773
f 2761 2762 2776 2774
f 2762 2758 2759 2777
f 2762 2777 2778 2776
f 2777 2759 2760 2779
f 2760 2757 2755 2780
f 2760 2780 2781 2779
f 2782 2780 2755 2754
f 2783 2782 2754 2756
f 2785 2756 2753 2784
f 2756 2785 2786 2783
f 2782 2783 2787 2788
f 2789 2787 2783 2786
f 2780 2782 2788 2781
f 2791 2790 2779 2781
f 2791 2781 2788 2792
f 2777 2779 2790 2778
f 2793 2776 2778 2794
f 2795 2794 2778 2790
f 2775 2774 2776 2793
f 2796 2773 2775 2797
f 2775 2793 2798 2797
f 2799 2772 2773 2796
f 2800 2771 2772 2799
f 2800 2801 2770 2771
f 2800 2799 2802 2801
f 2799 2796 2803 2802
f 2796 2797 2804 2803
f 2797 2798 2805 2804
f 2793 2794 2806 2798
f 2798 2806 2807 2805
f 2794 2795 2808 2806
f 2790 2791 2809 2795
f 2808 2795 2809 2810
f 2791 2792 2811 2809
f 2792 2788 2787 2812
f 2792 2812 2813 2811
f 2787 2789 2814 2812
f 2786 2816 2815 2789
f 2814 2789 2815 2817
f 2813 2812 2814 2818
f 2814 2817 2819 2818
f 2820 2811 2813 2821
f 2821 2813 2818 2822
f 2810 2809 2811 2820
f 2824 2808 2810 2823
f 2823 2810 2820 2825
f 2807 2806 2808 2824
f 2826 2805 2807 2827
f 2827 2807 2824 2828
f 2829 2804 2805 2826
f 2829 2830 2803 2804
f 2830 2831 2802 2803
f 2801 2802 2831 2832
f 2833 2832 2831 2834
f 2831 2830 2835 2834
f 2830 2829 2836 2835
f 2829 2826 2837 2836
f 2826 2827 2838 2837
f 2827 2828 2839 2838
f 2828 2824 2823 2840
f 2839 2828 2840 2841
f 2840 2823 2825 2842
f 2825 2820 2821 2843
f 2842 2825 2843 2844
f 2843 2821 2822 2845
f 2822 2818 2819 2846
f 2850 2842 2844 2851
f 2841 2840 2842 2850
f 2839 2841 2853 2854
f 2853 2841 2850 2855
f 2838 2839 2854 2856
f 2837 2838 2856 2857
f 2858 2836 2837 2857
f 2859 2835 2836 2858
f 2834 2835 2859 2860
f 2833 2834 2860 2861
f 2833 2861 2862 2832
f 2861 2864 2863 2862
f 2861 2860 2865 2864
f 2860 2859 2866 2865
f 2859 2858 2867 2866
f 2868 2858 2857 2869
f 2868 2870 2867 2858
f 2869 2857 2871 2872
f 2871 2857 2856 2873
f 2856 2854 2874 2873
f 2854 2853 2875 2874
f 2875 2853 2855 2876
f 2875 2876 2887 2888
f 2874 2875 2888 2890
f 2873 2874 2890 2891
f 2871 2873 2891 2892
f 2872 2871 2892 2893
f 2870 2868 2869 2872
f 2870 2872 2893 2894
f 2870 2894 2895 2867
f 2866 2867 2895 2896
f 2898 2896 2895 2897
f 2895 2894 2899 2897
f 2894 2893 2900 2899
f 2900 2893 2892 2901
f 2892 2891 2902 2901
f 2891 2890 2903 2902
f 2890 2888 2904 2903
f 2888 2887 2905 2904
f 2905 2908 2917 2918
f 2904 2905 2918 2919
f 2903 2904 2919 2920
f 2902 2903 2920 2921
f 2922 2901 2902 2921
f 2899 2900 2901 2897
f 2897 2901 2922 2923
f 2898 2897 2923 2924
f 2925 2896 2898 2926
f 2927 2926 2898 2924
f 2929 2927 2924 2928
f 2928 2924 2923 2930
f 2923 2922 2931 2930
f 2922 2921 2932 2931
f 2921 2920 2933 2932
f 2920 2919 2934 2933
f 2919 2918 2935 2934
f 2918 2917 2936 2935
f 2917 2916 2937 2936
f 2916 2938 2940 2937
f 2937 2940 2946 2947
f 2940 2945 2948 2946
f 2936 2937 2947 2949
f 2935 2936 2949 2950
f 2934 2935 2950 2951
f 2933 2934 2951 2952
f 2932 2933 2952 2953
f 2931 2932 2953 2954
f 2930 2931 2954 2955
f 2928 2930 2955 2956
f 2929 2928 2956 2957
f 2958 2927 2929 2957
f 2960 2959 2958 2957
f 2962 2960 2957 2961
f 2961 2957 2956 2963
f 2963 2956 2955 2964
f 2955 2954 2965 2964
f 2954 2953 2966 2965
f 2953 2952 2967 2966
f 2952 2951 2968 2967
f 2951 2950 2969 2968
f 2950 2949 2970 2969
f 2949 2947 2971 2970
f 2947 2946 2972 2971
f 2946 2948 2973 2972
f 2948 2974 2976 2973
f 2972 2973 2977 2978
f 2973 2976 2979 2977
f 2971 2972 2978 2980
f 2970 2971 2980 2981
f 2969 2970 2981 2982
f 2968 2969 2982 2983
f 2967 2968 2983 2984
f 2966 2967 2984 2985
f 2965 2966 2985 2986
f 2964 2965 2986 2987
f 2963 2964 2987 2988
f 2961 2963 2988 2989
f 2962 2961 2989 2990
f 2991 2960 2962 2990
f 2993 2992 2991 2990
f 2993 2990 2994 2995
f 2990 2989 2996 2994
f 2989 2988 2997 2996
f 2988 2987 2998 2997
f 2987 2986 2999 2998
f 2986 2985 3000 2999
f 3000 2985 2984 3001
f 2984 2983 3002 3001
f 2983 2982 3003 3002
f 2982 2981 3004 3003
f 2981 2980 3005 3004
f 2980 2978 3006 3005
f 2978 2977 3007 3006
f 3005 3006 3008 3009
f 3008 3006 3007 3010
f 3004 3005 3009 3011
f 3003 3004 3011 3012
f 3002 3003 3012 3013
f 3014 3001 3002 3013
f 3000 3001 3014 3015
f 2999 3000 3015 3016
f 2998 2999 3016 3017
f 2997 2998 3017 3018
f 2996 2997 3018 3019
f 3020 2994 2996 3019
f 3021 2995 2994 3020
f 3021 3020 3022 3023
f 3020 3019 3024 3022
f 3024 3019 3026 3025
f 3026 3019 3018 3027
f 3018 3017 3028 3027
f 3017 3016 3029 3028
f 3016 3015 3030 3029
f 3015 3014 3031 3030
f 3014 3013 3032 3031
f 3013 3012 3033 3032
f 3012 3011 3034 3033
f 3034 3011 3009 3035
f 3009 3008 3036 3035
f 3036 3008 3010 3037
f 3010 3007 3039 3038
f 3010 3038 3040 3037
f 3041 3035 3036 3037
f 3043 3041 3037 3042
f 3042 3037 3040 3044
f 3045 3033 3034 3035
f 3045 3035 3041 3046
f 3047 3032 3033 3045
f 3031 3032 3047 3048
f 3030 3031 3048 3049
f 3029 3030 3049 3050
f 3028 3029 3050 3051
f 3027 3028 3051 3052
f 3026 3027 3052 3025
f 3025 3052 3053 3054
f 3053 3052 3056 3055
f 3056 3052 3051 3057
f 3051 3050 3058 3057
f 3050 3049 3059 3058
f 3049 3048 3060 3059
f 3060 3048 3047 3061
f 3061 3047 3045 3046
f 3063 3061 3046 3062
f 3062 3046 3041 3043
f 3065 3062 3043 3064
f 3043 3042 3066 3064
f 3068 3042 3044 3067
f 3066 3042 3068 3069
f 3040 3038 3070 3044
f 3070 3071 3067 3044
f 3073 3068 3067 3072
f 3072 3067 3071 3074
f 3069 3068 3073 3075
f 3076 3064 3066 3069
f 3077 3076 3069 3075
f 3078 3065 3064 3076
f 3079 3063 3062 3065
f 3080 3079 3065 3078
f 3060 3061 3063 3081
f 3082 3081 3063 3079
f 3059 3060 3081 3083
f 3058 3059 3083 3084
f 3057 3058 3084 3085
f 3056 3057 3085 3055
f 3055 3085 3086 3087
f 3086 3085 3089 3088
f 3089 3085 3084 3090
f 3090 3084 3083 3091
f 3083 3081 3082 3091
f 3093 3091 3082 3092
f 3092 3082 3079 3080
f 3095 3092 3080 3094
f 3094 3080 3078 3096
f 3078 3076 3097 3096
f 3097 3076 3077 3098
f 3077 3075 3099 3100
f 3077 3100 3101 3098
f 3075 3073 3102 3099
f 3099 3102 3103 3104
f 3099 3104 3105 3100
f 3106 3101 3100 3105
f 3108 3107 3098 3101
f 3109 3108 3101 3106
f 3107 3096 3097 3098
f 3110 3094 3096 3107
f 3111 3095 3094 3110
f 3093 3092 3095 3112
f 3112 3095 3111 3113
f 3090 3091 3093 3114
f 3114 3093 3112 3115
f 3089 3090 3114 3088
f 3086 3088 3116 3117
f 3088 3114 3115 3116
f 3116 3115 3118 3119
f 3115 3112 3113 3118
f 3118 3113 3120 3121
f 3120 3113 3111 3122
f 3122 3111 3110 3123
f 3110 3107 3108 3123
f 3124 3123 3108 3109
f 3126 3124 3109 3125
f 3109 3106 3127 3125
f 3106 3105 3128 3127
f 3104 3129 3128 3105
f 3104 3103 3130 3129
f 3132 3131 3103 3102
f 3131 3133 3130 3103
f 3133 3135 3134 3130
f 3129 3130 3134 3136
f 3129 3136 3137 3128
f 3127 3128 3137 3138
f 3125 3127 3138 3139
f 3126 3125 3139 3140
f 3124 3126 3141 3142
f 3126 3140 3143 3141
f 3144 3123 3124 3142
f 3122 3123 3144 3145
f 3146 3120 3122 3145
f 3147 3121 3120 3146
f 3119 3118 3121 3148
f 3149 3148 3121 3147
f 3149 3147 3150 3151
f 3147 3146 3152 3150
f 3152 3146 3145 3153
f 3153 3145 3144 3142
f 3154 3153 3142 3141
f 3154 3141 3143 3155
f 3140 3157 3156 3143
f 3155 3143 3156 3158
f 3140 3139 3159 3157
f 3139 3138 3160 3159
f 3138 3137 3161 3160
f 3137 3136 3162 3161
f 3136 3134 3163 3162
f 3135 3164 3163 3134
f 3163 3164 3166 3165
f 3162 3163 3165 3167
f 3161 3162 3167 3168
f 3160 3161 3168 3169
f 3159 3160 3169 3170
f 3157 3159 3170 3171
f 3157 3171 3172 3156
f 3158 3156 3172 3173
f 3174 3155 3158 3175
f 3175 3158 3173 3176
f 3177 3154 3155 3174
f 3177 3152 3153 3154
f 3150 3152 3177 3178
f 3151 3150 3178 3179
f 3179 3178 3180 3181
f 3178 3177 3174 3180
f 3180 3174 3175 3182
f 3183 3182 3175 3176
f 3183 3176 3184 3185
f 3176 3173 3186 3184
f 3186 3173 3172 3171
f 3186 3171 3187 3188
f 3187 3171 3170 3189
f 3170 3169 3190 3189
f 3169 3168 3191 3190
f 3168 3167 3192 3191
f 3167 3165 3193 3192
f 3166 3194 3193 3165
f 3194 3196 3195 3193
f 3192 3193 3195 3197
f 3191 3192 3197 3198
f 3191 3198 3199 3190
f 3189 3190 3199 3200
f 3187 3189 3200 3201
f 3188 3187 3201 3202
f 3203 3188 3202 3204
f 3188 3203 3184 3186
f 3203 3205 3185 3184
f 3205 3207 3206 3185
f 3206 3208 3183 3185
f 3208 3209 3182 3183
f 3209 3181 3180 3182
f 3211 3210 3181 3209
f 3212 3211 3209 3208
f 3212 3208 3206 3207
f 3214 3213 3212 3207
f 3214 3207 3215 3216
f 3215 3207 3205 3217
f 3205 3203 3204 3217
f 3217 3204 3218 3219
f 3204 3202 3220 3218
f 3202 3201 3221 3220
f 3201 3200 3222 3221
f 3222 3200 3199 3198
f 3222 3198 3223 3224
f 3198 3197 3225 3223
f 3197 3195 3226 3225
f 3225 3226 3228 3227
f 3223 3225 3227 3229
f 3224 3223 3229 3230
f 3231 3224 3230 3232
f 3224 3231 3221 3222
f 3220 3221 3231 3233
f 3218 3220 3233 3234
f 3219 3218 3234 3235
f 3215 3217 3219 3236
f 3237 3236 3219 3235
f 3238 3216 3215 3236
f 3240 3239 3214 3216
f 3241 3240 3216 3238
f 3242 3213 3214 3239
f 3244 3243 3242 3239
f 3244 3239 3240 3245
f 3245 3240 3241 3246
f 3247 3246 3241 3238
f 3247 3238 3236 3237
f 3249 3247 3237 3248
f 3248 3237 3235 3250
f 3250 3235 3234 3251
f 3252 3251 3234 3233
f 3232 3252 3233 3231
f 3252 3232 3253 3254
f 3232 3230 3255 3253
f 3230 3229 3256 3255
f 3227 3257 3256 3229
f 3258 3255 3256 3257
f 3259 3253 3255 3258
f 3254 3253 3259 3260
f 3251 3252 3254 3261
f 3261 3254 3260 3262
f 3250 3251 3261 3263
f 3264 3248 3250 3263
f 3265 3249 3248 3264
f 3266 3246 3247 3249
f 3267 3266 3249 3265
f 3269 3268 3245 3246
f 3269 3246 3266 3270
f 3271 3244 3245 3268
f 3271 3272 3243 3244
f 3274 3273 3272 3271
f 3275 3274 3271 3268
f 3275 3268 3269 3276
f 3277 3276 3269 3270
f 3279 3277 3270 3278
f 3270 3266 3267 3278
f 3280 3278 3267 3265
f 3280 3265 3264 3281
f 3281 3264 3263 3282
f 3263 3261 3262 3282
f 3283 3282 3262 3284
f 3284 3262 3260 3285
f 3285 3260 3259 3286
f 3259 3258 3287 3286
f 3287 3258 3257 3288
f 3286 3287 3289 3290
f 3291 3289 3287 3288
f 3285 3286 3290 3292
f 3284 3285 3292 3293
f 3283 3284 3293 3294
f 3295 3283 3294 3296
f 3295 3281 3282 3283
f 3297 3280 3281 3295
f 3298 3278 3280 3297
f 3299 3279 3278 3298
f 3302 3301 3300 3279
f 3300 3303 3277 3279
f 3302 3279 3299 3304
f 3303 3305 3276 3277
f 3305 3306 3275 3276
f 3308 3307 3306 3305
f 3308 3305 3303 3309
f 3309 3303 3300 3301
f 3312 3311 3310 3301
f 3310 3313 3309 3301
f 3312 3301 3302 3314
f 3315 3314 3302 3304
f 3315 3304 3316 3317
f 3316 3304 3319 3318
f 3319 3304 3299 3298
f 3319 3298 3297 3320
f 3297 3295 3296 3320
f 3321 3320 3296 3322
f 3322 3296 3294 3323
f 3323 3294 3293 3324
f 3322 3323 3325 3326
f 3323 3324 3327 3325
f 3321 3322 3326 3328
f 3328 3329 3318 3321
f 3318 3319 3320 3321
f 3329 3317 3316 3318
f 3330 3315 3317 3331
f 3331 3317 3332 3333
f 3332 3317 3329 3334
f 3335 3314 3315 3330
f 3336 3312 3314 3335
f 3337 3311 3312 3336
f 3338 3337 3336 3339
f 3339 3336 3335 3340
f 3340 3335 3330 3341
f 3341 3330 3331 3342
f 3343 3342 3331 3333
f 3343 3333 3344 3345
f 3344 3333 3347 3346
f 3347 3333 3332 3334
f 3349 3347 3334 3348
f 3334 3329 3328 3348
f 3348 3328 3326 3350
f 3350 3326 3325 3351
f 3351 3325 3327 3352
f 3352 3327 3353 3354
f 3324 3355 3353 3327
f 3351 3352 3356 3357
f 3352 3354 3358 3356
f 3350 3351 3357 3359
f 3348 3350 3359 3349
f 3347 3349 3360 3346
f 3360 3349 3359 3361
f 3345 3344 3346 3362
f 3363 3362 3346 3360
f 3364 3343 3345 3365
f 3366 3365 3345 3362
f 3367 3342 3343 3364
f 3368 3341 3342 3367
f 3369 3340 3341 3368
f 3370 3339 3340 3369
f 3371 3370 3369 3372
f 3372 3369 3368 3373
f 3373 3368 3367 3374
f 3374 3367 3364 3375
f 3375 3364 3365 3376
f 3377 3376 3365 3366
f 3377 3366 3378 3379
f 3366 3362 3380 3378
f 3380 3362 3363 3381
f 3363 3383 3382 3381
f 3383 3363 3360 3361
f 3383 3361 3384 3385
f 3361 3359 3357 3384
f 3384 3357 3356 3386
f 3385 3384 3386 3387
f 3383 3385 3388 3382
f 3385 3387 3389 3388
f 3391 3390 3381 3382
f 3391 3382 3388 3392
f 3390 3378 3380 3381
f 3393 3379 3378 3390
f 3395 3394 3377 3379
f 3395 3379 3393 3396
f 3397 3376 3377 3394
f 3398 3375 3376 3397
f 3399 3374 3375 3398
f 3400 3373 3374 3399
f 3401 3372 3373 3400
f 3402 3371 3372 3401
f 3403 3402 3401 3404
f 3405 3404 3401 3400
f 3405 3400 3399 3406
f 3407 3406 3399 3398
f 3407 3398 3397 3408
f 3408 3397 3394 3409
f 3410 3409 3394 3395
f 3410 3395 3396 3411
f 3411 3396 3412 3413
f 3396 3393 3414 3412
f 3414 3393 3390 3391
f 3414 3391 3392 3415
f 3415 3392 3416 3417
f 3392 3388 3389 3416
f 3412 3414 3415 3418
f 3418 3415 3417 3419
f 3413 3412 3418 3420
f 3421 3411 3413 3422
f 3422 3413 3420 3423
f 3421 3409 3410 3411
f 3425 3424 3408 3409
f 3425 3409 3421 3426
f 3427 3407 3408 3424
f 3427 3428 3406 3407
f 3429 3405 3406 3428
f 3429 3430 3404 3405
f 3431 3403 3404 3430
f 3434 3433 3432 3430
f 3432 3435 3431 3430
f 3434 3430 3429 3428
f 3437 3436 3434 3428
f 3437 3428 3427 3424
f 3439 3438 3437 3424
f 3439 3424 3425 3440
f 3440 3425 3426 3441
f 3441 3426 3442 3443
f 3426 3421 3422 3442
f 3442 3422 3423 3444
f 3444 3423 3445 3446
f 3423 3420 3447 3445
f 3420 3418 3419 3447
f 3449 3445 3447 3448
f 3447 3419 3450 3448
f 3446 3445 3449 3451
f 3452 3444 3446 3453
f 3453 3446 3451 3454
f 3443 3442 3444 3452
f 3455 3441 3443 3456
f 3456 3443 3452 3457
f 3458 3440 3441 3455
f 3458 3438 3439 3440
f 3461 3460 3459 3438
f 3459 3436 3437 3438
f 3461 3438 3458 3462
f 3464 3463 3436 3459
f 3433 3434 3436 3463
f 3464 3459 3460 3465
f 3467 3466 3465 3460
f 3467 3460 3468 3469
f 3468 3460 3461 3462
f 3471 3468 3462 3470
f 3462 3458 3455 3470
f 3470 3455 3456 3472
f 3472 3456 3457 3473
f 3473 3457 3474 3475
f 3457 3452 3453 3474
f 3474 3453 3454 3476
f 3478 3476 3454 3477
f 3477 3454 3451 3479
f 3451 3449 3480 3479
f 3477 3479 3481 3482
f 3484 3479 3480 3483
f 3481 3479 3484 3485
f 3486 3478 3477 3482
f 3487 3476 3478 3488
f 3489 3488 3478 3486
f 3475 3474 3476 3487
f 3490 3473 3475 3491
f 3491 3475 3487 3492
f 3493 3472 3473 3490
f 3471 3470 3472 3493
f 3494 3471 3493 3495
f 3469 3468 3471 3494
f 3496 3466 3467 3469
f 3497 3496 3469 3494
f 3497 3494 3495 3498
f 3498 3495 3499 3500
f 3495 3493 3490 3499
f 3499 3490 3491 3501
f 3501 3491 3492 3502
f 3502 3492 3503 3504
f 3492 3487 3488 3503
f 3503 3488 3489 3505
f 3505 3489 3506 3507
f 3506 3489 3486 3508
f 3508 3486 3482 3509
f 3482 3481 3510 3509
f 3508 3509 3513 3515
f 3506 3508 3515 3516
f 3507 3506 3516 3517
f 3519 3518 3505 3507
f 3519 3507 3517 3520
f 3504 3503 3505 3518
f 3521 3502 3504 3522
f 3522 3504 3518 3523
f 3524 3501 3502 3521
f 3500 3499 3501 3524
f 3525 3498 3500 3526
f 3526 3500 3524 3527
f 3528 3497 3498 3525
f 3530 3529 3528 3525
f 3530 3525 3526 3531
f 3531 3526 3527 3532
f 3532 3527 3533 3534
f 3527 3524 3521 3533
f 3535 3533 3521 3522
f 3535 3522 3523 3536
f 3536 3523 3537 3538
f 3523 3518 3519 3537
f 3537 3519 3520 3539
f 3539 3520 3540 3541
f 3520 3517 3542 3540
f 3517 3516 3543 3542
f 3516 3515 3544 3543
f 3542 3543 3546 3547
f 3540 3542 3547 3548
f 3541 3540 3548 3549
f 3550 3539 3541 3551
f 3551 3541 3549 3552
f 3538 3537 3539 3550
f 3553 3536 3538 3554
f 3554 3538 3550 3555
f 3556 3535 3536 3553
f 3534 3533 3535 3556
f 3557 3532 3534 3558
f 3558 3534 3556 3559
f 3560 3531 3532 3557
f 3561 3560 3557 3562
f 3562 3557 3558 3563
f 3563 3558 3559 3564
f 3564 3559 3565 3566
f 3559 3556 3553 3565
f 3565 3553 3554 3567
f 3567 3554 3555 3568
f 3570 3568 3555 3569
f 3555 3550 3551 3569
f 3571 3569 3551 3552
f 3573 3572 3571 3552
f 3573 3552 3574 3575
f 3574 3552 3549 3576
f 3549 3548 3577 3576
f 3548 3547 3578 3577
f 3580 3576 3577 3579
f 3577 3578 3581 3579
f 3582 3575 3574 3576
f 3583 3582 3576 3580
f 3584 3573 3575 3585
f 3586 3585 3575 3582
f 3584 3587 3572 3573
f 3589 3588 3572 3587
f 3588 3569 3571 3572
f 3588 3590 3570 3569
f 3591 3568 3570 3590
f 3592 3567 3568 3591
f 3566 3565 3567 3592
f 3593 3564 3566 3594
f 3594 3566 3592 3595
f 3595 3592 3591 3596
f 3596 3591 3590 3597
f 3589 3597 3590 3588
f 3598 3597 3589 3599
f 3599 3589 3587 3600
f 3600 3587 3584 3601
f 3601 3584 3585 3602
f 3603 3602 3585 3586
f 3605 3603 3586 3604
f 3604 3586 3582 3583
f 3607 3604 3583 3606
f 3583 3580 3608 3606
f 3609 3605 3604 3607
f 3611 3610 3603 3605
f 3611 3605 3609 3612
f 3610 3613 3602 3603
f 3614 3601 3602 3613
f 3615 3600 3601 3614
f 3616 3599 3600 3615
f 3617 3598 3599 3616
f 3617 3619 3618 3598
f 3598 3618 3620 3597
f 3620 3621 3596 3597
f 3622 3595 3596 3621
f 3623 3594 3595 3622
f 3624 3593 3594 3623
f 3625 3624 3623 3626
f 3627 3626 3623 3622
f 3629 3628 3627 3622
f 3629 3622 3621 3630
f 3630 3621 3620 3618
f 3631 3630 3618 3619
f 3632 3631 3619 3633
f 3633 3619 3617 3634
f 3634 3617 3616 3635
f 3635 3616 3615 3636
f 3637 3636 3615 3614
f 3638 3637 3614 3613
f 3639 3638 3613 3610
f 3639 3610 3611 3640
f 3641 3640 3611 3612
f 3642 3639 3640 3643
f 3643 3640 3641 3644
f 3642 3645 3638 3639
f 3645 3646 3637 3638
f 3647 3636 3637 3646
f 3648 3635 3636 3647
f 3649 3634 3635 3648
f 3650 3633 3634 3649
f 3651 3632 3633 3650
f 3653 3652 3632 3651
f 3652 3654 3631 3632
f 3654 3629 3630 3631
f 3655 3628 3629 3654
f 3657 3656 3628 3655
f 3656 3626 3627 3628
f 3658 3657 3655 3659
f 3659 3655 3654 3652
f 3660 3659 3652 3653
f 3661 3660 3653 3662
f 3662 3653 3651 3663
f 3663 3651 3650 3664
f 3664 3650 3649 3665
f 3665 3649 3648 3666
f 3666 3648 3647 3667
f 3667 3647 3646 3668
f 3668 3646 3645 3669
f 3669 3645 3642 3670
f 3670 3642 3643 3671
f 3671 3643 3644 3672
f 3673 3670 3671 3674
f 3674 3671 3672 3675
f 3676 3669 3670 3673
f 3677 3668 3669 3676
f 3678 3667 3668 3677
f 3679 3666 3667 3678
f 3680 3665 3666 3679
f 3680 3681 3664 3665
f 3681 3682 3663 3664
f 3682 3683 3662 3663
f 3684 3661 3662 3683
f 2690 3685 3661 3684
f 3685 3686 3660 3661
f 3686 3658 3659 3660
f 3688 3687 3686 3685
f 3687 3689 3658 3686
f 2687 3688 3685 2690
f 2688 2690 3684 3690
f 3691 3690 3684 3683
f 3692 3691 3683 3682
f 3692 3682 3681 3693
f 3694 3693 3681 3680
f 3695 3694 3680 3679
f 3695 3679 3678 3696
f 3696 3678 3677 3697
f 3697 3677 3676 3698
f 3698 3676 3673 3699
f 3699 3673 3674 3700
f 3700 3674 3675 3701
f 3702 3699 3700 3703
f 3703 3700 3701 3704
f 3705 3698 3699 3702
f 3705 3706 3697 3698
f 3707 3696 3697 3706
f 3708 3695 3696 3707
f 3709 3694 3695 3708
f 3710 3693 3694 3709
f 3711 3692 3693 3710
f 3712 3691 3692 3711
f 2721 3690 3691 3712
f 2721 2689 2688 3690
f 2722 2721 3712 2723
f 3713 2723 3712 3711
f 3713 3711 3710 3714
f 3715 3714 3710 3709
f 3716 3715 3709 3708
f 3716 3708 3707 3717
f 3717 3707 3706 3718
f 3718 3706 3705 3719
f 3719 3705 3702 3720
f 3720 3702 3703 3721
f 3721 3703 3704 3722
f 3722 3704 3723 3724
f 3723 3704 3701 3725
f 3701 3675 3726 3725
f 3728 3725 3726 3727
f 3723 3725 3729 3730
f 3729 3725 3728 3731
f 3724 3723 3730 3732
f 3733 3722 3724 3734
f 3734 3724 3732 3735
f 3736 3721 3722 3733
f 3737 3720 3721 3736
f 3738 3719 3720 3737
f 3739 3718 3719 3738
f 3740 3717 3718 3739
f 3741 3716 3717 3740
f 3742 3715 3716 3741
f 3742 3743 3714 3715
f 3744 2784 3743 3742
f 3744 3742 3741 3745
f 3746 3745 3741 3740
f 3746 3740 3739 3747
f 3747 3739 3738 3748
f 3748 3738 3737 3749
f 3749 3737 3736 3750
f 3750 3736 3733 3751
f 3752 3751 3733 3734
f 3752 3734 3735 3753
f 3753 3735 3754 3755
f 3735 3732 3756 3754
f 3732 3730 3757 3756
f 3730 3729 3758 3757
f 3756 3757 3759 3760
f 3757 3758 3761 3759
f 3754 3756 3760 3762
f 3763 3755 3754 3762
f 3764 3753 3755 3765
f 3765 3755 3763 3766
f 3764 3751 3752 3753
f 3767 3750 3751 3768
f 3768 3751 3764 3769
f 3770 3749 3750 3767
f 3771 3748 3749 3770
f 3772 3747 3748 3771
f 2816 3745 3746 3747
f 3772 2815 2816 3747
f 2817 2815 3772 3771
f 3773 2819 2817 3771
f 3773 3771 3770 3774
f 3780 3765 3766 3782
f 3784 3782 3766 3783
f 3766 3763 3785 3783
f 3785 3763 3762 3786
f 3786 3762 3760 3787
f 3788 3783 3785 3786
f 3788 3786 3787 3789
f 3784 3783 3790 3791
f 3790 3783 3788 3792
f 2976 2974 3782 3784
f 2979 2976 3784 3791
f 2846 2819 3773 3774
f 2977 2979 3039 3007
f 3039 2979 3791 3817
f 3039 3817 3818 3038
f 3791 3790 3819 3817
f 3821 3817 3819 3820
f 3818 3817 3821 3822
f 3070 3038 3818 3822
f 3822 3821 3824 3823
f 3071 3070 3822 3823
f 3824 3821 3820 3825
f 3819 3790 3792 3820
f 3820 3792 3826 3825
f 3825 3826 3828 3827
f 3825 3827 3829 3824
f 3830 3823 3824 3829
f 3823 3830 3074 3071
f 3830 3829 3831 3832
f 3830 3832 3833 3074
f 3827 3834 3831 3829
f 3827 3828 3835 3834
f 3826 3789 3836 3828
f 3828 3836 3837 3835
f 3792 3788 3789 3826
f 3789 3787 3838 3836
f 3838 3839 3837 3836
f 3837 3839 3841 3840
f 3835 3837 3840 3842
f 3834 3835 3842 3843
f 3831 3834 3843 3844
f 3832 3831 3844 3845
f 3832 3845 3846 3833
f 3132 3072 3074 3833
f 3131 3132 3833 3846
f 3845 3848 3847 3846
f 3131 3846 3847 3133
f 3845 3844 3849 3848
f 3843 3850 3849 3844
f 3843 3842 3851 3850
f 3840 3852 3851 3842
f 3841 3853 3852 3840
f 3841 3839 3855 3854
f 3841 3854 3856 3853
f 3838 3759 3761 3839
f 3761 3857 3855 3839
f 3760 3759 3838 3787
f 3758 3858 3857 3761
f 3857 3858 3860 3859
f 3855 3857 3859 3854
f 3854 3859 3861 3856
f 3861 3863 3862 3856
f 3853 3856 3862 3864
f 3853 3864 3865 3852
f 3852 3865 3866 3851
f 3850 3851 3866 3867
f 3850 3867 3868 3849
f 3848 3849 3868 3869
f 3848 3869 3870 3847
f 3133 3847 3870 3135
f 3869 3872 3871 3870
f 3135 3870 3871 3164
f 3869 3868 3873 3872
f 3867 3874 3873 3868
f 3867 3866 3875 3874
f 3865 3876 3875 3866
f 3864 3877 3876 3865
f 3864 3862 3878 3877
f 3863 3879 3878 3862
f 3881 3880 3863 3861
f 3880 3882 3879 3863
f 3860 3881 3861 3859
f 3731 3883 3860 3858
f 3883 3884 3881 3860
f 3884 3885 3880 3881
f 3885 3886 3882 3880
f 3882 3886 3888 3887
f 3882 3887 3889 3879
f 3879 3889 3890 3878
f 3877 3878 3890 3891
f 3877 3891 3892 3876
f 3876 3892 3893 3875
f 3894 3874 3875 3893
f 3874 3894 3895 3873
f 3872 3873 3895 3896
f 3872 3896 3897 3871
f 3164 3871 3897 3166
f 3896 3899 3898 3897
f 3166 3897 3898 3194
f 3899 3896 3895 3900
f 3894 3901 3900 3895
f 3901 3894 3893 3902
f 3892 3903 3902 3893
f 3892 3891 3904 3903
f 3906 3905 3904 3891
f 3906 3891 3890 3889
f 3887 3907 3906 3889
f 3908 3907 3887 3888
f 3910 3909 3908 3888
f 3886 3911 3910 3888
f 3885 3912 3911 3886
f 3913 3912 3885 3884
f 3915 3914 3912 3913
f 3914 3916 3911 3912
f 3916 3909 3910 3911
f 3916 3641 3612 3909
f 3612 3609 3917 3909
f 3908 3909 3917 3918
f 3907 3908 3918 3919
f 3919 3905 3906 3907
f 3905 3919 3921 3920
f 3905 3920 3922 3904
f 3904 3922 3923 3903
f 3924 3902 3903 3923
f 3902 3924 3925 3901
f 3901 3925 3926 3900
f 3899 3900 3926 3927
f 3926 3925 3928 3929
f 3926 3929 3930 3927
f 3924 3931 3928 3925
f 3931 3924 3923 3932
f 3922 3933 3932 3923
f 3920 3934 3933 3922
f 3921 3935 3934 3920
f 3918 3936 3921 3919
f 3936 3937 3935 3921
f 3917 3938 3936 3918
f 3609 3607 3938 3917
f 3938 3607 3606 3939
f 3938 3939 3937 3936
f 3937 3939 3941 3940
f 3935 3937 3940 3942
f 3935 3942 3943 3934
f 3934 3943 3944 3933
f 3945 3932 3933 3944
f 3932 3945 3946 3931
f 3931 3946 3947 3928
f 3929 3928 3947 3948
f 3929 3948 3949 3930
f 3950 3927 3930 3951
f 3951 3930 3949 3952
f 3899 3927 3950 3898
f 3950 3951 3953 3196
f 3194 3898 3950 3196
f 3951 3952 3954 3953
f 3949 3956 3955 3952
f 3954 3952 3955 3957
f 3949 3948 3958 3956
f 3947 3959 3958 3948
f 3959 3947 3946 3960
f 3945 3961 3960 3946
f 3944 3962 3961 3945
f 3962 3944 3943 3963
f 3942 3964 3963 3943
f 3940 3966 3965 3942
f 3965 3967 3964 3942
f 3962 3973 3974 3961
f 3960 3961 3974 3975
f 3960 3975 3976 3959
f 3959 3976 3977 3958
f 3956 3958 3977 3978
f 3955 3956 3978 3979
f 3980 3957 3955 3979
f 3288 3957 3980 3291
f 3228 3954 3957 3288
f 3226 3953 3954 3228
f 3257 3227 3228 3288
f 3195 3196 3953 3226
f 3289 3291 3981 3982
f 3291 3980 3983 3981
f 3979 3984 3983 3980
f 3986 3985 3984 3979
f 3978 3987 3986 3979
f 3987 3978 3977 3976
f 3988 3987 3976 3975
f 3974 3990 3989 3975
f 3988 3975 3989 3991
f 3989 3990 3995 3997
f 3991 3989 3997 3998
f 3999 3991 3998 4000
f 3999 3985 3986 3991
f 3988 3991 3986 3987
f 3999 4000 4001 3985
f 4001 4002 3984 3985
f 4002 3981 3983 3984
f 4003 3982 3981 4002
f 4003 4005 4004 3982
f 4006 3982 4004 4007
f 4006 3290 3289 3982
f 4008 4005 4003 4009
f 4002 4001 4009 4003
f 4010 4009 4001 4000
f 4011 4010 4000 3998
f 4013 3998 3997 4012
f 4013 4014 4011 3998
f 4014 4032 4034 4011
f 4034 4035 4010 4011
f 4035 4008 4009 4010
f 4037 4036 4035 4034
f 4036 4038 4008 4035
f 4039 4037 4034 4032
f 4041 4040 4039 4032
f 4067 4040 4041 4066
f 4067 4069 4068 4040
f 4040 4068 4070 4039
f 3484 3483 4069 4067
f 3484 4067 4066 3485
f 4077 3580 3579 4075
f 4077 4075 3969 3966
f 3608 3580 4077 3941
f 3941 4077 3966 3940
f 3966 3969 3967 3965
f 3939 3606 3608 3941
f 3480 3449 3448 3483
f 3483 3448 3450 4069
f 3450 4078 4068 4069
f 3419 3417 4078 3450
f 3417 3416 4079 4078
f 4078 4079 4070 4068
f 3416 3389 4080 4079
f 4079 4080 4081 4070
f 4039 4070 4081 4037
f 4082 4037 4081 4080
f 3387 4082 4080 3389
f 3387 3386 4083 4082
f 4082 4083 4036 4037
f 3386 3356 3358 4083
f 4083 3358 4038 4036
f 3358 3354 4084 4038
f 4038 4084 4005 4008
f 3354 3353 4007 4084
f 4084 4007 4004 4005
f 3355 4006 4007 3353
f 3355 3292 3290 4006
f 3324 3293 3292 3355
f 3914 3644 3641 3916
f 3672 3644 3914 3915
f 3675 3672 3915 3726
f 3726 3915 3913 3727
f 3727 3913 3884 3883
f 3728 3727 3883 3731
f 3729 3731 3858 3758
f 3072 3132 3102 3073
f 2816 2786 2785 3745
f 2785 2784 3744 3745
f 2784 2753 2752 3743
f 2752 2725 4085 3743
f 4085 3713 3714 3743
f 4085 2725 2723 3713
f 2687 2686 4086 3688
f 4086 4087 3687 3688
f 2686 2655 2658 4086
f 2658 2659 4087 4086
f 2659 2660 4088 4087
f 4087 4088 3689 3687
f 2660 2663 4089 4088
f 3689 4088 4089 4090
f 3689 4090 3657 3658
f 4089 2663 4091 4090
f 4091 4093 4092 4090
f 3657 4090 4092 3656
f 2661 4094 4091 2663
f 4094 4095 4093 4091
f 4095 4097 4096 4093
f 4093 4096 3625 4092
f 4092 3625 3626 3656
f 4096 4098 3624 3625
f 4097 4099 4098 4096
f 4101 4100 4097 4095
f 4100 4102 4099 4097
f 4103 4101 4095 4094
f 2662 4103 4094 2661
f 2662 2664 4104 4103
f 4104 4105 4101 4103
f 4101 4105 4106 4100
f 4106 4107 4102 4100
f 4102 4107 4109 4108
f 4102 4108 4110 4099
f 4099 4110 4111 4098
f 4098 4111 3593 3624
f 4110 3562 3563 4111
f 4111 3563 3564 3593
f 4110 4108 3561 3562
f 4108 4109 4112 3561
f 4107 4114 4113 4109
f 4109 4113 4115 4112
f 4106 4116 4114 4107
f 4117 4116 4106 4105
f 4104 2664 2665 4105
f 2665 2666 4117 4105
f 2667 4118 4117 2666
f 4117 4118 4119 4116
f 4116 4119 4120 4114
f 4120 4121 4113 4114
f 4113 4121 4122 4115
f 4115 4122 4124 4123
f 4112 4115 4123 4125
f 3561 4112 4125 3560
f 3560 4125 3530 3531
f 4123 3529 3530 4125
f 4124 4126 3529 4123
f 4124 4122 4127 4126
f 4128 4127 4122 4121
f 4120 4119 4129 4121
f 4129 4130 4128 4121
f 4118 4131 4129 4119
f 2667 2670 4131 4118
f 2670 4133 4132 4131
f 4132 4130 4129 4131
f 4132 4135 4134 4130
f 4130 4134 4136 4128
f 4128 4136 4137 4127
f 4127 4137 4138 4126
f 4126 4138 4140 4139
f 3529 4126 4139 3528
f 4142 4141 4138 4137
f 4140 4138 4141 3466
f 4136 4143 4142 4137
f 4134 4144 4143 4136
f 4135 4145 4144 4134
f 4133 4146 4135 4132
f 4146 4147 4145 4135
f 2668 4148 4133 2670
f 4148 4149 4146 4133
f 4150 4147 4146 4149
f 4147 4150 4152 4151
f 4151 4153 4145 4147
f 4145 4153 4154 4144
f 4144 4154 4155 4143
f 4143 4155 4156 4142
f 4142 4156 4157 4141
f 4141 4157 3465 3466
f 4140 3466 3496 4139
f 4139 3496 3497 3528
f 4159 4158 4157 4156
f 4157 4158 3464 3465
f 4160 4159 4156 4155
f 4154 4161 4160 4155
f 4153 4162 4161 4154
f 4153 4151 4163 4162
f 4164 4163 4151 4152
f 4166 4165 4152 4150
f 4167 4164 4152 4165
f 4166 4150 4149 4168
f 4168 4149 4148 4169
f 2669 4169 4148 2668
f 2671 4170 4169 2669
f 4171 4168 4169 4170
f 4172 4166 4168 4171
f 4172 4173 4165 4166
f 4174 4167 4165 4173
f 4174 4176 4175 4167
f 4167 4175 4177 4164
f 4164 4177 4178 4163
f 4178 4179 4162 4163
f 4179 4180 4161 4162
f 4180 4181 4160 4161
f 4160 4181 4182 4159
f 4159 4182 4183 4158
f 4183 3463 3464 4158
f 4185 4184 4183 4182
f 4183 4184 3433 3463
f 4186 4185 4182 4181
f 4180 4187 4186 4181
f 4179 4188 4187 4180
f 4178 4189 4188 4179
f 4177 4190 4189 4178
f 4191 4190 4177 4175
f 4192 4191 4175 4176
f 4194 4193 4176 4174
f 4195 4192 4176 4193
f 4194 4174 4173 4196
f 4197 4196 4173 4172
f 4197 4172 4171 4198
f 4198 4171 4170 4199
f 2707 4198 4199 2704
f 2707 4200 4197 4198
f 4201 4196 4197 4200
f 4202 4194 4196 4201
f 4202 4203 4193 4194
f 4203 4204 4195 4193
f 4195 4206 4205 4192
f 4204 4207 4206 4195
f 4192 4205 4208 4191
f 4191 4208 4209 4190
f 4209 4210 4189 4190
f 4210 4211 4188 4189
f 4211 4212 4187 4188
f 4212 4213 4186 4187
f 4185 4186 4213 4214
f 4213 4212 4216 4215
f 4215 4217 4214 4213
f 4212 4211 4218 4216
f 4211 4210 4219 4218
f 4210 4209 4220 4219
f 4208 4221 4220 4209
f 4205 4222 4221 4208
f 4206 4223 4222 4205
f 4207 4224 4223 4206
f 4226 4225 4207 4204
f 4225 4227 4224 4207
f 4228 4226 4204 4203
f 4228 4203 4202 4229
f 4230 4229 4202 4201
f 4230 4232 4231 4229
f 4231 4233 4228 4229
f 4233 4234 4226 4228
f 4234 4235 4225 4226
f 4235 4236 4227 4225
f 4236 4238 4237 4227
f 4227 4237 4239 4224
f 4224 4239 4240 4223
f 4240 4241 4222 4223
f 4241 4242 4221 4222
f 4242 4243 4220 4221
f 4243 4244 4219 4220
f 4218 4219 4244 4245
f 4216 4218 4245 4246
f 4248 4247 4245 4244
f 4247 4249 4246 4245
f 4243 4250 4248 4244
f 4242 4251 4250 4243
f 4241 4252 4251 4242
f 4240 4253 4252 4241
f 4239 4254 4253 4240
f 4237 4255 4254 4239
f 4238 4256 4255 4237
f 4258 4257 4238 4236
f 4257 4259 4256 4238
f 4260 4258 4236 4235
f 4261 4260 4235 4234
f 4262 4261 4234 4233
f 4262 4233 4231 4263
f 4265 4264 4262 4263
f 4264 4266 4261 4262
f 4266 4267 4260 4261
f 4267 4268 4258 4260
f 4268 4269 4257 4258
f 4269 4270 4259 4257
f 4272 4271 4256 4259
f 4272 4259 4273 4274
f 4270 4275 4273 4259
f 4256 4271 4276 4255
f 4255 4276 4277 4254
f 4254 4277 4278 4253
f 4253 4278 4279 4252
f 4252 4279 4280 4251
f 4251 4280 4281 4250
f 4279 4283 4282 4280
f 4280 4282 4284 4281
f 4278 4285 4283 4279
f 4277 4286 4285 4278
f 4276 4287 4286 4277
f 4271 4288 4287 4276
f 4272 4274 4288 4271
f 4274 4290 4289 4288
f 4274 4273 4291 4290
f 4275 4292 4291 4273
f 4294 4293 4275 4270
f 4293 4295 4292 4275
f 4296 4294 4270 4269
f 4296 4269 4268 4297
f 4298 4297 4268 4267
f 4300 4299 4297 4298
f 4296 4297 4301 4294
f 4299 4302 4301 4297
f 4294 4301 4303 4293
f 4293 4303 4304 4295
f 4292 4295 4306 4305
f 4295 4304 4307 4306
f 4292 4305 4308 4291
f 4290 4291 4308 4309
f 4289 4290 4309 4310
f 4288 4289 4311 4287
f 4311 4289 4310 4312
f 4287 4311 4313 4286
f 4286 4313 4314 4285
f 4285 4314 4315 4283
f 4313 4317 4316 4314
f 4314 4316 4318 4315
f 4311 4312 4317 4313
f 4312 4310 4320 4319
f 4317 4312 4319 4321
f 4320 4310 4309 4322
f 4309 4308 4323 4322
f 4308 4305 4324 4323
f 4305 4306 4325 4324
f 4306 4307 4326 4325
f 4304 4328 4327 4307
f 4307 4327 4329 4326
f 4330 4328 4304 4303
f 4302 4330 4303 4301
f 4332 4331 4330 4302
f 4331 4333 4328 4330
f 4333 4334 4327 4328
f 4327 4334 4335 4329
f 4326 4329 4337 4336
f 4329 4335 4338 4337
f 4325 4326 4336 4339
f 4340 4324 4325 4339
f 4323 4324 4340 4341
f 4323 4341 4342 4322
f 4320 4322 4343 4319
f 4343 4322 4342 4344
f 4321 4319 4343 4345
f 4317 4321 4346 4316
f 4346 4321 4345 4347
f 4345 4343 4344 4348
f 4347 4345 4348 4349
f 4344 4342 4351 4350
f 4344 4350 4352 4348
f 4341 4353 4351 4342
f 4340 4339 4353 4341
f 4339 4336 4355 4354
f 4353 4339 4354 4356
f 4355 4336 4337 4357
f 4337 4338 4358 4357
f 4335 4360 4359 4338
f 4358 4338 4359 2995
f 4334 4361 4360 4335
f 4333 4362 4361 4334
f 4364 4363 4361 4362
f 4363 4365 4360 4361
f 4360 4365 2992 4359
f 4359 2992 2993 2995
f 4358 2995 3021 3023
f 4366 4357 4358 3023
f 4355 4357 4367 4354
f 4367 4357 4366 4368
f 4354 4367 4369 4356
f 4351 4353 4356 4370
f 4370 4356 4369 4371
f 4350 4351 4370 4372
f 4352 4350 4372 4373
f 4349 4348 4352 4374
f 4374 4352 4373 4375
f 4373 4372 4377 4376
f 4373 4376 4378 4375
f 4372 4370 4371 4377
f 4369 4380 4379 4371
f 4377 4371 4379 4381
f 4369 4367 4368 4380
f 4366 3023 4382 4368
f 4368 4382 4383 4380
f 3023 3022 4384 4382
f 4382 4384 4385 4383
f 4380 4383 4386 4379
f 4383 4385 4387 4386
f 4379 4386 4388 4381
f 4377 4381 4389 4376
f 4381 4388 4390 4389
f 4376 4389 4391 4378
f 4375 4378 4392 4393
f 4378 4391 4394 4392
f 4374 4375 4393 4395
f 4349 4374 4395 4396
f 4396 4395 4397 4398
f 4395 4393 4399 4397
f 4393 4392 4400 4399
f 4392 4394 4401 4400
f 4391 4403 4402 4394
f 4394 4402 4404 4401
f 4389 4390 4403 4391
f 4388 4406 4405 4390
f 4390 4405 4407 4403
f 4386 4387 4406 4388
f 4385 4409 4408 4387
f 4387 4408 4410 4406
f 4384 4411 4409 4385
f 3022 3024 4411 4384
f 3024 3025 3054 4411
f 4411 3054 4412 4409
f 4409 4412 4413 4408
f 4408 4413 4414 4410
f 4406 4410 4415 4405
f 4410 4414 4416 4415
f 4405 4415 4417 4407
f 4403 4407 4418 4402
f 4407 4417 4419 4418
f 4402 4418 4420 4404
f 4401 4404 4421 4422
f 4404 4420 4423 4421
f 4400 4401 4422 4424
f 4399 4400 4424 4425
f 4397 4399 4425 4426
f 4426 4425 4427 4428
f 4425 4424 4429 4427
f 4424 4422 4430 4429
f 4422 4421 4431 4430
f 4421 4423 4432 4431
f 4420 4434 4433 4423
f 4423 4433 3273 4432
f 4418 4419 4434 4420
f 4417 4436 4435 4419
f 4419 4435 4437 4434
f 4415 4416 4436 4417
f 4414 4439 4438 4416
f 4416 4438 4440 4436
f 4413 4441 4439 4414
f 4412 4442 4441 4413
f 4442 3087 4443 4441
f 4441 4443 4444 4439
f 4439 4444 4445 4438
f 4438 4445 4446 4440
f 4436 4440 4447 4435
f 4440 4446 4448 4447
f 4435 4447 4449 4437
f 4434 4437 4450 4433
f 4437 4449 4451 4450
f 3273 4433 4450 3272
f 4452 4432 3273 3274
f 4431 4432 4452 4453
f 4430 4431 4453 4454
f 4429 4430 4454 4455
f 4455 4454 4456 4457
f 4454 4453 3307 4456
f 3307 4453 4452 3306
f 3306 4452 3274 3275
f 4456 3307 3308 4458
f 4457 4456 4458 4459
f 4460 4455 4457 4461
f 4461 4457 4459 4462
f 4427 4429 4455 4460
f 4428 4427 4460 4463
f 4464 4463 4460 4461
f 4465 4464 4461 4462
f 4467 4466 4465 4462
f 4467 4462 4468 4469
f 4468 4462 4459 4470
f 4459 4458 3313 4470
f 3313 4458 3308 3309
f 4470 3313 3310 3311
f 4471 4468 4470 3311
f 4469 4468 4471 4472
f 4473 4467 4469 4474
f 4474 4469 4472 4475
f 4476 4466 4467 4473
f 4478 4477 4466 4476
f 4477 4464 4465 4466
f 4479 4463 4464 4477
f 4480 4428 4463 4479
f 4481 4426 4428 4480
f 4482 4481 4480 4483
f 4483 4480 4479 4484
f 4484 4479 4477 4478
f 4487 4486 4485 4478
f 4485 4488 4484 4478
f 4487 4478 4476 4489
f 4489 4476 4473 4490
f 4490 4473 4474 4491
f 4491 4474 4475 4492
f 4492 4475 3338 4493
f 4475 4472 3337 3338
f 3337 4472 4471 3311
f 4493 3338 3339 3370
f 4494 4492 4493 4495
f 4495 4493 3370 3371
f 4496 4491 4492 4494
f 4497 4490 4491 4496
f 4498 4489 4490 4497
f 4499 4487 4489 4498
f 4500 4486 4487 4499
f 4502 4501 4486 4500
f 4501 4488 4485 4486
f 4504 4503 4488 4501
f 4503 4483 4484 4488
f 4505 4482 4483 4503
f 4506 4505 4503 4504
f 4507 4506 4504 4508
f 4502 4508 4504 4501
f 4509 4508 4502 4510
f 4510 4502 4500 4511
f 4512 4511 4500 4499
f 4512 4499 4498 4513
f 4513 4498 4497 4514
f 4514 4497 4496 4515
f 4516 4515 4496 4494
f 4516 4494 4495 4517
f 4517 4495 3371 3402
f 4518 4516 4517 4519
f 3403 4519 4517 3402
f 4518 4520 4515 4516
f 4520 4521 4514 4515
f 4521 4522 4513 4514
f 4523 4512 4513 4522
f 4523 4524 4511 4512
f 4525 4510 4511 4524
f 4526 4509 4510 4525
f 4281 4284 4509 4526
f 4284 4507 4508 4509
f 4282 4527 4507 4284
f 4527 4528 4506 4507
f 4528 4529 4505 4506
f 4529 4530 4482 4505
f 4318 4531 4529 4528
f 4531 4532 4530 4529
f 4315 4318 4528 4527
f 4283 4315 4527 4282
f 4316 4346 4531 4318
f 4346 4347 4532 4531
f 4347 4349 4396 4532
f 4532 4396 4398 4530
f 4530 4398 4481 4482
f 4398 4397 4426 4481
f 4250 4281 4526 4248
f 4248 4526 4525 4247
f 4249 4247 4525 4524
f 4249 4524 4523 4522
f 4533 4246 4249 4522
f 4215 4216 4246 4533
f 4217 4215 4533 4534
f 4534 4533 4522 4521
f 4534 4536 4535 4217
f 4536 4534 4521 4520
f 4537 4214 4217 4535
f 3432 4537 4535 3435
f 3435 4535 4536 4519
f 4536 4520 4518 4519
f 3431 3435 4519 3403
f 4537 3432 3433 4184
f 4184 4185 4214 4537
f 3272 4450 4451 3243
f 4451 4538 3242 3243
f 4449 4539 4538 4451
f 4539 4541 4540 4538
f 4538 4540 3213 3242
f 4447 4448 4539 4449
f 4448 4542 4541 4539
f 4542 4543 3210 4541
f 4541 3210 3211 4540
f 3213 4540 3211 3212
f 4543 3179 3181 3210
f 4545 4544 4543 4542
f 4544 3151 3179 4543
f 4446 4545 4542 4448
f 4445 4546 4545 4446
f 4546 3148 4544 4545
f 4544 3148 3149 3151
f 4546 4547 3119 3148
f 4444 4547 4546 4445
f 4443 3117 4547 4444
f 3117 3116 3119 4547
f 3087 3086 3117 4443
f 3053 3055 3087 4442
f 3054 3053 4442 4412
f 4548 2991 2992 4365
f 2991 4548 2959 2960
f 4365 4363 4549 4548
f 4548 4549 4550 2959
f 4551 2958 2959 4550
f 4553 4552 4550 4549
f 4554 4551 4550 4552
f 4364 4553 4549 4363
f 4556 4555 4553 4364
f 4555 2863 4552 4553
f 2864 4554 4552 2863
f 2864 2865 2925 4554
f 4551 4554 2925 2926
f 2958 4551 2926 2927
f 2865 2866 2896 2925
f 4557 2862 2863 4555
f 4558 4557 4555 4556
f 4558 4556 4559 4560
f 4556 4364 4362 4559
f 4561 4558 4560 4562
f 4561 4563 4557 4558
f 4563 2832 2862 4557
f 4565 4563 4564 4566
f 4561 4562 4564 4563
f 4565 2801 2832 4563
f 4564 4562 4300 4567
f 4568 4299 4300 4562
f 4568 4562 4560 4332
f 4332 4560 4559 4331
f 4331 4559 4362 4333
f 4568 4332 4302 4299
f 4567 4300 4298 4569
f 4570 4567 4569 4571
f 4566 4564 4567 4570
f 2770 4566 4570 2769
f 4565 4566 2770 2801
f 4570 4571 4572 2769
f 4572 4571 4264 4265
f 4569 4266 4264 4571
f 4569 4298 4267 4266
f 4572 4265 4573 2767
f 4265 4263 4574 4573
f 2768 2769 4572 2767
f 2767 4573 2738 2739
f 2737 2738 4573 4574
f 4574 4232 4575 2737
f 4574 4263 4231 4232
f 2737 4575 2706 2708
f 2705 2706 4575 4576
f 4232 4230 4576 4575
f 2707 2705 4576 4200
f 4230 4201 4200 4576
f 2672 2673 2704 4199
f 2672 4199 4170 2671
o Sphere
usemtl Sphere_3
v -0.64060599 1.067983031 0.941310167 1 1 1
v -0.6397869 1.047078132 0.942872583 1 1 1
v -0.61118299 1.053911209 0.939325213 1 1 1
v -0.6139918 1.072522163 0.938609659 1 1 1
v -0.66580325 1.068608403 0.947346329 1 1 1
v -0.66485822 1.048018336 0.949053049 1 1 1
v -0.64058948 1.094554424 0.941387713 1 1 1
v -0.61608845 1.093329787 0.938749730 1 1 1
v -0.6657933 1.093929529 0.947344541 1 1 1
v -0.63908404 1.029182910 0.945359826 1 1 1
v -0.61002171 1.032759785 0.941707491 1 1 1
v -0.66617703 1.031188368 0.952442169 1 1 1
v -0.58512485 1.066782355 0.938843309 1 1 1
v -0.59820133 1.077546119 0.938019752 1 1 1
v -0.58108389 1.038407087 0.941780030 1 1 1
v -0.60053778 1.096859455 0.938013076 1 1 1
v -0.64145356 1.117149591 0.943802595 1 1 1
v -0.6198948 1.114282727 0.940604329 1 1 1
v -0.60966098 1.124720931 0.941463649 1 1 1
v -0.66479182 1.114738941 0.949171781 1 1 1
v -0.68242538 1.092715978 0.952764213 1 1 1
v -0.68243754 1.069684386 0.952768266 1 1 1
v -0.68079108 1.110924005 0.953688025 1 1 1
v -0.68084675 1.051592946 0.953634679 1 1 1
v -0.69051808 1.039470911 0.960538446 1 1 1
v -0.66491771 1.008536100 0.958095610 1 1 1
v -0.63745236 1.006974101 0.950711846 1 1 1
v -0.689426 1.013772368 0.966927886 1 1 1
v -0.60880619 1.008996486 0.946455121 1 1 1
v -0.58121049 1.011083722 0.946673512 1 1 1
v -0.55786592 1.012239933 0.948210597 1 1 1
v -0.55494338 1.038545370 0.944252729 1 1 1
v -0.55396932 1.067440867 0.941636502 1 1 1
v -0.5805372 1.094797849 0.939133822 1 1 1
v -0.55396938 1.094978570 0.94163692 1 1 1
v -0.58108217 1.124023079 0.941778957 1 1 1
v -0.63896453 1.133508563 0.945822715 1 1 1
v -0.60873133 1.153270006 0.946656167 1 1 1
v -0.5811764 1.151450395 0.946379482 1 1 1
v -0.63740039 1.155525326 0.950972318 1 1 1
v -0.66619962 1.131675601 0.952477693 1 1 1
v -0.69014877 1.122888922 0.960813105 1 1 1
v -0.69698179 1.095075726 0.960262119 1 1 1
v -0.69696909 1.067326307 0.960255324 1 1 1
v -0.71001703 1.040080308 0.974061667 1 1 1
v -0.70680547 1.018049478 0.977056801 1 1 1
v -0.71398044 1.066779017 0.972590088 1 1 1
v -0.68935245 0.994534552 0.976240515 1 1 1
v -0.66285771 0.987091004 0.96461761 1 1 1
v -0.71209574 1.009188771 0.990707576 1 1 1
v -0.63494867 0.984573841 0.957777500 1 1 1
v -0.60658538 0.985745787 0.95350492 1 1 1
v -0.58030444 0.990164816 0.952567517 1 1 1
v -0.56053019 0.993209123 0.952538549 1 1 1
v -0.53888428 1.009723186 0.952362179 1 1 1
v -0.5458585 0.985967338 0.957937479 1 1 1
v -0.53608453 1.038755416 0.947745740 1 1 1
v -0.53394639 1.067134857 0.945372581 1 1 1
v -0.53394645 1.095284938 0.945372223 1 1 1
v -0.55494934 1.123879790 0.944252848 1 1 1
v -0.53610915 1.123663544 0.947740078 1 1 1
v -0.5579018 1.150181770 0.948155701 1 1 1
v -0.58026206 1.172445178 0.952132582 1 1 1
v -0.560516 1.169295549 0.952336072 1 1 1
v -0.60657489 1.176784515 0.953319966 1 1 1
v -0.63492966 1.177948236 0.957714915 1 1 1
v -0.66504341 1.154204964 0.957767188 1 1 1
v -0.66035724 1.175549030 0.964553952 1 1 1
v -0.68580049 1.151079058 0.966882109 1 1 1
v -0.70952344 1.124307036 0.974055409 1 1 1
v -0.71398389 1.095645427 0.972591280 1 1 1
v -0.70144248 1.154047966 0.978914380 1 1 1
v -0.72531432 1.066705942 0.985468208 1 1 1
v -0.72059596 1.037966489 0.987409591 1 1 1
v -0.72531712 1.095714092 0.985469818 1 1 1
v -0.72061104 1.124442100 0.987417578 1 1 1
v -0.71417916 1.153917312 0.994050085 1 1 1
v -0.68413985 1.182123661 0.981654465 1 1 1
v -0.67968482 1.171924591 0.972569644 1 1 1
v -0.69757813 1.183934807 0.996617198 1 1 1
v -0.66007429 1.192368149 0.972928881 1 1 1
v -0.63194305 1.195600628 0.966177940 1 1 1
v -0.60333335 1.19432652 0.961279332 1 1 1
v -0.57486099 1.189392924 0.958677351 1 1 1
v -0.54978168 1.179692864 0.958263397 1 1 1
v -0.53889412 1.152771711 0.952315926 1 1 1
v -0.51682752 1.123867034 0.951956391 1 1 1
v -0.51617831 1.095434904 0.949326515 1 1 1
v -0.52045047 1.153676390 0.956341207 1 1 1
v -0.5259614 1.183967232 0.9643206 1 1 1
v -0.57255268 1.206625580 0.967608571 1 1 1
v -0.55034459 1.200817704 0.967530608 1 1 1
v -0.53618264 1.208784580 0.974615871 1 1 1
v -0.59964299 1.211485028 0.970132589 1 1 1
v -0.62884742 1.212590098 0.974715352 1 1 1
v -0.65510446 1.208199501 0.983458459 1 1 1
v -0.6741094 1.199652433 0.990185678 1 1 1
v -0.67958862 1.207509994 1.004195809 1 1 1
v -0.70146459 1.181954026 1.013005852 1 1 1
v -0.715446 1.163478493 1.011457204 1 1 1
v -0.6901449 1.197776556 1.014060139 1 1 1
v -0.72236043 1.141446948 1.001335740 1 1 1
v -0.72651756 1.121911287 1.000324487 1 1 1
v -0.72341239 1.145689725 1.015164494 1 1 1
v -0.72995359 1.095575451 0.999038994 1 1 1
v -0.72922653 1.123428583 1.015644908 1 1 1
v -0.73323417 1.095685601 1.015688538 1 1 1
v -0.7185604 1.148205995 1.033871173 1 1 1
v -0.72439343 1.124318122 1.034976720 1 1 1
v -0.71124113 1.165712833 1.032520771 1 1 1
v -0.70109648 1.184435844 1.030633688 1 1 1
v -0.68725401 1.200831413 1.029066920 1 1 1
v -0.67017859 1.217366337 1.022513985 1 1 1
v -0.65504438 1.220510006 0.994807481 1 1 1
v -0.65013134 1.229039788 1.007750392 1 1 1
v -0.62591016 1.225507736 0.985494196 1 1 1
v -0.59601164 1.224427461 0.979030489 1 1 1
v -0.56679249 1.221446514 0.975966632 1 1 1
v -0.50669402 1.181537628 0.969549953 1 1 1
v -0.5097754 1.202751159 0.979186534 1 1 1
v -0.56300443 1.233794450 0.987443566 1 1 1
v -0.53202093 1.226431608 0.986590147 1 1 1
v -0.50408816 1.215911269 0.988952398 1 1 1
v -0.59265912 1.236317634 0.989702343 1 1 1
v -0.62185806 1.236533522 0.996724247 1 1 1
v -0.64177287 1.238009214 1.021399736 1 1 1
v -0.61376691 1.249168396 1.014351725 1 1 1
v -0.65672839 1.226927161 1.027732491 1 1 1
v -0.67979747 1.199042916 1.047621369 1 1 1
v -0.66605967 1.215431451 1.044909596 1 1 1
v -0.65182227 1.228389620 1.043530464 1 1 1
v -0.69163674 1.182612657 1.050103187 1 1 1
v -0.7022261 1.163280129 1.052202224 1 1 1
v -0.70949388 1.146454691 1.051973819 1 1 1
v -0.71475244 1.123520255 1.053791880 1 1 1
v -0.72899479 1.095634460 1.035832643 1 1 1
v -0.71843719 1.095610380 1.055222153 1 1 1
v -0.70311213 1.122351527 1.068160653 1 1 1
v -0.70505381 1.095565557 1.070693135 1 1 1
v -0.70140582 1.142589569 1.065091967 1 1 1
v -0.68922329 1.153226137 1.070640921 1 1 1
v -0.67939985 1.176465153 1.068768739 1 1 1
v -0.66712219 1.195293545 1.066571950 1 1 1
v -0.65557724 1.210735917 1.065229654 1 1 1
v -0.64112508 1.223183155 1.062470912 1 1 1
v -0.63559633 1.239380598 1.039250373 1 1 1
v -0.62376457 1.236999273 1.059539437 1 1 1
v -0.61093026 1.250536799 1.035252213 1 1 1
v -0.58684671 1.248348355 1.006032228 1 1 1
v -0.59706402 1.252730369 1.021678328 1 1 1
v -0.58066088 1.255788564 1.017547607 1 1 1
v -0.59354579 1.253888130 1.033713698 1 1 1
v -0.5585742 1.245427966 1.001150488 1 1 1
v -0.55435932 1.253178000 1.015388846 1 1 1
v -0.57643402 1.256243109 1.030085802 1 1 1
v -0.55215174 1.256243586 1.027280926 1 1 1
v -0.58402014 1.254871845 1.051265120 1 1 1
v -0.60392022 1.245529651 1.055349230 1 1 1
v -0.5679934 1.256243944 1.046302080 1 1 1
v -0.6088652 1.225238680 1.079042434 1 1 1
v -0.62278706 1.213853359 1.082282185 1 1 1
v -0.58817065 1.239321708 1.074782609 1 1 1
v -0.63631421 1.199262380 1.084084510 1 1 1
v -0.64949161 1.180718660 1.086987257 1 1 1
v -0.65931123 1.166964530 1.086266040 1 1 1
v -0.67165029 1.147218227 1.086854577 1 1 1
v -0.69087994 1.124247193 1.077833056 1 1 1
v -0.67574793 1.123967051 1.089353799 1 1 1
v -0.65707278 1.141708493 1.097240090 1 1 1
v -0.66002995 1.121623754 1.098931670 1 1 1
v -0.64660096 1.147623300 1.100927472 1 1 1
v -0.62840182 1.159363865 1.105611801 1 1 1
v -0.61642087 1.183451414 1.101298093 1 1 1
v -0.60145378 1.199158668 1.098934531 1 1 1
v -0.58888483 1.213674068 1.094733119 1 1 1
v -0.57177997 1.224142313 1.091515541 1 1 1
v -0.56598091 1.246903300 1.068460702 1 1 1
v -0.55244851 1.234436631 1.085847020 1 1 1
v -0.55876797 1.253875732 1.057703137 1 1 1
v -0.54653054 1.256242752 1.042207956 1 1 1
v -0.54022026 1.256242156 1.055332899 1 1 1
v -0.52350688 1.248306751 1.016857743 1 1 1
v -0.53272748 1.255951881 1.026783227 1 1 1
v -0.52725077 1.254374384 1.039730191 1 1 1
v -0.52483159 1.253464341 1.050943017 1 1 1
v -0.5097698 1.250251412 1.057574272 1 1 1
v -0.53600138 1.249679803 1.066338300 1 1 1
v -0.52939713 1.237946867 1.082504630 1 1 1
v -0.5427649 1.223882913 1.095718622 1 1 1
v -0.55073518 1.210686802 1.103516221 1 1 1
v -0.52274096 1.225007057 1.093833208 1 1 1
v -0.57245654 1.201706647 1.104472398 1 1 1
v -0.57820743 1.181440353 1.112607717 1 1 1
v -0.60072136 1.173930764 1.110259413 1 1 1
v -0.60412848 1.152088403 1.115506649 1 1 1
v -0.6255523 1.124682903 1.113718748 1 1 1
v -0.64314413 1.123797416 1.106691598 1 1 1
v -0.60634875 1.123717904 1.119873881 1 1 1
v -0.64510995 1.095552802 1.109000921 1 1 1
v -0.6623531 1.095561027 1.100995898 1 1 1
v -0.62706512 1.095542788 1.116124153 1 1 1
v -0.60698026 1.095411658 1.122475147 1 1 1
v -0.58459556 1.152695536 1.120072841 1 1 1
v -0.58735138 1.123686909 1.124632358 1 1 1
v -0.58944976 1.095298767 1.127015233 1 1 1
v -0.54767048 1.191047191 1.113901734 1 1 1
v -0.56292403 1.169410109 1.120000124 1 1 1
v -0.56552088 1.150158405 1.124232769 1 1 1
v -0.54290235 1.173751950 1.120427966 1 1 1
v -0.52119011 1.211115837 1.103403687 1 1 1
v -0.51834786 1.194838404 1.111818432 1 1 1
v -0.50240576 1.238813400 1.076718568 1 1 1
v -0.50021607 1.225988268 1.089567661 1 1 1
v -0.49414095 1.212025523 1.099811077 1 1 1
v -0.48241761 1.241254448 1.053149342 1 1 1
v -0.48023352 1.233103275 1.071811556 1 1 1
v -0.48137358 1.223439812 1.084986805 1 1 1
v -0.4717432 1.212617635 1.091196775 1 1 1
v -0.49302083 1.196391820 1.107706308 1 1 1
v -0.47407284 1.197158455 1.103579282 1 1 1
v -0.51546943 1.177993059 1.119862675 1 1 1
v -0.48827896 1.180762767 1.115327954 1 1 1
v -0.51229554 1.151417732 1.127304792 1 1 1
v -0.54161203 1.151123762 1.126746892 1 1 1
v -0.56836557 1.123847007 1.128153801 1 1 1
v -0.54347801 1.124469280 1.131093621 1 1 1
v -0.5694201 1.095712781 1.130751609 1 1 1
v -0.58944994 1.067120790 1.127014637 1 1 1
v -0.60699397 1.067004561 1.122470140 1 1 1
v -0.56942022 1.066704034 1.130752086 1 1 1
v -0.62705535 1.066872716 1.116126775 1 1 1
v -0.60633504 1.038770556 1.119882822 1 1 1
v -0.62492871 1.040645480 1.114280343 1 1 1
v -0.58735329 1.038726091 1.124629855 1 1 1
v -0.56835663 1.038566947 1.128154873 1 1 1
v -0.54326361 1.066354155 1.133859038 1 1 1
v -0.54345202 1.037931084 1.131091713 1 1 1
v -0.54325891 1.096051693 1.133858442 1 1 1
v -0.52056932 1.124379754 1.132511258 1 1 1
v -0.52455455 1.096172690 1.135036468 1 1 1
v -0.48518205 1.155987381 1.122804403 1 1 1
v -0.49962965 1.138617992 1.129633188 1 1 1
v -0.50387889 1.121703028 1.132035017 1 1 1
v -0.48330301 1.139756918 1.127219080 1 1 1
v -0.4620921 1.181566476 1.10719347 1 1 1
v -0.45684928 1.152261376 1.117419004 1 1 1
v -0.45090798 1.199609398 1.090821385 1 1 1
v -0.43340895 1.187280178 1.088279962 1 1 1
v -0.44176051 1.174559712 1.100982785 1 1 1
v -0.43170092 1.154388785 1.104335308 1 1 1
v -0.42577231 1.125225305 1.111000657 1 1 1
v -0.44430348 1.124150276 1.119403362 1 1 1
v -0.46562171 1.139387249 1.124191522 1 1 1
v -0.46031392 1.121844768 1.125238299 1 1 1
v -0.48175472 1.121737718 1.129639267 1 1 1
v -0.5077318 1.096057176 1.134849429 1 1 1
v -0.48247391 1.095905661 1.132718205 1 1 1
v -0.52451807 1.066221475 1.135040998 1 1 1
v -0.50766015 1.066341757 1.134878635 1 1 1
v -0.52041024 1.038010358 1.132592439 1 1 1
v -0.51223564 1.011040210 1.127511143 1 1 1
v -0.54153633 1.011394977 1.126508235 1 1 1
v -0.5654875 1.012266516 1.124191403 1 1 1
v -0.58453649 1.009804368 1.120040774 1 1 1
v -0.56284046 0.993126630 1.119823336 1 1 1
v -0.5781365 0.981061995 1.112535476 1 1 1
v -0.54300642 0.988919794 1.120182037 1 1 1
v -0.51575339 0.984752655 1.119542360 1 1 1
v -0.48515224 1.006570577 1.122886419 1 1 1
v -0.48860893 0.982051849 1.114804625 1 1 1
v -0.49939618 1.024009347 1.129492998 1 1 1
v -0.48125646 1.023119092 1.127370953 1 1 1
v -0.50362307 1.040667891 1.132377266 1 1 1
v -0.48243362 1.066484332 1.132842779 1 1 1
v -0.48155922 1.040561437 1.130108118 1 1 1
v -0.4558115 1.095623850 1.127072811 1 1 1
v -0.45581439 1.066759705 1.127075910 1 1 1
v -0.43737379 1.095670104 1.121064782 1 1 1
v -0.42113218 1.095708608 1.112968206 1 1 1
v -0.42110479 1.066680789 1.112951278 1 1 1
v -0.43659964 1.068603634 1.120812296 1 1 1
v -0.43966916 1.047281861 1.11969769 1 1 1
v -0.45765668 1.042954683 1.124711513 1 1 1
v -0.45672646 1.026653289 1.121508956 1 1 1
v -0.45823216 1.005678296 1.115785241 1 1 1
v -0.46146408 0.980189800 1.10780406 1 1 1
v -0.47413012 0.964810013 1.103872895 1 1 1
v -0.49324307 0.965709805 1.107925534 1 1 1
v -0.51872545 0.967352986 1.112160086 1 1 1
v -0.54782665 0.971468448 1.113877534 1 1 1
v -0.52147502 0.951290428 1.103396177 1 1 1
v -0.55082649 0.951757609 1.103512406 1 1 1
v -0.57244343 0.960724532 1.104479193 1 1 1
v -0.49430391 0.950272023 1.099810242 1 1 1
v -0.47194314 0.949854195 1.091243743 1 1 1
v -0.45154583 0.963412165 1.090467453 1 1 1
v -0.44048208 0.986872613 1.101566314 1 1 1
v -0.43381447 0.975835204 1.087883353 1 1 1
v -0.43055749 1.007267236 1.104883909 1 1 1
v -0.42960224 1.036394000 1.113250851 1 1 1
v -0.40406471 1.066784262 1.100463271 1 1 1
v -0.40898862 1.038677334 1.099722862 1 1 1
v -0.40406892 1.095641970 1.100470662 1 1 1
v -0.40898564 1.123570323 1.099771022 1 1 1
v -0.39410469 1.095622301 1.089147925 1 1 1
v -0.39410624 1.066804409 1.089147925 1 1 1
v -0.3989155 1.125131845 1.087062358 1 1 1
v -0.39896789 1.037223935 1.087093353 1 1 1
v -0.40527621 1.009484052 1.081578254 1 1 1
v -0.41334012 1.015602350 1.096838951 1 1 1
v -0.41938978 0.990480125 1.086444854 1 1 1
v -0.43024981 0.964845240 1.066474199 1 1 1
v -0.44623125 0.950675010 1.068905472 1 1 1
v -0.41786334 0.981273710 1.063508153 1 1 1
v -0.46170306 0.938949048 1.071007847 1 1 1
v -0.48023486 0.929303228 1.071990609 1 1 1
v -0.48161694 0.939141690 1.084969520 1 1 1
v -0.50024837 0.936402082 1.089556098 1 1 1
v -0.52284831 0.937401413 1.093830943 1 1 1
v -0.54276341 0.938539922 1.095722913 1 1 1
v -0.50243068 0.923626005 1.076785206 1 1 1
v -0.52939236 0.924471616 1.082508444 1 1 1
v -0.55244929 0.927982270 1.085847139 1 1 1
v -0.46393928 0.932969272 1.049550175 1 1 1
v -0.4823904 0.921176791 1.053162097 1 1 1
v -0.50980204 0.912158489 1.057572722 1 1 1
v -0.4469156 0.944430470 1.046795487 1 1 1
v -0.43298823 0.959739327 1.044336557 1 1 1
v -0.41881737 0.976349473 1.041269063 1 1 1
v -0.4057402 0.995344162 1.060836792 1 1 1
v -0.40947339 0.992845892 1.040601730 1 1 1
v -0.39760542 1.017009615 1.072535157 1 1 1
v -0.39617762 1.012842893 1.056977272 1 1 1
v -0.39224532 1.039563894 1.074392914 1 1 1
v -0.3887383 1.066819548 1.076302766 1 1 1
v -0.38873637 1.095605135 1.076303362 1 1 1
v -0.38493448 1.066700100 1.057019591 1 1 1
v -0.38919908 1.037364482 1.056684255 1 1 1
v -0.38493726 1.095722198 1.057019114 1 1 1
v -0.40190065 1.010463237 1.037883520 1 1 1
v -0.3945148 1.03774786 1.036558508 1 1 1
v -0.41621843 0.993747174 1.026269912 1 1 1
v -0.42703086 0.982228994 1.020316004 1 1 1
v -0.41085795 1.010751128 1.021543979 1 1 1
v -0.44043329 0.961331188 1.024984717 1 1 1
v -0.45548573 0.945574462 1.026497125 1 1 1
v -0.4695814 0.932434678 1.030432701 1 1 1
v -0.48781672 0.920802831 1.032527804 1 1 1
v -0.51127464 0.911071240 1.036857485 1 1 1
v -0.52725089 0.908046126 1.039730668 1 1 1
v -0.5248298 0.908953368 1.050943732 1 1 1
v -0.53599966 0.912737011 1.066339612 1 1 1
v -0.54021871 0.906174004 1.055334210 1 1 1
v -0.52345574 0.914127230 1.016875982 1 1 1
v -0.53272134 0.906473517 1.026778459 1 1 1
v -0.49520063 0.924239337 1.015214204 1 1 1
v -0.47757438 0.937407374 1.016183257 1 1 1
v -0.46857786 0.951398849 1.005719184 1 1 1
v -0.45021814 0.962586522 1.010855794 1 1 1
v -0.44107389 0.981728315 1.005484700 1 1 1
v -0.42203534 1.008426189 1.009110927 1 1 1
v -0.436248 1.008866429 0.997304797 1 1 1
v -0.40561187 1.037878513 1.016968607 1 1 1
v -0.41873941 1.038433075 1.002602577 1 1 1
v -0.38993353 1.066776633 1.035701751 1 1 1
v -0.40130308 1.066794157 1.016242861 1 1 1
v -0.41678357 1.067200779 0.999730944 1 1 1
v -0.43102926 1.039115786 0.992523551 1 1 1
v -0.42946309 1.067456126 0.989294111 1 1 1
v -0.44899076 1.008937001 0.986887216 1 1 1
v -0.45767665 0.978855669 0.994114935 1 1 1
v -0.44565299 1.039084315 0.981711685 1 1 1
v -0.49765322 0.936500847 1.001146554 1 1 1
v -0.4825736 0.959503173 0.990543305 1 1 1
v -0.50415331 0.946529090 0.989097058 1 1 1
v -0.47250038 0.981543421 0.984162926 1 1 1
v -0.52709866 0.922733366 1.000197410 1 1 1
v -0.55435449 0.909244179 1.015385031 1 1 1
v -0.5585531 0.916987240 1.001160144 1 1 1
v -0.55215186 0.906175673 1.027281165 1 1 1
v -0.54653031 0.906174719 1.042207956 1 1 1
v -0.57643384 0.906175077 1.030085206 1 1 1
v -0.58066195 0.906627118 1.017545938 1 1 1
v -0.56799257 0.906175732 1.046300888 1 1 1
v -0.58688307 0.914068460 1.006039261 1 1 1
v -0.53203321 0.935947299 0.986624896 1 1 1
v -0.56304616 0.928604781 0.987453341 1 1 1
v -0.59269345 0.926100909 0.989738643 1 1 1
v -0.49346343 0.966656804 0.981352329 1 1 1
v -0.50987601 0.959696173 0.979256928 1 1 1
v -0.53639567 0.949693501 0.976775407 1 1 1
v -0.48860836 0.982787430 0.975575923 1 1 1
v -0.46642846 1.009616136 0.976907491 1 1 1
v -0.48737693 1.008560180 0.967227578 1 1 1
v -0.46130675 1.038594842 0.972360849 1 1 1
v -0.44272059 1.067183017 0.980090141 1 1 1
v -0.46016952 1.066849827 0.970027208 1 1 1
v -0.47942829 1.038306474 0.964449048 1 1 1
v -0.47771892 1.066859722 0.962309360 1 1 1
v -0.51294464 0.994331657 0.962674796 1 1 1
v -0.4983398 1.019683599 0.960857629 1 1 1
v -0.5175615 1.014239788 0.955901503 1 1 1
v -0.5117417 0.975121855 0.970295846 1 1 1
v -0.49812245 1.040462255 0.957581460 1 1 1
v -0.54031384 0.965254724 0.967367529 1 1 1
v -0.56684178 0.940987587 0.975949287 1 1 1
v -0.57059401 0.956227123 0.967406392 1 1 1
v -0.59602118 0.93813622 0.979120791 1 1 1
v -0.62084842 0.925746500 0.996212959 1 1 1
v -0.62492025 0.937929213 0.984950184 1 1 1
v -0.61307931 0.913103759 1.014586210 1 1 1
v -0.59706539 0.909687399 1.021677494 1 1 1
v -0.59354573 0.908532857 1.033712744 1 1 1
v -0.61090845 0.911880910 1.035263896 1 1 1
v -0.6403771 0.923323929 1.020196795 1 1 1
v -0.64588225 0.931123375 1.004180908 1 1 1
v -0.63487333 0.922724068 1.039462328 1 1 1
v -0.65236068 0.942288339 0.993796765 1 1 1
v -0.62868929 0.950441837 0.975172698 1 1 1
v -0.59967268 0.951129853 0.97024405 1 1 1
v -0.65676004 0.954466342 0.983292818 1 1 1
v -0.574871 0.973073661 0.958760023 1 1 1
v -0.60345852 0.967772424 0.960987448 1 1 1
v -0.51682562 1.038604617 0.951953053 1 1 1
v -0.51616549 1.066982030 0.949330985 1 1 1
v -0.49594033 1.066884517 0.955726325 1 1 1
v -0.49593961 1.095532298 0.955725848 1 1 1
v -0.4777244 1.095556139 0.962318182 1 1 1
v -0.49837723 1.124011874 0.957759618 1 1 1
v -0.47965917 1.124116420 0.964683175 1 1 1
v -0.46023625 1.095563530 0.970102906 1 1 1
v -0.46168944 1.123762369 0.972774267 1 1 1
v -0.48308915 1.152828216 0.968875527 1 1 1
v -0.50085938 1.153357982 0.962266802 1 1 1
v -0.46653813 1.152999401 0.977008163 1 1 1
v -0.48847914 1.179987192 0.975367128 1 1 1
v -0.47237295 1.181161284 0.983967602 1 1 1
v -0.44925705 1.153399705 0.987092852 1 1 1
v -0.44586968 1.123296141 0.981930673 1 1 1
v -0.45753339 1.183816075 0.993961334 1 1 1
v -0.44273734 1.095242023 0.980122745 1 1 1
v -0.42946973 1.094979286 0.989289999 1 1 1
v -0.43097919 1.123301267 0.992458879 1 1 1
v -0.43607387 1.153475284 0.997428715 1 1 1
v -0.44106591 1.180424690 1.005814790 1 1 1
v -0.46799061 1.211468339 1.005266308 1 1 1
v -0.48284778 1.202614426 0.990722358 1 1 1
v -0.45039168 1.199676632 1.010814547 1 1 1
v -0.49365875 1.195516705 0.98152107 1 1 1
v -0.49752298 1.226107478 1.000858306 1 1 1
v -0.49521151 1.238138914 1.015088319 1 1 1
v -0.47655398 1.226293683 1.015533328 1 1 1
v -0.45520124 1.217056036 1.026302695 1 1 1
v -0.44010136 1.200894236 1.025218963 1 1 1
v -0.46938533 1.230133771 1.030397892 1 1 1
v -0.4261629 1.179933071 1.020825147 1 1 1
v -0.42152649 1.153826952 1.009705901 1 1 1
v -0.41873854 1.123953819 1.002775549 1 1 1
v -0.41679627 1.095228672 0.999720990 1 1 1
v -0.40131178 1.095618128 1.016232609 1 1 1
v -0.40607095 1.124400377 1.017393708 1 1 1
v -0.41134953 1.151246547 1.022667169 1 1 1
v -0.41704684 1.167418956 1.027782678 1 1 1
v -0.41933507 1.184999465 1.041617393 1 1 1
v -0.40982413 1.168905496 1.041057705 1 1 1
v -0.43359137 1.202036976 1.044386029 1 1 1
v -0.4477092 1.217135548 1.046825885 1 1 1
v -0.46466231 1.228598952 1.049428701 1 1 1
v -0.487804 1.241627574 1.032557606 1 1 1
v -0.52711385 1.239738464 1.000100731 1 1 1
v -0.51130933 1.251357197 1.036876678 1 1 1
v -0.46202907 1.223182201 1.070675015 1 1 1
v -0.44667301 1.211558699 1.068761348 1 1 1
v -0.43011177 1.197694301 1.066588759 1 1 1
v -0.41655698 1.181840062 1.063612103 1 1 1
v -0.40537375 1.167155385 1.060856699 1 1 1
v -0.40179205 1.151923060 1.038130879 1 1 1
v -0.39621282 1.149646163 1.057004451 1 1 1
v -0.3945303 1.124739050 1.036576986 1 1 1
v -0.38993666 1.095650434 1.035698652 1 1 1
v -0.38920572 1.125066876 1.056687951 1 1 1
v -0.39756629 1.145329237 1.072508454 1 1 1
v -0.39224637 1.122868895 1.074394702 1 1 1
v -0.40519926 1.152767777 1.081598520 1 1 1
v -0.42032981 1.171090960 1.086045861 1 1 1
v -0.41340327 1.146538138 1.096853613 1 1 1
v -0.6316765 0.967472851 0.966687262 1 1 1
v -0.66032177 0.970067858 0.973029255 1 1 1
v -0.68499213 0.978354036 0.983776629 1 1 1
v -0.68168128 0.964810550 0.994779408 1 1 1
v -0.67408723 0.949130117 1.007287263 1 1 1
v -0.69917685 0.979536294 1.009512305 1 1 1
v -0.70244551 0.987656474 0.994076848 1 1 1
v -0.68940562 0.963774859 1.014369607 1 1 1
v -0.71539235 0.998960673 1.011486053 1 1 1
v -0.70110661 0.977989554 1.030673503 1 1 1
v -0.6876995 0.962125837 1.029547691 1 1 1
v -0.71124071 0.99669379 1.032514929 1 1 1
v -0.67326391 0.947939157 1.025435686 1 1 1
v -0.66072965 0.939267158 1.011142134 1 1 1
v -0.657547 0.935753464 1.024524331 1 1 1
v -0.6664269 0.947609305 1.045330166 1 1 1
v -0.65220016 0.933833360 1.042809486 1 1 1
v -0.67980206 0.963395834 1.047631859 1 1 1
v -0.69163001 0.979797899 1.050103783 1 1 1
v -0.70222712 0.999127745 1.052192330 1 1 1
v -0.71856523 1.014209270 1.033871531 1 1 1
v -0.72341102 1.016720533 1.015160083 1 1 1
v -0.70950627 1.015961527 1.051962137 1 1 1
v -0.72233194 1.020916700 1.001312732 1 1 1
v -0.72651607 1.040509104 1.000325560 1 1 1
v -0.72922957 1.038990378 1.015645146 1 1 1
v -0.72439772 1.038100242 1.034977316 1 1 1
v -0.71476233 1.038898348 1.053782463 1 1 1
v -0.70142025 1.019824624 1.065056443 1 1 1
v -0.68901187 1.009264349 1.070520997 1 1 1
v -0.70313942 1.040057659 1.068137288 1 1 1
v -0.67932451 0.985953748 1.068743586 1 1 1
v -0.6671018 0.967133820 1.066596746 1 1 1
v -0.65555435 0.951689064 1.065248370 1 1 1
v -0.64113402 0.939254224 1.062476992 1 1 1
v -0.62375247 0.925419211 1.059534788 1 1 1
v -0.60391873 0.916893124 1.055347204 1 1 1
v -0.60886896 0.937196910 1.079052925 1 1 1
v -0.58816981 0.923099160 1.074781775 1 1 1
v -0.62278473 0.948603987 1.082303285 1 1 1
v -0.6364764 0.962937235 1.084269404 1 1 1
v -0.64942873 0.979317724 1.085756540 1 1 1
v -0.65933973 0.995470881 1.086347460 1 1 1
v -0.6719982 1.015030145 1.087048053 1 1 1
v -0.69082296 1.038182735 1.077776074 1 1 1
v -0.67588603 1.038383245 1.089481473 1 1 1
v -0.70506412 1.066851377 1.070684671 1 1 1
v -0.71843797 1.066809296 1.055222511 1 1 1
v -0.6926657 1.066880345 1.080890178 1 1 1
v -0.72899622 1.066785454 1.035832643 1 1 1
v -0.73323673 1.066734314 1.015688419 1 1 1
v -0.72995257 1.066844463 0.999039471 1 1 1
v -0.69265622 1.095533728 1.080897212 1 1 1
v -0.67895192 1.066827058 1.091218948 1 1 1
v -0.67895144 1.095592856 1.091215252 1 1 1
v -0.6604346 1.040689349 1.099360942 1 1 1
v -0.65681916 1.020882606 1.097018480 1 1 1
v -0.66248113 1.066850066 1.101119041 1 1 1
v -0.6431545 1.013615846 1.102049231 1 1 1
v -0.62863648 0.993818342 1.102257728 1 1 1
v -0.61646986 0.976480066 1.100061893 1 1 1
v -0.60147959 0.963259875 1.098921775 1 1 1
v -0.5889079 0.948752701 1.094731807 1 1 1
v -0.60060459 0.988565504 1.110180020 1 1 1
v -0.60764259 1.009934186 1.114098906 1 1 1
v -0.62468153 1.020405769 1.111111521 1 1 1
v -0.64338285 1.038618922 1.106966972 1 1 1
v -0.64510947 1.066866993 1.109036803 1 1 1
v -0.57177776 0.938281714 1.091519951 1 1 1
v -0.56598049 0.915515840 1.068460464 1 1 1
v -0.58401954 0.907549023 1.05126369 1 1 1
v -0.55876684 0.908543229 1.057703256 1 1 1
v 0.542305886 1.011751651 0.951232671 1 1 1
v 0.543679952 0.995093226 0.955007970 1 1 1
v 0.571215808 0.997832059 0.950308740 1 1 1
v 0.570323228 1.014669895 0.946393311 1 1 1
v 0.514446198 1.014523863 0.956855416 1 1 1
v 0.516337931 0.997763931 0.960388898 1 1 1
v 0.540757179 1.038172960 0.946946144 1 1 1
v 0.569173038 1.037499666 0.942671835 1 1 1
v 0.513024449 1.037387490 0.953298032 1 1 1
v 0.545731127 0.979051530 0.960503041 1 1 1
v 0.573860943 0.978736400 0.956793665 1 1 1
v 0.518745124 0.979008019 0.966372370 1 1 1
v 0.601966559 1.001983523 0.947754323 1 1 1
v 0.600361406 1.021848559 0.943134546 1 1 1
v 0.604456067 0.983694136 0.954112350 1 1 1
v 0.596870958 1.041360020 0.940414249 1 1 1
v 0.568010985 1.066836834 0.939922392 1 1 1
v 0.596037268 1.066435813 0.938155412 1 1 1
v 0.539776742 1.066872477 0.944284558 1 1 1
v 0.512279748 1.066851258 0.950559616 1 1 1
v 0.487125426 1.040990471 0.960985422 1 1 1
v 0.485994964 1.021570920 0.964436292 1 1 1
v 0.486372351 1.066339373 0.958751797 1 1 1
v 0.488091707 1.002676725 0.968457400 1 1 1
v 0.491490960 0.982695937 0.974593043 1 1 1
v 0.521344065 0.960012257 0.974582374 1 1 1
v 0.549013316 0.958785295 0.969351649 1 1 1
v 0.495214015 0.963168084 0.982770085 1 1 1
v 0.577609121 0.961020946 0.964866519 1 1 1
v 0.608214736 0.964128434 0.962981879 1 1 1
v 0.630698025 0.988628625 0.955839872 1 1 1
v 0.629290878 1.010038971 0.948568344 1 1 1
v 0.636395573 0.973585009 0.963929534 1 1 1
v 0.629257977 1.036036133 0.942488789 1 1 1
v 0.615834474 1.045965075 0.940410494 1 1 1
v 0.617134213 1.068143248 0.938749194 1 1 1
v 0.59602952 1.095987319 0.938157975 1 1 1
v 0.616675555 1.096203208 0.938788294 1 1 1
v 0.568010628 1.095579743 0.939923048 1 1 1
v 0.539776742 1.095546245 0.944284558 1 1 1
v 0.512280046 1.095565319 0.950559139 1 1 1
v 0.486384451 1.096087813 0.958747327 1 1 1
v 0.468036115 1.067970275 0.966567397 1 1 1
v 0.470414996 1.045508265 0.967453539 1 1 1
v 0.468464940 1.096377492 0.966443061 1 1 1
v 0.460019946 1.035056352 0.973461568 1 1 1
v 0.464114964 1.008690595 0.978545963 1 1 1
v 0.468909174 0.986429452 0.984294295 1 1 1
v 0.469844192 0.968913435 0.992666602 1 1 1
v 0.497937649 0.947215497 0.991135656 1 1 1
v 0.524151146 0.943059861 0.983265817 1 1 1
v 0.472330957 0.954017639 1.000985503 1 1 1
v 0.552153050 0.942552983 0.977817058 1 1 1
v 0.581367194 0.944427192 0.973763644 1 1 1
v 0.611955285 0.949192404 0.971618831 1 1 1
v 0.638344824 0.957663893 0.973590552 1 1 1
v 0.663354218 0.984089493 0.966485321 1 1 1
v 0.649569928 0.993886828 0.957555532 1 1 1
v 0.657093346 0.965867340 0.974045157 1 1 1
v 0.652589082 1.012434482 0.952734947 1 1 1
v 0.655389845 1.038871169 0.947735548 1 1 1
v 0.635335564 1.066411614 0.940405726 1 1 1
v 0.658674001 1.067278623 0.945022344 1 1 1
v 0.635254383 1.096004366 0.940528929 1 1 1
v 0.593150019 1.125808835 0.941221177 1 1 1
v 0.612614154 1.125988841 0.941773712 1 1 1
v 0.633797526 1.125001311 0.943747341 1 1 1
v 0.658669948 1.095135927 0.945023417 1 1 1
v 0.655597269 1.123639583 0.947541654 1 1 1
v 0.674276709 1.039698243 0.953507781 1 1 1
v 0.676639378 1.067650198 0.950878679 1 1 1
v 0.676651477 1.094748497 0.950882911 1 1 1
v 0.669698 1.010571837 0.958908498 1 1 1
v 0.681771278 0.993733644 0.970351874 1 1 1
v 0.686612069 1.011998415 0.965837717 1 1 1
v 0.679389894 0.974680244 0.982535779 1 1 1
v 0.665666520 0.959094822 0.986311078 1 1 1
v 0.692438960 0.989758253 0.981758117 1 1 1
v 0.645439863 0.944195866 0.987808108 1 1 1
v 0.615813255 0.936825573 0.982918977 1 1 1
v 0.584963142 0.930405855 0.985126912 1 1 1
v 0.556111216 0.928745687 0.988620340 1 1 1
v 0.528135180 0.928352475 0.994356453 1 1 1
v 0.560852408 0.915766239 1.002850174 1 1 1
v 0.589355468 0.917455971 1.001278638 1 1 1
v 0.532955467 0.915921986 1.007788658 1 1 1
v 0.618114411 0.924637258 0.996271789 1 1 1
v 0.638234317 0.933713376 0.995923817 1 1 1
v 0.661888003 0.940522491 1.006524443 1 1 1
v 0.646813154 0.929146945 1.010642528 1 1 1
v 0.678130745 0.954209327 1.003725051 1 1 1
v 0.691061139 0.970129251 1.001368165 1 1 1
v 0.702910542 0.986987292 0.999243497 1 1 1
v 0.703052043 1.009592294 0.978561222 1 1 1
v 0.715036034 1.006071329 0.996987879 1 1 1
v 0.691840410 1.038640499 0.961488783 1 1 1
v 0.710405111 1.036631703 0.975613296 1 1 1
v 0.693424224 1.067204117 0.958147883 1 1 1
v 0.693433702 1.095205783 0.958153188 1 1 1
v 0.674951791 1.123337864 0.953969776 1 1 1
v 0.691466391 1.124593615 0.962041258 1 1 1
v 0.710805058 1.096078753 0.968979239 1 1 1
v 0.710803091 1.066350579 0.968980073 1 1 1
v 0.71000278 1.126348018 0.975284278 1 1 1
v 0.719071090 1.046983122 0.982554614 1 1 1
v 0.720415711 1.068219780 0.979902505 1 1 1
v 0.723141849 1.028424739 0.995687842 1 1 1
v 0.726812362 1.045387506 0.996798098 1 1 1
v 0.720204889 1.009037613 1.018150448 1 1 1
v 0.708615481 0.988914609 1.019780159 1 1 1
v 0.727943539 1.031051755 1.017315268 1 1 1
v 0.696416676 0.972244441 1.022153019 1 1 1
v 0.683305978 0.956836164 1.024673342 1 1 1
v 0.668063700 0.943407535 1.027424335 1 1 1
v 0.652054429 0.931015193 1.030277371 1 1 1
v 0.626549363 0.918561399 1.013051629 1 1 1
v 0.632458746 0.919461965 1.034231901 1 1 1
v 0.634561002 0.927676081 1.053183674 1 1 1
v 0.652424573 0.939942121 1.051635026 1 1 1
v 0.667495727 0.951436340 1.049550771 1 1 1
v 0.682324767 0.965562582 1.046813845 1 1 1
v 0.696083486 0.980007052 1.042355656 1 1 1
v 0.706946671 0.996623337 1.040720820 1 1 1
v 0.717914879 1.014776825 1.037505030 1 1 1
v 0.723850667 1.037715673 1.036530613 1 1 1
v 0.731942653 1.051655888 1.016336679 1 1 1
v 0.729455530 1.065579175 1.034523963 1 1 1
v 0.729247510 1.067174315 0.995467603 1 1 1
v 0.732930004 1.071163058 1.014137387 1 1 1
v 0.720424473 1.094202518 0.979910492 1 1 1
v 0.729250550 1.095244407 0.995471596 1 1 1
v 0.719085216 1.115444421 0.982567668 1 1 1
v 0.726815760 1.117033243 0.996802926 1 1 1
v 0.732928097 1.091249823 1.014136791 1 1 1
v 0.731939673 1.110759973 1.016335606 1 1 1
v 0.732528746 1.074077248 1.025767564 1 1 1
v 0.732528388 1.088333010 1.025767326 1 1 1
v 0.729453980 1.096835136 1.034523367 1 1 1
v 0.720282673 1.066835522 1.052828192 1 1 1
v 0.715861797 1.040167808 1.052684307 1 1 1
v 0.720282018 1.095582485 1.052827596 1 1 1
v 0.712161481 1.020513057 1.050658941 1 1 1
v 0.702005267 1.010051846 1.058947324 1 1 1
v 0.692725896 0.988937556 1.058122992 1 1 1
v 0.678845226 0.982401728 1.067617535 1 1 1
v 0.660937428 0.965396642 1.070629715 1 1 1
v 0.642436087 0.950152933 1.072524428 1 1 1
v 0.633483052 0.938012480 1.066666126 1 1 1
v 0.620413303 0.947084665 1.082337260 1 1 1
v 0.614631116 0.933133602 1.072289943 1 1 1
v 0.621187508 0.962640523 1.091098666 1 1 1
v 0.639172792 0.965601861 1.084244012 1 1 1
v 0.649837374 0.982489764 1.086728692 1 1 1
v 0.666977703 0.990758538 1.080044984 1 1 1
v 0.686556160 1.008698344 1.072276353 1 1 1
v 0.673807799 1.010960340 1.083820819 1 1 1
v 0.705966055 1.037024140 1.064809918 1 1 1
v 0.692931592 1.036418795 1.075706362 1 1 1
v 0.709371149 1.066290140 1.066988110 1 1 1
v 0.709368646 1.096183061 1.06699121 1 1 1
v 0.715845406 1.122304678 1.052681922 1 1 1
v 0.723846375 1.124700903 1.036530375 1 1 1
v 0.705937922 1.125531315 1.064804434 1 1 1
v 0.727940440 1.131358742 1.017309188 1 1 1
v 0.723123312 1.134059429 0.995643556 1 1 1
v 0.72019279 1.153408765 1.018136739 1 1 1
v 0.714481413 1.157045006 0.996727168 1 1 1
v 0.717914402 1.147630572 1.037499904 1 1 1
v 0.712150275 1.141896486 1.050670981 1 1 1
v 0.701981544 1.152392864 1.058961987 1 1 1
v 0.686757385 1.153917193 1.072422027 1 1 1
v 0.692968547 1.126212239 1.075696826 1 1 1
v 0.696864962 1.096415758 1.077432990 1 1 1
v 0.696857273 1.066096901 1.077440023 1 1 1
v 0.678806483 1.036270260 1.086932659 1 1 1
v 0.683314263 1.066332459 1.088587641 1 1 1
v 0.654147446 1.008688092 1.094741344 1 1 1
v 0.658291697 1.035030245 1.099865198 1 1 1
v 0.626811206 0.982703626 1.098748207 1 1 1
v 0.630226910 1.002640485 1.104865431 1 1 1
v 0.632305085 1.021564960 1.108900070 1 1 1
v 0.664870560 1.066336393 1.099685311 1 1 1
v 0.631171107 1.040989875 1.112353563 1 1 1
v 0.647881686 1.045507550 1.105885386 1 1 1
v 0.650260567 1.067970037 1.106771588 1 1 1
v 0.683325350 1.096160888 1.088577270 1 1 1
v 0.664750754 1.096090436 1.099579453 1 1 1
v 0.678970158 1.126400947 1.087056875 1 1 1
v 0.673895537 1.151531100 1.083857536 1 1 1
v 0.678840339 1.179987430 1.067659378 1 1 1
v 0.692718684 1.173460841 1.058152437 1 1 1
v 0.666832625 1.171563148 1.079999446 1 1 1
v 0.706934571 1.165807724 1.040722489 1 1 1
v 0.696070849 1.182423234 1.042361140 1 1 1
v 0.708796799 1.173625111 1.019770026 1 1 1
v 0.704034864 1.176012635 0.999832868 1 1 1
v 0.696455955 1.190123915 1.022131085 1 1 1
v 0.692282080 1.192105054 1.000681400 1 1 1
v 0.682370960 1.196803569 1.046814918 1 1 1
v 0.683321595 1.205569386 1.024670124 1 1 1
v 0.660818159 1.196943640 1.070672154 1 1 1
v 0.667457938 1.211003661 1.049573898 1 1 1
v 0.649966895 1.180069327 1.086946010 1 1 1
v 0.653976738 1.153773427 1.094528317 1 1 1
v 0.661545038 1.126235127 1.097262978 1 1 1
v 0.649831593 1.096377492 1.106895923 1 1 1
v 0.644182622 1.126383304 1.105861425 1 1 1
v 0.631924092 1.066339135 1.114587307 1 1 1
v 0.631911933 1.096087813 1.114591717 1 1 1
v 0.605271935 1.037387251 1.120041012 1 1 1
v 0.603850483 1.014523267 1.116483569 1 1 1
v 0.606016457 1.066851258 1.122779250 1 1 1
v 0.606016159 1.095565319 1.122779965 1 1 1
v 0.627355277 1.126126527 1.112970113 1 1 1
v 0.605362951 1.125108599 1.120006561 1 1 1
v 0.635883569 1.154963970 1.103572726 1 1 1
v 0.617557168 1.154266595 1.110817432 1 1 1
v 0.62711519 1.179955959 1.098941922 1 1 1
v 0.638887345 1.196525096 1.084122419 1 1 1
v 0.642358839 1.212198615 1.072578668 1 1 1
v 0.621031642 1.199552297 1.090990304 1 1 1
v 0.652398824 1.222478985 1.05166924 1 1 1
v 0.668092191 1.218990683 1.027449369 1 1 1
v 0.651950240 1.231204628 1.030286550 1 1 1
v 0.678297400 1.208183169 1.003667473 1 1 1
v 0.661150753 1.220924258 1.006638169 1 1 1
v 0.646434664 1.232500314 1.010635852 1 1 1
v 0.632454335 1.242963433 1.034233570 1 1 1
v 0.626581966 1.243807315 1.012987852 1 1 1
v 0.634573161 1.234742760 1.053185820 1 1 1
v 0.633465111 1.224399685 1.066693306 1 1 1
v 0.614646375 1.229266285 1.072308063 1 1 1
v 0.620420336 1.215270280 1.082373261 1 1 1
v 0.597058713 1.202387929 1.098759174 1 1 1
v 0.594134151 1.21930933 1.090128302 1 1 1
v 0.601403176 1.179251432 1.108078479 1 1 1
v 0.598914384 1.151078701 1.117332220 1 1 1
v 0.592512369 1.167802929 1.115011334 1 1 1
v 0.577539801 1.124235868 1.126394271 1 1 1
v 0.578519463 1.095546126 1.129054307 1 1 1
v 0.576000332 1.150846004 1.122115135 1 1 1
v 0.578519463 1.066872477 1.129054307 1 1 1
v 0.550285458 1.095579743 1.133415699 1 1 1
v 0.550285220 1.066836834 1.133416414 1 1 1
v 0.549023747 1.124995708 1.130664944 1 1 1
v 0.552829682 1.151012539 1.125939369 1 1 1
v 0.574596703 1.168063283 1.118291735 1 1 1
v 0.556735396 1.167772412 1.121583223 1 1 1
v 0.572586476 1.183470368 1.112890124 1 1 1
v 0.569274067 1.203660965 1.103976249 1 1 1
v 0.566138744 1.219846844 1.095534324 1 1 1
v 0.590137779 1.234077096 1.079016327 1 1 1
v 0.562164187 1.233665943 1.084728717 1 1 1
v 0.611828684 1.241923570 1.057715296 1 1 1
v 0.585123062 1.248344063 1.062391281 1 1 1
v 0.609418511 1.250976204 1.038933157 1 1 1
v 0.602131247 1.251611471 1.018470764 1 1 1
v 0.589665293 1.254985451 1.042362570 1 1 1
v 0.586296856 1.254912972 1.023479104 1 1 1
v 0.571961402 1.253469467 1.055948138 1 1 1
v 0.572198867 1.256243944 1.04350245 1 1 1
v 0.553865671 1.253317594 1.059586525 1 1 1
v 0.557438015 1.246652603 1.070488691 1 1 1
v 0.535317242 1.232250213 1.088212132 1 1 1
v 0.528939127 1.244936943 1.072099924 1 1 1
v 0.536957144 1.218051433 1.099632978 1 1 1
v 0.540649592 1.201424598 1.108536005 1 1 1
v 0.543735861 1.179581403 1.118318080 1 1 1
v 0.532151043 1.154113411 1.126670718 1 1 1
v 0.525145769 1.125809431 1.132117867 1 1 1
v 0.522266745 1.095987439 1.135180831 1 1 1
v 0.522258818 1.066435575 1.135183453 1 1 1
v 0.501620471 1.096203446 1.134550809 1 1 1
v 0.501161932 1.068143010 1.134589910 1 1 1
v 0.505680739 1.125990271 1.131565094 1 1 1
v 0.510525822 1.155360817 1.126141309 1 1 1
v 0.513696491 1.179058909 1.119491457 1 1 1
v 0.510103642 1.198044419 1.109980464 1 1 1
v 0.504284501 1.216236710 1.099213600 1 1 1
v 0.512618541 1.226861476 1.091113090 1 1 1
v 0.503193199 1.238081932 1.078582644 1 1 1
v 0.491766393 1.243819117 1.060365557 1 1 1
v 0.516147911 1.251607537 1.054881930 1 1 1
v 0.537777721 1.252780556 1.061902999 1 1 1
v 0.531736612 1.254804730 1.051319360 1 1 1
v 0.550180256 1.256241917 1.046970367 1 1 1
v 0.568120181 1.256241917 1.026367187 1 1 1
v 0.544082760 1.256243944 1.031821847 1 1 1
v 0.527372479 1.254464507 1.038030386 1 1 1
v 0.513103842 1.251856327 1.033093929 1 1 1
v 0.485872834 1.242983937 1.039114594 1 1 1
v 0.472870051 1.232664465 1.063946485 1 1 1
v 0.466525852 1.231018066 1.044570803 1 1 1
v 0.485953986 1.226119160 1.084235787 1 1 1
v 0.479388266 1.205739021 1.100481629 1 1 1
v 0.468340843 1.21598804 1.085887551 1 1 1
v 0.482424587 1.189647793 1.109878778 1 1 1
v 0.487571090 1.173885941 1.117424368 1 1 1
v 0.488991767 1.152408003 1.124537825 1 1 1
v 0.484501987 1.124991178 1.129592776 1 1 1
v 0.483038395 1.096005082 1.132809519 1 1 1
v 0.482960492 1.066411614 1.132933259 1 1 1
v 0.459638148 1.095116496 1.128319978 1 1 1
v 0.459619700 1.067278862 1.128316164 1 1 1
v 0.458373338 1.124598503 1.124106049 1 1 1
v 0.464728295 1.1508708 1.120572328 1 1 1
v 0.469732612 1.168882966 1.115864038 1 1 1
v 0.458877503 1.179241776 1.106817722 1 1 1
v 0.462602853 1.196356296 1.098935842 1 1 1
v 0.451762974 1.203120827 1.087992906 1 1 1
v 0.441515564 1.206637144 1.069229126 1 1 1
v 0.457352131 1.220700502 1.066635608 1 1 1
v 0.450204104 1.218878507 1.045886397 1 1 1
v 0.447656750 1.209899306 1.026997804 1 1 1
v 0.463713616 1.226024866 1.029295563 1 1 1
v 0.479391217 1.231501698 1.020114898 1 1 1
v 0.506448626 1.241919636 1.015628457 1 1 1
v 0.532985746 1.246506571 1.007793545 1 1 1
v 0.537706553 1.254558324 1.020889997 1 1 1
v 0.503649592 1.229266524 1.001031398 1 1 1
v 0.528158724 1.234076857 0.994322538 1 1 1
v 0.484825223 1.224401354 1.006651282 1 1 1
v 0.459729701 1.210666179 1.011492490 1 1 1
v 0.475273519 1.206950902 0.998030662 1 1 1
v 0.430672854 1.183416605 1.017209172 1 1 1
v 0.443562328 1.183040738 1.004677414 1 1 1
v 0.435504734 1.199718594 1.034230113 1 1 1
v 0.420307844 1.180346369 1.032529950 1 1 1
v 0.434897303 1.206040501 1.049796104 1 1 1
v 0.427139908 1.191222786 1.07229352 1 1 1
v 0.420909196 1.191040039 1.051047205 1 1 1
v 0.438958108 1.187526345 1.092809200 1 1 1
v 0.447010397 1.160081148 1.110697865 1 1 1
v 0.429431915 1.169199585 1.094606399 1 1 1
v 0.436711490 1.140007257 1.114068865 1 1 1
v 0.417798906 1.150339603 1.097322464 1 1 1
v 0.403830915 1.15706563 1.076618194 1 1 1
v 0.414621532 1.175789952 1.074968576 1 1 1
v 0.409651428 1.174677372 1.055029511 1 1 1
v 0.411548197 1.170059204 1.039677619 1 1 1
v 0.410321563 1.151782989 1.024614572 1 1 1
v 0.419257938 1.153594136 1.011656403 1 1 1
v 0.401245981 1.150541544 1.037779808 1 1 1
v 0.431698381 1.153688192 1.001176118 1 1 1
v 0.445242911 1.153637766 0.989492952 1 1 1
v 0.455725848 1.182084322 0.993888616 1 1 1
v 0.471661537 1.178830027 0.983521759 1 1 1
v 0.479432165 1.196541070 0.989211320 1 1 1
v 0.497259348 1.199549913 0.982349574 1 1 1
v 0.497878104 1.215267300 0.990963399 1 1 1
v 0.464150428 1.153863906 0.978687107 1 1 1
v 0.439273357 1.126296520 0.986296713 1 1 1
v 0.456772208 1.126189470 0.976056575 1 1 1
v 0.425403177 1.126083016 0.997750520 1 1 1
v 0.412497878 1.125425100 1.008655190 1 1 1
v 0.403289377 1.124155759 1.021114468 1 1 1
v 0.394456177 1.124740600 1.036822676 1 1 1
v 0.398108273 1.153442740 1.055244326 1 1 1
v 0.389340579 1.126684784 1.055703043 1 1 1
v 0.395185142 1.134099721 1.077715277 1 1 1
v 0.408305198 1.126325845 1.098071694 1 1 1
v 0.427615702 1.118939638 1.113412857 1 1 1
v 0.442836403 1.112461447 1.121047496 1 1 1
v 0.424858450 1.095189690 1.115183711 1 1 1
v 0.407498061 1.096072554 1.104367494 1 1 1
v 0.441619396 1.092788577 1.122448682 1 1 1
v 0.399222403 1.115437626 1.090786457 1 1 1
v 0.392012089 1.118356704 1.077867627 1 1 1
v 0.397883236 1.094200372 1.093441724 1 1 1
v 0.388652056 1.115885257 1.063362479 1 1 1
v 0.385160803 1.096157074 1.049302101 1 1 1
v 0.389957219 1.095609664 1.035639047 1 1 1
v 0.385650843 1.094457030 1.060643196 1 1 1
v 0.398006558 1.095579743 1.020521998 1 1 1
v 0.408911734 1.09615767 1.006368637 1 1 1
v 0.421429902 1.096358656 0.995907068 1 1 1
v 0.434975892 1.096127986 0.984757721 1 1 1
v 0.453544169 1.096090793 0.973760545 1 1 1
v 0.474115669 1.126380682 0.967476308 1 1 1
v 0.482430964 1.154942035 0.969751000 1 1 1
v 0.453425824 1.066336631 0.973653614 1 1 1
v 0.434980988 1.066333055 0.984752059 1 1 1
v 0.421440541 1.066097617 0.995897591 1 1 1
v 0.408920615 1.066292524 1.006356835 1 1 1
v 0.398012578 1.066838026 1.020512580 1 1 1
v 0.389952391 1.066814422 1.035647392 1 1 1
v 0.385157793 1.066258430 1.049307107 1 1 1
v 0.385648578 1.067958354 1.060642600 1 1 1
v 0.389046698 1.095233202 1.077880024 1 1 1
v 0.389048785 1.067185401 1.077879190 1 1 1
v 0.397884041 1.068219423 1.093440890 1 1 1
v 0.407495498 1.066349387 1.104361772 1 1 1
v 0.424870282 1.067203521 1.115190386 1 1 1
v 0.407887905 1.036637067 1.097723484 1 1 1
v 0.399225145 1.046983122 1.090784430 1 1 1
v 0.426457226 1.038639545 1.111850857 1 1 1
v 0.392014831 1.044063568 1.077866315 1 1 1
v 0.388650566 1.046532988 1.063361048 1 1 1
v 0.389337778 1.035741090 1.055714845 1 1 1
v 0.394449174 1.037696003 1.036810159 1 1 1
v 0.402434527 1.040167093 1.020655274 1 1 1
v 0.412329435 1.037027359 1.008529186 1 1 1
v 0.425333559 1.036433577 0.997654378 1 1 1
v 0.439469039 1.036296248 0.986417353 1 1 1
v 0.444380492 1.010969042 0.989517748 1 1 1
v 0.431657642 1.008753061 1.001104950 1 1 1
v 0.416250050 1.014300227 1.011965751 1 1 1
v 0.406134456 1.020496726 1.022686600 1 1 1
v 0.402952611 1.010406971 1.034400224 1 1 1
v 0.398088127 1.009039878 1.055197954 1 1 1
v 0.395169436 1.028371930 1.077672839 1 1 1
v 0.403258025 1.006053090 1.076334834 1 1 1
v 0.415261119 1.009593367 1.094754934 1 1 1
v 0.431704133 1.011987805 1.107509493 1 1 1
v 0.444043010 1.039688587 1.119837164 1 1 1
v 0.448634833 1.010439992 1.114394545 1 1 1
v 0.441657096 1.067650437 1.122461080 1 1 1
v 0.462916731 1.038854241 1.125603795 1 1 1
v 0.465729892 1.012408018 1.120601654 1 1 1
v 0.454846918 0.983791530 1.106984853 1 1 1
v 0.436563938 0.993590474 1.102924585 1 1 1
v 0.468812018 0.993896305 1.115480780 1 1 1
v 0.425950408 0.989726185 1.091540455 1 1 1
v 0.415398925 0.986935377 1.074099302 1 1 1
v 0.410484582 0.988341510 1.055017232 1 1 1
v 0.410409569 0.991631567 1.039277672 1 1 1
v 0.419100284 0.994599103 1.020014405 1 1 1
v 0.424036532 0.976900875 1.031489729 1 1 1
v 0.441931486 0.984128892 1.002946734 1 1 1
v 0.450718849 0.990392506 0.992906928 1 1 1
v 0.445112317 0.964458167 1.014009714 1 1 1
v 0.435219317 0.962312519 1.034277796 1 1 1
v 0.452407538 0.947883844 1.026459693 1 1 1
v 0.421814829 0.972112178 1.051132082 1 1 1
v 0.434264570 0.955652296 1.049875497 1 1 1
v 0.427546083 0.970319569 1.071836590 1 1 1
v 0.438900083 0.974395215 1.090936899 1 1 1
v 0.461985319 0.966807544 1.098561167 1 1 1
v 0.452129840 0.958454787 1.087368965 1 1 1
v 0.481570094 0.972970008 1.109744191 1 1 1
v 0.479465156 0.956726253 1.100480198 1 1 1
v 0.48763901 0.988901555 1.116935968 1 1 1
v 0.488984584 1.010003805 1.124688625 1 1 1
v 0.489017546 1.036013245 1.130842924 1 1 1
v 0.516232013 1.001926541 1.125567674 1 1 1
v 0.513702750 0.983636617 1.119212150 1 1 1
v 0.517929196 1.021840095 1.130202293 1 1 1
v 0.509866237 0.964165449 1.110235095 1 1 1
v 0.504266381 0.946219503 1.099244117 1 1 1
v 0.485866129 0.936477839 1.084143042 1 1 1
v 0.468426853 0.946696877 1.085850715 1 1 1
v 0.456881344 0.941206693 1.066697359 1 1 1
v 0.440894514 0.955134451 1.069266200 1 1 1
v 0.449428021 0.942525267 1.045926690 1 1 1
v 0.476870119 0.942075789 1.011602878 1 1 1
v 0.464652389 0.937483727 1.029848933 1 1 1
v 0.481971591 0.927739679 1.022814750 1 1 1
v 0.465973138 0.930522263 1.044711709 1 1 1
v 0.502094745 0.933692216 1.001962184 1 1 1
v 0.506464481 0.920491099 1.015656948 1 1 1
v 0.485875070 0.919418633 1.039169311 1 1 1
v 0.513088285 0.910569727 1.033082008 1 1 1
v 0.472529619 0.929365813 1.064018368 1 1 1
v 0.491678655 0.918624997 1.060356140 1 1 1
v 0.503175854 0.924328148 1.078567624 1 1 1
v 0.512563109 0.935556471 1.091110587 1 1 1
v 0.536922514 0.944351732 1.099625229 1 1 1
v 0.535317063 0.930159688 1.088206768 1 1 1
v 0.540645480 0.960964977 1.108520150 1 1 1
v 0.544369518 0.978702366 1.116535902 1 1 1
v 0.547077179 0.997829735 1.123030066 1 1 1
v 0.547972381 1.014669179 1.126945614 1 1 1
v 0.521425068 1.041359305 1.132924675 1 1 1
v 0.549122989 1.037499308 1.130667328 1 1 1
v 0.502461671 1.045964479 1.132928490 1 1 1
v 0.575990557 1.011751294 1.122106909 1 1 1
v 0.574616432 0.995093405 1.118331193 1 1 1
v 0.577538847 1.038172960 1.126392364 1 1 1
v 0.572565853 0.979055047 1.112837433 1 1 1
v 0.569278836 0.958775639 1.103983044 1 1 1
v 0.566137850 0.942559957 1.095527052 1 1 1
v 0.562164425 0.928753316 1.084728837 1 1 1
v 0.557436764 0.915766000 1.070489883 1 1 1
v 0.528935194 0.917477488 1.072097778 1 1 1
v 0.516159355 0.910806596 1.054874777 1 1 1
v 0.537704825 0.907866835 1.020883679 1 1 1
v 0.527373671 0.907956659 1.038032531 1 1 1
v 0.544086039 0.906176090 1.031823277 1 1 1
v 0.531734764 0.907612741 1.051321029 1 1 1
v 0.537775576 0.909637033 1.061904549 1 1 1
v 0.553863227 0.909101665 1.059587836 1 1 1
v 0.585119366 0.914077758 1.062390923 1 1 1
v 0.571956098 0.908950686 1.055948734 1 1 1
v 0.590133249 0.928340494 1.079012632 1 1 1
v 0.594117701 0.943073391 1.090111613 1 1 1
v 0.596953272 0.959997713 1.098777771 1 1 1
v 0.599550068 0.978998363 1.106963753 1 1 1
v 0.601960599 0.997761964 1.112949013 1 1 1
v 0.611825585 0.920500636 1.057714939 1 1 1
v 0.589661538 0.907437264 1.042360782 1 1 1
v 0.572193920 0.906175971 1.043501615 1 1 1
v 0.609406650 0.911444902 1.038931489 1 1 1
v 0.550179302 0.906173884 1.046970486 1 1 1
v 0.586297512 0.907504677 1.023477554 1 1 1
v 0.568120539 0.906173884 1.026366591 1 1 1
v 0.602123200 0.910803675 1.018472552 1 1 1
v 0.580521285 0.909637987 1.011433005 1 1 1
v 0.562649488 0.908994495 1.014270067 1 1 1
v 0.490941256 1.126126289 0.960368812 1 1 1
v 0.500740826 1.154265046 0.962520599 1 1 1
v 0.512933492 1.125108599 0.953332543 1 1 1
v 0.519382476 1.151078701 0.956006825 1 1 1
v 0.516894340 1.179249405 0.965259552 1 1 1
v 0.525784552 1.167802691 0.958327472 1 1 1
v 0.491202712 1.179979324 0.974399089 1 1 1
v 0.521237790 1.202387690 0.974579632 1 1 1
v 0.543699502 1.168062806 0.955047309 1 1 1
v 0.545709729 1.183469891 0.960448920 1 1 1
v 0.549022138 1.203660368 0.969362795 1 1 1
v 0.542296052 1.150845646 0.951224327 1 1 1
v 0.540756285 1.124235987 0.946944356 1 1 1
v 0.569272160 1.12499547 0.942674219 1 1 1
v 0.565465748 1.151012301 0.947399735 1 1 1
v 0.561559736 1.167772054 0.951755821 1 1 1
v 0.574559092 1.179581046 0.955020785 1 1 1
v 0.577646315 1.201424956 0.964803278 1 1 1
v 0.552157521 1.219846606 0.977804660 1 1 1
v 0.581351816 1.218057870 0.973709583 1 1 1
v 0.524162054 1.219308972 0.983210623 1 1 1
v 0.556131899 1.233666300 0.988609969 1 1 1
v 0.585012853 1.232056736 0.985055029 1 1 1
v 0.608171284 1.198022127 0.963343024 1 1 1
v 0.612014770 1.213008284 0.971758902 1 1 1
v 0.615904867 1.225557923 0.982832670 1 1 1
v 0.604597806 1.179051995 0.953845262 1 1 1
v 0.586143553 1.154112219 0.946668148 1 1 1
v 0.607769250 1.155357837 0.947196722 1 1 1
v 0.629320085 1.152426242 0.948757290 1 1 1
v 0.630727887 1.173922896 0.955807089 1 1 1
v 0.635806679 1.189577698 0.963402092 1 1 1
v 0.638808131 1.205748796 0.972840666 1 1 1
v 0.645645499 1.218502879 0.987462103 1 1 1
v 0.618247449 1.237657547 0.996144950 1 1 1
v 0.638495624 1.229052066 0.995512425 1 1 1
v 0.589368701 1.244934916 1.001238107 1 1 1
v 0.560855269 1.246656298 1.002857446 1 1 1
v 0.562648057 1.253425002 1.014271616 1 1 1
v 0.580518364 1.252780318 1.011435866 1 1 1
v 0.656044840 1.196792721 0.973986625 1 1 1
v 0.666162669 1.202648639 0.985670924 1 1 1
v 0.659804284 1.179578065 0.966046869 1 1 1
v 0.648573935 1.168823719 0.957459688 1 1 1
v 0.653553783 1.150848388 0.952744662 1 1 1
v 0.669768214 1.153973579 0.959261179 1 1 1
v 0.681253314 1.183101534 0.979665219 1 1 1
v 0.685214817 1.155186414 0.968746721 1 1 1
v 0.701923608 1.154438376 0.979471981 1 1 1
v 0.693595647 1.172778487 0.985018432 1 1 1
s 1
f 4579 4578 4577 4580
f 4577 4578 4582 4581
f 4580 4577 4583 4584
f 4577 4581 4585 4583
f 4578 4579 4587 4586
f 4582 4578 4586 4588
f 4590 4589 4579 4580
f 4591 4587 4579 4589
f 4590 4580 4584 4592
f 4594 4584 4583 4593
f 4592 4584 4594 4595
f 4583 4585 4596 4593
f 4581 4598 4597 4585
f 4585 4597 4599 4596
f 4581 4582 4600 4598
f 4600 4582 4588 4601
f 4603 4602 4588 4586
f 4588 4602 4604 4601
f 4605 4603 4586 4587
f 4606 4605 4587 4591
f 4607 4606 4591 4608
f 4609 4608 4591 4589
f 4590 4592 4610 4589
f 4609 4589 4610 4611
f 4612 4610 4592 4595
f 4594 4593 4613 4595
f 4615 4612 4595 4614
f 4614 4595 4613 4616
f 4593 4596 4617 4613
f 4617 4596 4599 4618
f 4599 4597 4619 4618
f 4598 4620 4619 4597
f 4600 4601 4620 4598
f 4604 4622 4621 4601
f 4620 4601 4621 4623
f 4625 4624 4604 4602
f 4622 4604 4624 4626
f 4627 4625 4602 4603
f 4628 4627 4603 4605
f 4629 4628 4605 4606
f 4630 4629 4606 4607
f 4630 4607 4631 4632
f 4607 4608 4633 4631
f 4633 4608 4609 4634
f 4634 4609 4611 4635
f 4635 4611 4636 4637
f 4611 4610 4612 4636
f 4638 4636 4612 4615
f 4640 4638 4615 4639
f 4639 4615 4614 4641
f 4641 4614 4616 4642
f 4613 4617 4643 4616
f 4616 4643 4644 4642
f 4617 4618 4645 4643
f 4619 4647 4646 4618
f 4645 4618 4646 4648
f 4620 4623 4647 4619
f 4621 4650 4649 4623
f 4623 4649 4651 4647
f 4647 4651 4652 4646
f 4648 4646 4652 4653
f 4655 4645 4648 4654
f 4648 4653 4656 4654
f 4643 4645 4655 4644
f 4658 4642 4644 4657
f 4657 4644 4655 4654
f 4641 4642 4658 4659
f 4639 4641 4659 4660
f 4640 4639 4660 4661
f 4662 4638 4640 4661
f 4636 4638 4662 4637
f 4635 4637 4663 4664
f 4663 4637 4662 4665
f 4666 4665 4662 4661
f 4668 4661 4660 4667
f 4666 4661 4668 4669
f 4667 4660 4659 4670
f 4659 4658 4671 4670
f 4658 4657 4672 4671
f 4657 4654 4673 4672
f 4673 4654 4656 4674
f 4656 4653 4676 4675
f 4656 4675 4677 4674
f 4652 4679 4678 4653
f 4676 4653 4678 4680
f 4651 4681 4679 4652
f 4679 4681 4683 4682
f 4678 4679 4682 4680
f 4680 4682 4685 4684
f 4686 4676 4680 4684
f 4675 4676 4686 4687
f 4677 4675 4687 4688
f 4689 4674 4677 4688
f 4690 4672 4673 4674
f 4691 4690 4674 4689
f 4692 4671 4672 4690
f 4693 4670 4671 4692
f 4667 4670 4693 4694
f 4668 4667 4694 4669
f 4696 4695 4666 4669
f 4698 4669 4694 4697
f 4696 4669 4698 4699
f 4694 4693 4700 4697
f 4700 4693 4692 4701
f 4701 4692 4690 4691
f 4701 4691 4702 4703
f 4691 4689 4704 4702
f 4706 4689 4688 4705
f 4704 4689 4706 4707
f 4687 4708 4705 4688
f 4686 4709 4708 4687
f 4686 4684 4710 4709
f 4685 4711 4710 4684
f 4683 4712 4685 4682
f 4712 4713 4711 4685
f 4713 4715 4714 4711
f 4711 4714 4716 4710
f 4709 4710 4716 4717
f 4709 4717 4718 4708
f 4708 4718 4719 4705
f 4706 4705 4719 4720
f 4706 4720 4721 4707
f 4722 4702 4704 4707
f 4722 4707 4721 4723
f 4724 4703 4702 4722
f 4725 4700 4701 4703
f 4725 4703 4726 4727
f 4726 4703 4724 4728
f 4697 4700 4725 4729
f 4729 4725 4727 4730
f 4730 4727 4731 4732
f 4731 4727 4726 4728
f 4728 4724 4734 4733
f 4731 4728 4733 4735
f 4724 4722 4723 4734
f 4721 4737 4736 4723
f 4734 4723 4736 4738
f 4721 4720 4739 4737
f 4719 4740 4739 4720
f 4719 4718 4741 4740
f 4717 4742 4741 4718
f 4743 4717 4716 4714
f 4743 4744 4742 4717
f 4744 4746 4745 4742
f 4741 4742 4745 4747
f 4740 4741 4747 4748
f 4749 4739 4740 4748
f 4739 4749 4750 4737
f 4736 4737 4750 4751
f 4738 4736 4751 4752
f 4733 4734 4738 4753
f 4753 4738 4752 4754
f 4733 4753 4755 4735
f 4732 4731 4735 4756
f 4756 4735 4755 4757
f 4759 4758 4730 4732
f 4759 4732 4756 4760
f 4760 4756 4757 4761
f 4763 4762 4761 4757
f 4763 4757 4755 4753
f 4763 4753 4754 4764
f 4752 4766 4765 4754
f 4764 4754 4765 4767
f 4752 4751 4768 4766
f 4750 4769 4768 4751
f 4750 4749 4770 4769
f 4748 4771 4770 4749
f 4747 4773 4772 4748
f 4772 4774 4771 4748
f 4773 4747 4745 4746
f 4775 4773 4746 4776
f 4775 4777 4772 4773
f 4777 4778 4774 4772
f 4780 4779 4771 4774
f 4778 4781 4780 4774
f 4779 4769 4770 4771
f 4782 4766 4768 4769
f 4779 4784 4783 4769
f 4782 4769 4783 4785
f 4782 4787 4786 4766
f 4786 4767 4765 4766
f 4789 4788 4764 4767
f 4790 4789 4767 4786
f 4788 4762 4763 4764
f 4791 4762 4788 4792
f 4793 4792 4788 4789
f 4790 4794 4793 4789
f 4796 4794 4790 4795
f 4795 4790 4786 4787
f 4787 4782 4785 4797
f 4798 4795 4787 4797
f 4799 4797 4785 4800
f 4800 4785 4783 4784
f 4780 4801 4784 4779
f 4802 4800 4784 4801
f 4803 4801 4780 4781
f 4805 4804 4781 4778
f 4806 4803 4781 4804
f 4805 4778 4777 4807
f 4809 4808 4805 4807
f 4808 4810 4804 4805
f 4810 4811 4806 4804
f 4813 4812 4806 4811
f 4812 4814 4803 4806
f 4814 4802 4801 4803
f 4816 4815 4802 4814
f 4815 4799 4800 4802
f 4817 4798 4797 4799
f 4815 4819 4818 4799
f 4817 4799 4818 4820
f 4817 4822 4821 4798
f 4798 4821 4796 4795
f 4823 4794 4796 4821
f 4825 4824 4823 4821
f 4822 4826 4825 4821
f 4828 4827 4826 4822
f 4828 4822 4829 4830
f 4829 4822 4817 4820
f 4831 4830 4829 4820
f 4831 4820 4818 4819
f 4815 4816 4832 4819
f 4833 4831 4819 4832
f 4812 4834 4816 4814
f 4835 4832 4816 4834
f 4813 4836 4834 4812
f 4838 4837 4836 4813
f 4839 4838 4813 4811
f 4840 4839 4811 4810
f 4840 4842 4841 4839
f 4841 4843 4838 4839
f 4844 4837 4838 4843
f 4844 4846 4845 4837
f 4845 4848 4847 4837
f 4836 4837 4847 4849
f 4836 4849 4835 4834
f 4849 4851 4850 4835
f 4850 4833 4832 4835
f 4853 4852 4833 4850
f 4833 4852 4830 4831
f 4852 4854 4828 4830
f 4854 4855 4827 4828
f 4857 4856 4855 4854
f 4857 4854 4852 4853
f 4858 4857 4853 4859
f 4859 4853 4850 4851
f 4860 4859 4851 4848
f 4847 4848 4851 4849
f 4861 4860 4848 4845
f 4846 4862 4861 4845
f 4863 4862 4846 4864
f 4864 4846 4844 4865
f 4865 4844 4843 4866
f 4866 4843 4841 4842
f 4867 4865 4866 4868
f 4869 4868 4866 4842
f 4867 4870 4864 4865
f 4870 4871 4863 4864
f 4863 4871 4872 4862
f 4872 4874 4873 4862
f 4873 4875 4861 4862
f 4875 4876 4860 4861
f 4860 4876 4858 4859
f 4858 4876 4856 4857
f 4878 4877 4856 4876
f 4877 4879 4855 4856
f 4855 4879 4880 4827
f 4882 4881 4879 4877
f 4881 4883 4880 4879
f 4884 4882 4877 4878
f 4886 4885 4884 4878
f 4886 4878 4876 4875
f 4873 4874 4887 4875
f 4887 4885 4886 4875
f 4889 4888 4874 4872
f 4890 4887 4874 4888
f 4891 4889 4872 4871
f 4893 4892 4891 4871
f 4893 4871 4870 4894
f 4894 4870 4867 4895
f 4896 4895 4867 4868
f 4898 4897 4894 4895
f 4898 4895 4896 4899
f 4897 4892 4893 4894
f 4900 4891 4892 4901
f 4901 4892 4897 4902
f 4900 4903 4889 4891
f 4904 4888 4889 4903
f 4904 4905 4890 4888
f 4907 4906 4890 4905
f 4887 4890 4906 4885
f 4906 4909 4908 4885
f 4908 4910 4884 4885
f 4910 4911 4882 4884
f 4911 4912 4881 4882
f 4910 4914 4913 4911
f 4913 4915 4912 4911
f 4908 4909 4914 4910
f 4907 4916 4909 4906
f 4909 4916 4917 4914
f 4918 4907 4905 4919
f 4918 4920 4916 4907
f 4921 4919 4905 4904
f 4921 4904 4903 4922
f 4923 4922 4903 4900
f 4923 4900 4901 4924
f 4925 4924 4901 4902
f 4927 4926 4925 4902
f 4927 4902 4928 4929
f 4928 4902 4897 4898
f 4931 4930 4925 4926
f 4932 4924 4925 4930
f 4933 4923 4924 4932
f 4933 4934 4922 4923
f 4935 4921 4922 4934
f 4935 4936 4919 4921
f 4936 4938 4937 4919
f 4918 4919 4937 4920
f 4937 4940 4939 4920
f 4920 4939 4917 4916
f 4939 4942 4941 4917
f 4917 4941 4913 4914
f 4940 4943 4942 4939
f 4940 4937 4938 4944
f 4944 4945 4943 4940
f 4947 4946 4938 4936
f 4946 4948 4944 4938
f 4935 4934 4947 4936
f 4950 4934 4949 4951
f 4933 4932 4949 4934
f 4950 4952 4947 4934
f 4953 4949 4932 4930
f 4953 4930 4954 4955
f 4931 4956 4954 4930
f 4931 4926 4957 4956
f 4954 4956 4958 4959
f 4956 4957 4960 4958
f 4955 4954 4959 4961
f 4962 4953 4955 4963
f 4963 4955 4961 4964
f 4951 4949 4953 4962
f 4965 4950 4951 4966
f 4966 4951 4962 4967
f 4965 4968 4952 4950
f 4968 4970 4969 4952
f 4946 4947 4952 4969
f 4969 4971 4948 4946
f 4971 4973 4972 4948
f 4944 4948 4972 4945
f 4969 4970 4974 4971
f 4971 4974 4975 4973
f 4977 4970 4976 4978
f 4968 4979 4976 4970
f 4977 4980 4974 4970
f 4965 4966 4979 4968
f 4966 4967 4981 4979
f 4981 4967 4982 4983
f 4967 4962 4963 4982
f 4963 4964 4984 4982
f 4986 4984 4964 4985
f 4985 4964 4961 4987
f 4961 4959 4988 4987
f 4988 4959 4958 4989
f 4988 4989 4990 4987
f 4985 4987 4991 4992
f 4991 4987 4990 4993
f 4985 4992 4994 4986
f 4984 4986 4995 4996
f 4995 4986 4994 4997
f 4983 4982 4984 4996
f 4981 4983 4998 4632
f 4983 4996 4999 4998
f 4976 4979 4981 4632
f 4976 4632 4631 4978
f 4977 4978 5000 4980
f 4978 4631 4633 5000
f 4980 5000 5001 5002
f 4980 5002 4975 4974
f 4633 4634 5001 5000
f 4634 4635 4664 5001
f 5002 5001 4664 5003
f 5002 5003 5004 4975
f 5003 4664 4663 5005
f 5003 5005 5006 5004
f 4973 4975 5004 5007
f 5007 5004 5006 5008
f 5005 5010 5009 5006
f 5008 5006 5009 5011
f 5005 4663 4665 5010
f 4665 4666 4695 5010
f 5012 5009 5010 4695
f 5011 5009 5012 5013
f 5015 5008 5011 5014
f 5014 5011 5013 5016
f 5007 5008 5015 5017
f 4973 5007 5017 4972
f 4945 4972 5017 5018
f 5018 5017 5015 5019
f 5019 5015 5014 5020
f 5020 5014 5016 5021
f 5016 5013 5023 5022
f 5024 5021 5016 5022
f 5013 5012 5025 5023
f 5025 5012 4695 4696
f 5025 4696 4699 5023
f 5023 4699 5026 5022
f 5028 5022 5026 5027
f 5024 5022 5029 5030
f 5029 5022 5028 5031
f 5021 5024 5030 5032
f 5033 5020 5021 5032
f 5034 5019 5020 5033
f 5035 5018 5019 5034
f 4945 5018 5035 4943
f 4943 5035 5036 4942
f 5036 5035 5034 5037
f 5037 5034 5033 5038
f 5039 5038 5033 5032
f 5039 5032 5040 5041
f 5040 5032 5030 5042
f 5030 5029 5043 5042
f 5043 5029 5031 5044
f 5028 5027 5045 5031
f 5031 5045 4791 5044
f 5027 5026 5046 4758
f 5027 4758 5047 5045
f 4699 4698 5046 5026
f 4698 4697 4729 5046
f 5046 4729 4730 4758
f 5047 4758 4759 4760
f 4791 5045 5047 4762
f 5047 4760 4761 4762
f 5044 4791 4792 5048
f 5043 5044 5048 5049
f 5042 5043 5049 5050
f 5051 5040 5042 5050
f 5041 5040 5051 5052
f 5053 5038 5039 5041
f 5054 5053 5041 5052
f 5055 5037 5038 5053
f 5036 5037 5055 5056
f 5056 5055 5057 4915
f 5055 5053 5054 5057
f 5057 5054 5058 5059
f 5058 5054 5052 5060
f 5052 5051 5061 5060
f 5051 5050 4824 5061
f 5050 5049 4823 4824
f 4823 5049 5048 4794
f 5048 4792 4793 4794
f 5061 4824 4825 4826
f 5062 5060 5061 4826
f 4883 5059 5058 5060
f 4883 5060 5062 4880
f 4915 5057 5059 4912
f 4912 5059 4883 4881
f 4941 5056 4915 4913
f 4942 5036 5056 4941
f 4827 4880 5062 4826
f 4630 4632 4998 4629
f 4629 4998 4999 4628
f 4628 4999 5063 4627
f 4996 4995 5063 4999
f 4627 5063 5064 4625
f 4995 4997 5064 5063
f 4625 5064 5065 4624
f 4997 5066 5065 5064
f 5066 4997 4994 5067
f 5069 5065 5066 5068
f 5066 5067 5070 5068
f 4624 5065 5069 4626
f 5069 5068 5071 4626
f 5070 5073 5072 5068
f 5071 5068 5072 5074
f 5070 5067 5075 5073
f 4994 4992 5076 5067
f 5076 5077 5075 5067
f 5077 5079 5078 5075
f 5073 5075 5078 5080
f 5073 5080 5081 5072
f 5074 5072 5081 5082
f 5084 5071 5074 5083
f 5074 5082 5085 5083
f 5086 4626 5071 5084
f 4622 4626 4650 4621
f 4650 4626 5086 5087
f 5086 5084 5088 5087
f 5084 5083 5089 5088
f 5089 5083 5085 5090
f 5082 5092 5091 5085
f 5090 5085 5091 5093
f 5082 5081 5094 5092
f 5081 5080 5095 5094
f 5078 5096 5095 5080
f 5079 5097 5096 5078
f 5077 4991 4993 5079
f 4993 5098 5097 5079
f 5076 4992 4991 5077
f 4990 5099 5098 4993
f 5099 5101 5100 5098
f 5098 5100 5102 5097
f 5097 5102 5103 5096
f 5096 5103 5104 5095
f 5094 5095 5104 5105
f 5094 5105 5106 5092
f 5091 5092 5107 5093
f 5107 5092 5106 5108
f 5110 5090 5093 5109
f 5107 5111 5109 5093
f 5089 5090 5110 5112
f 5088 5089 5112 5113
f 5087 5088 5113 5114
f 5114 5113 4683 4681
f 5113 5112 4712 4683
f 5112 5110 4713 4712
f 5110 5109 4715 4713
f 5111 5115 4715 5109
f 5111 5107 5108 5116
f 5111 5116 5117 5115
f 5108 5106 5119 5118
f 5116 5108 5118 5120
f 5105 5121 5119 5106
f 5105 5104 5122 5121
f 5104 5103 5123 5122
f 5102 5124 5123 5103
f 5100 5125 5124 5102
f 5124 5125 4869 4842
f 5124 4842 5126 5123
f 5122 5123 5126 5127
f 5122 5127 5128 5121
f 5119 5121 5129 5118
f 5129 5121 5128 4809
f 5118 5129 5130 5120
f 5116 5120 4776 5117
f 5130 4775 4776 5120
f 5115 5117 4744 4743
f 5117 4776 4746 4744
f 5115 4743 4714 4715
f 5130 5129 4809 4807
f 5130 4807 4777 4775
f 5128 5127 4808 4809
f 5126 4842 4840 5127
f 4840 4810 4808 5127
f 5101 5131 5125 5100
f 5131 4868 4869 5125
f 5132 4899 5131 5101
f 5131 4899 4896 4868
f 5133 5132 5101 5099
f 5133 4960 5134 5132
f 5134 4929 4928 5132
f 4928 4898 4899 5132
f 4958 4960 5133 4989
f 4989 5133 5099 4990
f 4957 4929 5134 4960
f 4926 4927 4929 4957
f 4649 5114 4681 4651
f 4649 4650 5087 5114
f 5137 5136 5135 5138
f 5135 5136 5140 5139
f 5138 5135 5141 5142
f 5141 5135 5139 5143
f 5137 5145 5144 5136
f 5136 5144 5146 5140
f 5138 5148 5147 5137
f 5149 5145 5137 5147
f 5148 5138 5142 5150
f 5150 5142 5151 5152
f 5142 5141 5153 5151
f 5141 5143 5154 5153
f 5143 5139 5156 5155
f 5154 5143 5155 5157
f 5139 5140 5158 5156
f 5140 5146 5159 5158
f 5161 5160 5146 5144
f 5160 5162 5159 5146
f 5163 5161 5144 5145
f 5164 5163 5145 5149
f 5165 5149 5147 5166
f 5165 5167 5164 5149
f 5166 5147 5148 5168
f 5169 5168 5148 5150
f 5169 5150 5152 5170
f 5170 5152 5171 5172
f 5152 5151 5173 5171
f 5151 5153 5174 5173
f 5153 5154 5175 5174
f 5154 5157 5176 5175
f 5157 5155 5178 5177
f 5176 5157 5177 5179
f 5178 5155 5156 5180
f 5156 5158 5181 5180
f 5158 5159 5182 5181
f 5162 5183 5182 5159
f 5160 5185 5184 5162
f 5162 5184 5186 5183
f 5161 5187 5185 5160
f 5163 5188 5187 5161
f 5164 5189 5188 5163
f 5190 5189 5164 5167
f 5192 5191 5167 5165
f 5193 5190 5167 5191
f 5192 5165 5166 5194
f 5194 5166 5168 5195
f 5169 5170 5196 5168
f 5195 5168 5196 5197
f 5170 5172 5198 5196
f 5200 5172 5171 5199
f 5172 5200 5201 5198
f 5197 5196 5198 5202
f 5203 5202 5198 5201
f 5204 5195 5197 5205
f 5205 5197 5202 5206
f 5194 5195 5204 5207
f 5192 5194 5207 5191
f 5208 5191 5207 5209
f 5193 5191 5210 5211
f 5208 5212 5210 5191
f 5193 5211 5213 5190
f 5190 5213 5214 5189
f 5214 5215 5188 5189
f 5215 5216 5187 5188
f 5216 5217 5185 5187
f 5215 5219 5218 5216
f 5216 5218 5220 5217
f 5215 5214 5221 5219
f 5222 5221 5214 5213
f 5222 5213 5223 5224
f 5211 5225 5223 5213
f 5211 5210 5226 5225
f 5212 5227 5226 5210
f 5208 5209 5228 5212
f 5212 5228 5229 5227
f 5209 5207 5204 5230
f 5209 5230 5231 5228
f 5204 5205 5232 5230
f 5205 5206 5233 5232
f 5234 5206 5202 5203
f 5233 5206 5234 5235
f 5232 5233 5236 5237
f 5236 5233 5235 5238
f 5230 5232 5237 5231
f 5239 5231 5237 5240
f 5228 5231 5241 5229
f 5239 5242 5241 5231
f 5244 5227 5229 5243
f 5243 5229 5241 5245
f 5227 5244 5246 5226
f 5225 5226 5246 5247
f 5225 5247 5248 5223
f 5224 5223 5248 5249
f 5222 5224 5250 5221
f 5224 5249 5251 5250
f 5249 5253 5252 5251
f 5249 5248 5254 5253
f 5247 5255 5254 5248
f 5247 5246 5256 5255
f 5244 5257 5256 5246
f 5244 5243 5258 5257
f 5258 5243 5245 5259
f 5242 5260 5245 5241
f 5259 5245 5260 5261
f 5239 5240 5262 5242
f 5260 5242 5262 5263
f 5240 5237 5236 5264
f 5240 5264 5265 5262
f 5266 5264 5236 5238
f 5265 5264 5266 5267
f 5262 5265 5268 5263
f 5265 5267 5269 5268
f 5260 5263 5270 5261
f 5263 5268 5271 5270
f 5270 5271 5272 5261
f 5259 5261 5273 5274
f 5261 5272 5275 5273
f 5276 5258 5259 5274
f 5257 5258 5276 5277
f 5278 5256 5257 5277
f 5255 5256 5278 5279
f 5280 5254 5255 5279
f 5253 5254 5280 5281
f 5282 5252 5253 5281
f 5282 5281 5283 5284
f 5283 5281 5286 5285
f 5286 5281 5280 5287
f 5280 5279 5288 5287
f 5278 5277 5289 5279
f 5288 5279 5289 5290
f 5276 5274 5291 5277
f 5277 5291 5292 5289
f 5274 5273 5293 5291
f 5273 5275 5294 5293
f 5275 5272 5296 5295
f 5294 5275 5295 5297
f 5271 5268 5269 5272
f 5269 5298 5296 5272
f 5267 5299 5298 5269
f 5299 5301 5300 5298
f 5298 5300 5302 5296
f 5296 5302 5303 5295
f 5297 5295 5303 5304
f 5297 5304 5305 5306
f 5307 5294 5297 5306
f 5293 5294 5307 5308
f 5291 5293 5308 5292
f 5290 5289 5292 5309
f 5292 5308 5310 5309
f 5288 5290 5311 5287
f 5290 5309 5312 5311
f 5286 5287 5313 5285
f 5287 5311 5314 5313
f 5311 5312 5315 5314
f 5309 5310 5316 5312
f 5315 5312 5318 5317
f 5318 5312 5316 5319
f 5308 5307 5320 5310
f 5310 5320 5321 5316
f 5320 5307 5306 5322
f 5306 5305 5323 5322
f 5305 5304 5325 5324
f 5305 5324 5326 5323
f 5303 5302 5327 5304
f 5327 5328 5325 5304
f 5300 5329 5327 5302
f 5301 5330 5329 5300
f 5330 5332 5331 5329
f 5329 5331 5328 5327
f 5328 5331 5334 5333
f 5325 5328 5333 5324
f 5333 5336 5335 5324
f 5326 5324 5335 5337
f 5338 5323 5326 5337
f 5339 5322 5323 5338
f 5321 5320 5322 5339
f 5319 5316 5321 5340
f 5340 5321 5339 5341
f 5318 5319 5342 5317
f 5319 5340 5343 5342
f 5315 5317 5344 5345
f 5317 5342 5346 5344
f 5342 5343 5347 5346
f 5343 5340 5341 5348
f 5343 5348 5349 5347
f 5341 5339 5338 5350
f 5348 5341 5350 5351
f 5338 5337 5352 5350
f 5335 5354 5353 5337
f 5352 5337 5353 5355
f 5335 5336 5356 5354
f 5334 5357 5336 5333
f 5357 5358 5356 5336
f 5331 5332 5359 5334
f 5359 5360 5357 5334
f 5357 5360 5361 5358
f 5361 5363 5362 5358
f 5358 5362 5364 5356
f 5356 5364 5365 5354
f 5367 5354 5365 5366
f 5353 5354 5367 5355
f 5355 5367 5369 5368
f 5352 5355 5368 5370
f 5351 5350 5352 5370
f 5349 5348 5351 5371
f 5351 5370 5372 5371
f 5347 5349 5373 5374
f 5373 5349 5371 5375
f 5346 5347 5374 5376
f 5376 5374 5377 5378
f 5374 5373 5379 5377
f 5373 5375 5380 5379
f 5375 5371 5372 5381
f 5375 5381 5382 5380
f 5372 5370 5383 5381
f 5383 5370 5368 5384
f 5369 5385 5384 5368
f 5369 5367 5366 5386
f 5369 5386 5387 5385
f 5365 5364 5388 5366
f 5388 5389 5386 5366
f 5364 5362 5390 5388
f 5362 5363 5391 5390
f 5390 5391 5393 5392
f 5388 5390 5392 5389
f 5392 5395 5394 5389
f 5397 5389 5394 5396
f 5386 5389 5397 5387
f 5397 5399 5398 5387
f 5385 5387 5398 5400
f 5385 5400 5401 5384
f 5383 5384 5401 5402
f 5383 5402 5382 5381
f 5403 5380 5382 5402
f 5379 5380 5403 5404
f 5377 5379 5404 5405
f 5378 5377 5405 5406
f 5408 5406 5405 5407
f 5405 5404 5409 5407
f 5410 5409 5404 5403
f 5403 5402 5411 5410
f 5411 5402 5401 5412
f 5400 5413 5412 5401
f 5400 5398 5414 5413
f 5399 5415 5414 5398
f 5417 5416 5415 5399
f 5417 5399 5418 5419
f 5397 5396 5418 5399
f 5394 5395 5420 5396
f 5420 5419 5418 5396
f 5393 5421 5395 5392
f 5395 5421 5422 5420
f 5420 5422 5423 5419
f 5423 5424 5417 5419
f 5417 5424 5425 5416
f 5416 5425 5427 5426
f 5415 5416 5426 5428
f 5428 5413 5414 5415
f 5428 5430 5429 5413
f 5412 5413 5429 5431
f 5412 5431 5432 5411
f 5410 5411 5432 5433
f 5409 5410 5433 5434
f 5434 5435 5407 5409
f 5435 5436 5408 5407
f 5436 5435 5437 5438
f 5435 5434 5439 5437
f 5434 5433 5440 5439
f 5433 5432 5441 5440
f 5431 5442 5441 5432
f 5431 5429 5443 5442
f 5430 5444 5443 5429
f 5446 5445 5444 5430
f 5426 5446 5430 5428
f 5427 5447 5446 5426
f 5449 5448 5447 5427
f 5425 5450 5449 5427
f 5451 5450 5425 5424
f 5453 5452 5451 5424
f 5453 5424 5423 5422
f 5452 5455 5454 5451
f 5451 5454 5456 5450
f 5456 5458 5457 5450
f 5457 5448 5449 5450
f 5460 5459 5448 5457
f 5459 5462 5461 5448
f 5447 5448 5461 5463
f 5447 5463 5445 5446
f 5465 5464 5445 5463
f 5464 5466 5444 5445
f 5466 5442 5443 5444
f 5468 5467 5442 5466
f 5467 5440 5441 5442
f 5469 5439 5440 5467
f 5467 5468 5470 5469
f 5471 5470 5468 5472
f 5466 5464 5472 5468
f 5464 5465 5473 5472
f 5465 5462 5474 5473
f 5461 5462 5465 5463
f 5476 5475 5462 5459
f 5475 5477 5474 5462
f 5478 5476 5459 5460
f 5479 5478 5460 5480
f 5480 5460 5457 5458
f 5482 5481 5480 5458
f 5484 5483 5482 5458
f 5484 5458 5456 5454
f 5485 5479 5480 5481
f 5487 5486 5479 5485
f 5486 5488 5478 5479
f 5488 5489 5476 5478
f 5489 5490 5475 5476
f 5490 5491 5477 5475
f 5477 5491 5493 5492
f 5474 5477 5492 5473
f 5473 5492 5471 5472
f 5492 5493 5494 5471
f 5494 5495 5470 5471
f 5495 5496 5469 5470
f 5469 5496 5497 5439
f 5499 5498 5496 5495
f 5498 5500 5497 5496
f 5494 5502 5501 5495
f 5499 5495 5501 5503
f 5494 5493 5504 5502
f 5491 5506 5505 5493
f 5505 5507 5504 5493
f 5508 5506 5491 5490
f 5509 5508 5490 5489
f 5510 5509 5489 5488
f 5511 5510 5488 5486
f 5512 5511 5486 5487
f 5179 5512 5487 5513
f 5513 5487 5485 5514
f 5177 5515 5512 5179
f 5515 5516 5511 5512
f 5516 5517 5510 5511
f 5517 5518 5509 5510
f 5518 5519 5508 5509
f 5519 5520 5506 5508
f 5520 5521 5505 5506
f 5521 5522 5507 5505
f 5522 5524 5523 5507
f 5504 5507 5523 5502
f 5523 5503 5501 5502
f 5524 5525 5503 5523
f 5526 5499 5503 5525
f 5526 5527 5498 5499
f 5529 5528 5526 5525
f 5526 5528 5530 5527
f 5524 5531 5529 5525
f 5532 5531 5524 5522
f 5521 5533 5532 5522
f 5534 5533 5521 5520
f 5535 5534 5520 5519
f 5518 5536 5535 5519
f 5517 5537 5536 5518
f 5516 5538 5537 5517
f 5515 5180 5538 5516
f 5178 5180 5515 5177
f 5180 5181 5539 5538
f 5539 5540 5537 5538
f 5537 5540 5541 5536
f 5536 5541 5542 5535
f 5542 5543 5534 5535
f 5534 5543 5544 5533
f 5544 5546 5545 5533
f 5532 5533 5545 5531
f 5545 5528 5529 5531
f 5545 5546 5547 5528
f 5528 5547 5548 5530
f 5548 5550 5549 5530
f 5527 5530 5549 5551
f 5527 5551 5500 5498
f 5549 5552 5438 5551
f 5438 5437 5500 5551
f 5550 5553 5552 5549
f 5555 5554 5550 5548
f 5550 5554 5556 5553
f 5547 5557 5555 5548
f 5546 5558 5557 5547
f 5559 5558 5546 5544
f 5560 5559 5544 5543
f 5542 5541 5561 5543
f 5561 5562 5560 5543
f 5540 5563 5561 5541
f 5564 5563 5540 5539
f 5564 5182 5183 5563
f 5183 5186 5565 5563
f 5561 5563 5565 5562
f 5565 5567 5566 5562
f 5566 5569 5568 5562
f 5560 5562 5568 5559
f 5559 5568 5570 5558
f 5570 5571 5557 5558
f 5571 5554 5555 5557
f 5571 5573 5572 5554
f 5572 5575 5574 5554
f 5574 5576 5556 5554
f 5556 5576 5577 5553
f 5553 5577 5578 5552
f 5576 5580 5579 5577
f 5577 5579 5581 5578
f 5582 5580 5576 5574
f 5575 5583 5582 5574
f 5584 5583 5575 5585
f 5585 5575 5572 5573
f 5586 5585 5573 5587
f 5570 5587 5573 5571
f 5569 5587 5570 5568
f 5566 5567 5588 5569
f 5588 5586 5587 5569
f 5565 5186 5589 5567
f 5589 5591 5590 5567
f 5590 5592 5588 5567
f 5593 5589 5186 5184
f 5593 5594 5591 5589
f 5594 5596 5595 5591
f 5590 5591 5595 5592
f 5592 5595 5598 5597
f 5592 5597 5586 5588
f 5597 5584 5585 5586
f 5597 5598 5599 5584
f 5584 5599 5600 5583
f 5600 5602 5601 5583
f 5601 5603 5582 5583
f 5603 5604 5580 5582
f 5580 5604 5605 5579
f 5579 5605 5606 5581
f 5581 5606 5608 5607
f 5581 5607 5609 5578
f 5605 5611 5610 5606
f 5606 5610 5612 5608
f 5613 5611 5605 5604
f 5614 5613 5604 5603
f 5615 5614 5603 5601
f 5602 5616 5615 5601
f 5617 5616 5602 5618
f 5618 5602 5600 5599
f 5619 5618 5599 5598
f 5595 5596 5619 5598
f 5594 5220 5620 5596
f 5620 5622 5621 5596
f 5621 5623 5619 5596
f 5619 5623 5624 5618
f 5624 5625 5617 5618
f 5627 5626 5617 5625
f 5617 5626 5628 5616
f 5628 5629 5615 5616
f 5629 5630 5614 5615
f 5630 5631 5613 5614
f 5631 5632 5611 5613
f 5632 5345 5610 5611
f 5345 5344 5612 5610
f 5344 5346 5376 5612
f 5612 5376 5378 5608
f 5607 5608 5378 5406
f 5609 5607 5406 5408
f 5436 5578 5609 5408
f 5552 5578 5436 5438
f 5314 5315 5345 5632
f 5313 5314 5632 5631
f 5285 5313 5631 5630
f 5629 5283 5285 5630
f 5284 5283 5629 5628
f 5633 5284 5628 5626
f 5627 5635 5634 5626
f 5634 5636 5633 5626
f 5637 5635 5627 5625
f 5638 5634 5635 5639
f 5622 5639 5635 5637
f 5638 5640 5636 5634
f 5640 5250 5251 5636
f 5636 5251 5252 5633
f 5633 5252 5282 5284
f 5641 5219 5640 5638
f 5221 5250 5640 5219
f 5641 5638 5639 5642
f 5642 5639 5622 5620
f 5621 5622 5637 5623
f 5637 5625 5624 5623
f 5642 5620 5220 5218
f 5641 5642 5218 5219
f 5593 5217 5220 5594
f 5217 5593 5184 5185
f 5181 5182 5564 5539
f 5437 5439 5497 5500
f 5176 5179 5513 5643
f 5643 5513 5514 5644
f 5175 5176 5643 5645
f 5645 5643 5644 5646
f 5648 5646 5644 5647
f 5644 5514 5649 5647
f 5514 5485 5481 5649
f 5647 5649 5483 5650
f 5649 5481 5482 5483
f 5652 5651 5648 5647
f 5652 5647 5650 5653
f 5654 5646 5648 5651
f 5655 5645 5646 5654
f 5655 5174 5175 5645
f 5173 5174 5655 5656
f 5657 5656 5655 5654
f 5658 5657 5654 5651
f 5658 5651 5652 5659
f 5660 5659 5652 5653
f 5660 5653 5661 5662
f 5653 5650 5663 5661
f 5663 5650 5483 5484
f 5661 5663 5455 5664
f 5663 5484 5454 5455
f 5662 5661 5664 5665
f 5666 5660 5662 5667
f 5667 5662 5665 5668
f 5669 5659 5660 5666
f 5670 5657 5658 5659
f 5669 5671 5670 5659
f 5670 5199 5656 5657
f 5171 5173 5656 5199
f 5199 5670 5671 5200
f 5672 5201 5200 5671
f 5673 5672 5671 5669
f 5673 5669 5666 5674
f 5675 5674 5666 5667
f 5675 5667 5668 5676
f 5678 5676 5668 5677
f 5677 5668 5665 5679
f 5665 5664 5680 5679
f 5664 5455 5452 5680
f 5682 5679 5680 5681
f 5681 5680 5452 5453
f 5677 5679 5391 5363
f 5391 5679 5682 5393
f 5678 5677 5363 5361
f 5360 5676 5678 5361
f 5683 5675 5676 5684
f 5684 5676 5360 5359
f 5683 5685 5674 5675
f 5686 5673 5674 5685
f 5686 5687 5672 5673
f 5687 5203 5201 5672
f 5234 5203 5687 5688
f 5688 5687 5686 5685
f 5690 5688 5685 5689
f 5689 5685 5683 5684
f 5332 5689 5684 5359
f 5692 5691 5690 5689
f 5692 5689 5332 5330
f 5235 5234 5688 5690
f 5235 5690 5691 5238
f 5299 5238 5691 5301
f 5301 5691 5692 5330
f 5266 5238 5299 5267
f 5682 5681 5421 5393
f 5681 5453 5422 5421
o Sphere_1
usemtl Sphere_1_1
v -1.05219412 0.603872537 0.784850299 1 1 1
v -1.04787564 0.576319515 0.794973433 1 1 1
v -1.02402246 0.581674397 0.793558001 1 1 1
v -1.02340114 0.605218410 0.785470724 1 1 1
v -1.07427645 0.603448331 0.804662644 1 1 1
v -1.0643903 0.582169890 0.809358954 1 1 1
v -1.05733168 0.641309320 0.776533246 1 1 1
v -1.02324677 0.642411947 0.779868006 1 1 1
v -1.08572149 0.640947043 0.800258696 1 1 1
v -1.03585231 0.565161287 0.821968972 1 1 1
v -1.00511563 0.566594004 0.800468325 1 1 1
v -1.05465639 0.584265112 0.833942532 1 1 1
v -0.99681455 0.602539420 0.790535211 1 1 1
v -0.99441612 0.641885817 0.785738289 1 1 1
v -1.05733192 0.682388663 0.776532232 1 1 1
v -1.02324653 0.681285798 0.779867231 1 1 1
v -0.99441618 0.681811928 0.785738825 1 1 1
v -1.08572102 0.682750880 0.800258755 1 1 1
v -1.07056034 0.641987025 0.834861934 1 1 1
v -1.06403351 0.607715845 0.833794593 1 1 1
v -1.0705601 0.681710660 0.834861338 1 1 1
v -1.02962482 0.599118351 0.863166391 1 1 1
v -1.01750469 0.555210530 0.854106426 1 1 1
v -1.04704213 0.614278376 0.852632939 1 1 1
v -0.99159765 0.537309408 0.821112036 1 1 1
v -0.97260833 0.574451267 0.803779482 1 1 1
v -0.96891022 0.603991806 0.798269450 1 1 1
v -0.9516176 0.560145914 0.814671158 1 1 1
v -0.96690708 0.641989111 0.794177889 1 1 1
v -0.96690726 0.681708753 0.794178664 1 1 1
v -0.99681401 0.721158206 0.790535390 1 1 1
v -1.02340031 0.718479752 0.785469532 1 1 1
v -0.9689104 0.719705641 0.798269927 1 1 1
v -1.0521946 0.719825863 0.784848749 1 1 1
v -1.07427657 0.720249235 0.804662287 1 1 1
v -1.06403339 0.715981483 0.833793759 1 1 1
v -1.04776561 0.679428637 0.85648036 1 1 1
v -1.04776633 0.644268810 0.856481373 1 1 1
v -1.04704201 0.709418714 0.852631926 1 1 1
v -1.02816021 0.641720295 0.872516870 1 1 1
v -1.00020039 0.600299418 0.887777805 1 1 1
v -0.99492121 0.564390659 0.879465222 1 1 1
v -1.00101936 0.641410648 0.893172025 1 1 1
v -0.99799174 0.540020406 0.861459076 1 1 1
v -0.98029596 0.522056698 0.843252360 1 1 1
v -0.98887229 0.543100953 0.872300922 1 1 1
v -0.94528651 0.528803527 0.832852184 1 1 1
v -0.91942888 0.540849387 0.832329571 1 1 1
v -0.91911596 0.565529525 0.823002636 1 1 1
v -0.94297457 0.601612150 0.806645751 1 1 1
v -0.91567945 0.602245926 0.816448211 1 1 1
v -0.94043183 0.641989648 0.802712798 1 1 1
v -0.94043267 0.681708216 0.802713453 1 1 1
v -0.94297457 0.722085356 0.806647002 1 1 1
v -1.00511479 0.757103502 0.800467610 1 1 1
v -0.97260851 0.749245524 0.803780615 1 1 1
v -0.95161754 0.763550519 0.814672768 1 1 1
v -1.02402163 0.742024302 0.793556273 1 1 1
v -1.04787576 0.747379064 0.794972538 1 1 1
v -1.06439042 0.741527199 0.809358418 1 1 1
v -1.05465674 0.739432454 0.833941340 1 1 1
v -1.02962458 0.724578857 0.863164961 1 1 1
v -1.02815998 0.681977331 0.872516393 1 1 1
v -1.0010196 0.682287216 0.893172502 1 1 1
v -0.97808325 0.641130387 0.908035159 1 1 1
v -0.97696316 0.600230515 0.903305053 1 1 1
v -0.97808337 0.682567536 0.908035516 1 1 1
v -0.97336775 0.561315774 0.894649386 1 1 1
v -0.96730614 0.528321385 0.878197550 1 1 1
v -0.93157989 0.507651329 0.862142443 1 1 1
v -0.89839667 0.529302299 0.844669103 1 1 1
v -0.89182818 0.562855303 0.833284497 1 1 1
v -0.88931775 0.602197408 0.826070666 1 1 1
v -0.91427982 0.642016828 0.812486469 1 1 1
v -0.88802856 0.642002701 0.822297155 1 1 1
v -0.91428041 0.681680977 0.812486708 1 1 1
v -0.91568154 0.721451640 0.816448271 1 1 1
v -0.91911763 0.758167207 0.823003649 1 1 1
v -0.9915967 0.786386847 0.821111917 1 1 1
v -0.9452855 0.794891715 0.832853615 1 1 1
v -0.91942888 0.782848000 0.832330465 1 1 1
v -0.98029637 0.801640987 0.843251943 1 1 1
v -1.03585315 0.758537769 0.821967840 1 1 1
v -1.01750565 0.768488168 0.854105532 1 1 1
v -1.00020039 0.723398387 0.887777805 1 1 1
v -0.99492127 0.759307384 0.879465341 1 1 1
v -0.97696364 0.723467469 0.903305769 1 1 1
v -0.95607108 0.682233750 0.922299981 1 1 1
v -0.9560706 0.641464054 0.922299206 1 1 1
v -0.95309764 0.723649025 0.918870508 1 1 1
v -0.95309711 0.600049197 0.918869197 1 1 1
v -0.94829023 0.565277278 0.913427174 1 1 1
v -0.93669546 0.538751423 0.91023314 1 1 1
v -0.91826427 0.512501478 0.902307868 1 1 1
v -0.90715349 0.502263784 0.869474887 1 1 1
v -0.88429922 0.510375380 0.86335814 1 1 1
v -0.89928097 0.500300705 0.893599331 1 1 1
v -0.86995822 0.538900911 0.850679636 1 1 1
v -0.86451739 0.565488457 0.843075752 1 1 1
v -0.85075569 0.525027275 0.864455521 1 1 1
v -0.8635636 0.602266550 0.836786627 1 1 1
v -0.86243087 0.642019152 0.833001732 1 1 1
v -0.88802981 0.681694626 0.822296559 1 1 1
v -0.86242956 0.681679248 0.833002150 1 1 1
v -0.88932049 0.721498668 0.826070547 1 1 1
v -0.89181703 0.760863721 0.833298087 1 1 1
v -0.90138531 0.797568380 0.846524596 1 1 1
v -0.93183315 0.815995216 0.862533509 1 1 1
v -0.96730709 0.795378685 0.878198146 1 1 1
v -0.99799263 0.783678650 0.861458003 1 1 1
v -0.98887318 0.780597806 0.872301399 1 1 1
v -0.97336823 0.762382626 0.894650280 1 1 1
v -0.94829112 0.758421659 0.913428902 1 1 1
v -0.92844874 0.720523953 0.934093773 1 1 1
v -0.92843151 0.681677997 0.938548326 1 1 1
v -0.9260183 0.751577258 0.929872691 1 1 1
v -0.92843127 0.642019808 0.938547968 1 1 1
v -0.92844802 0.603174090 0.934093296 1 1 1
v -0.92601663 0.572121441 0.929870784 1 1 1
v -0.90667748 0.558253407 0.936352014 1 1 1
v -0.89557528 0.526375353 0.929485857 1 1 1
v -0.87734377 0.504385530 0.923212707 1 1 1
v -0.87600189 0.497002035 0.884472429 1 1 1
v -0.85515821 0.494927108 0.912803709 1 1 1
v -0.85072887 0.503851652 0.880503058 1 1 1
v -0.83979732 0.561177194 0.854842960 1 1 1
v -0.81943053 0.523571431 0.877818405 1 1 1
v -0.82536024 0.493687778 0.897625744 1 1 1
v -0.81318706 0.560292422 0.866701245 1 1 1
v -0.83039659 0.500511884 0.948051214 1 1 1
v -0.80566263 0.492189556 0.933540403 1 1 1
v -0.84907293 0.525290846 0.956119358 1 1 1
v -0.87129098 0.533988714 0.947875797 1 1 1
v -0.87623745 0.563900888 0.956314444 1 1 1
v -0.90349215 0.601380348 0.948483943 1 1 1
v -0.8769998 0.601934313 0.963270485 1 1 1
v -0.90459877 0.642016768 0.952354788 1 1 1
v -0.9046005 0.681680798 0.952354431 1 1 1
v -0.90349162 0.722327888 0.948484003 1 1 1
v -0.90667707 0.765444397 0.936354935 1 1 1
v -0.93669587 0.784947216 0.910233795 1 1 1
v -0.91826457 0.811198294 0.902309596 1 1 1
v -0.89557582 0.797323226 0.929487049 1 1 1
v -0.87623161 0.759803593 0.956317186 1 1 1
v -0.87701786 0.721797764 0.963312804 1 1 1
v -0.87128764 0.789708554 0.947878360 1 1 1
v -0.87848717 0.681821107 0.966810166 1 1 1
v -0.87848908 0.641888380 0.966809213 1 1 1
v -0.85353899 0.601836979 0.975589573 1 1 1
v -0.84978098 0.561053335 0.969566702 1 1 1
v -0.8550033 0.641817867 0.979212045 1 1 1
v -0.81088364 0.539535999 0.981593370 1 1 1
v -0.79895669 0.514914810 0.974258005 1 1 1
v -0.82457888 0.568343699 0.985077321 1 1 1
v -0.78458464 0.49392277 0.965221703 1 1 1
v -0.77932066 0.494425535 0.918957769 1 1 1
v -0.79954499 0.504356324 0.901818156 1 1 1
v -0.75074565 0.493226259 0.946391582 1 1 1
v -0.76459849 0.503700792 0.982131958 1 1 1
v -0.73675567 0.494703680 0.984131157 1 1 1
v -0.7719757 0.523640632 0.993702054 1 1 1
v -0.78144169 0.559157311 1.002815842 1 1 1
v -0.80004001 0.575394988 0.997939884 1 1 1
v -0.82897568 0.601982653 0.988610863 1 1 1
v -0.80433798 0.605027258 1.000859499 1 1 1
v -0.83172131 0.641878128 0.991507768 1 1 1
v -0.85500193 0.681899130 0.979212999 1 1 1
v -0.83172113 0.681830525 0.991508007 1 1 1
v -0.85356891 0.721909582 0.975657999 1 1 1
v -0.84974837 0.762678086 0.969573080 1 1 1
v -0.85560006 0.798002004 0.952686488 1 1 1
v -0.87721926 0.819408595 0.923213243 1 1 1
v -0.89930916 0.823394358 0.893665731 1 1 1
v -0.87739092 0.826535046 0.878652334 1 1 1
v -0.85485065 0.828813016 0.916021823 1 1 1
v -0.82914215 0.810935735 0.958071053 1 1 1
v -0.82765192 0.763524055 0.981192350 1 1 1
v -0.82897145 0.721745610 0.988609135 1 1 1
v -0.8045426 0.681675851 1.004583001 1 1 1
v -0.80454445 0.642021954 1.004582166 1 1 1
v -0.80428475 0.721412718 1.000425338 1 1 1
v -0.77785927 0.601776599 1.012919306 1 1 1
v -0.77933782 0.642013132 1.016581058 1 1 1
v -0.75036967 0.559630692 1.016758561 1 1 1
v -0.74372625 0.523633539 1.005087971 1 1 1
v -0.75198936 0.601174473 1.024439454 1 1 1
v -0.71433288 0.525179803 1.017428398 1 1 1
v -0.71480423 0.503280520 1.000135421 1 1 1
v -0.72376782 0.560860097 1.028159856 1 1 1
v -0.72726214 0.601600885 1.035058856 1 1 1
v -0.7531026 0.642014801 1.028389930 1 1 1
v -0.72751129 0.642020225 1.039245009 1 1 1
v -0.77933627 0.681685209 1.016581893 1 1 1
v -0.75310403 0.681683182 1.028388857 1 1 1
v -0.77785963 0.721925437 1.012918472 1 1 1
v -0.80070519 0.762844502 0.994268953 1 1 1
v -0.77539736 0.763320863 1.006140828 1 1 1
v -0.79699856 0.801966488 0.980346798 1 1 1
v -0.82675511 0.831367492 0.900372266 1 1 1
v -0.80569059 0.831508159 0.936976730 1 1 1
v -0.78476655 0.829707205 0.965186238 1 1 1
v -0.85076189 0.819799780 0.880456388 1 1 1
v -0.84397388 0.797728002 0.866328537 1 1 1
v -0.81943095 0.800126195 0.877817928 1 1 1
v -0.79198235 0.799329221 0.890280902 1 1 1
v -0.79954505 0.819341480 0.901818037 1 1 1
v -0.7793197 0.829272687 0.918956935 1 1 1
v -0.75369877 0.830749392 0.945953667 1 1 1
v -0.76459789 0.819996714 0.982131540 1 1 1
v -0.77199763 0.800043821 0.993701636 1 1 1
v -0.73689866 0.829003632 0.984444260 1 1 1
v -0.74372685 0.800064146 1.005087494 1 1 1
v -0.75037223 0.764069080 1.016756296 1 1 1
v -0.75197428 0.722518205 1.024394631 1 1 1
v -0.72751403 0.681676805 1.039243936 1 1 1
v -0.72723401 0.722086131 1.034977674 1 1 1
v -0.70141202 0.642000675 1.050216913 1 1 1
v -0.70018375 0.602213323 1.046433091 1 1 1
v -0.70141113 0.681697607 1.050216794 1 1 1
v -0.69784248 0.564597845 1.039829492 1 1 1
v -0.67280918 0.601448118 1.056288123 1 1 1
v -0.66444892 0.559911429 1.049472808 1 1 1
v -0.67532527 0.642018139 1.059965848 1 1 1
v -0.67532486 0.681679725 1.059965729 1 1 1
v -0.70018262 0.721486032 1.046432495 1 1 1
v -0.67277873 0.722270906 1.056294560 1 1 1
v -0.72377062 0.762840688 1.028156161 1 1 1
v -0.69784045 0.759100139 1.039827585 1 1 1
v -0.71433347 0.798517406 1.017427802 1 1 1
v -0.71480286 0.820414125 1.000134348 1 1 1
v -0.72347206 0.826094210 0.947480678 1 1 1
v -0.70325047 0.825934290 0.968545794 1 1 1
v -0.69308019 0.824132204 0.992082953 1 1 1
v -0.76822835 0.800665080 0.902598857 1 1 1
v -0.743352 0.803052425 0.918154835 1 1 1
v -0.71775681 0.800262570 0.930663704 1 1 1
v -0.7884897 0.762111604 0.877982378 1 1 1
v -0.76350296 0.761534988 0.889664530 1 1 1
v -0.73778486 0.761004030 0.903169035 1 1 1
v -0.71431106 0.760703742 0.915755450 1 1 1
v -0.6883201 0.760960936 0.930723965 1 1 1
v -0.69375962 0.800215363 0.945029795 1 1 1
v -0.66910625 0.798868238 0.961307883 1 1 1
v -0.68006086 0.819357276 0.969977140 1 1 1
v -0.67258251 0.819782137 0.982363462 1 1 1
v -0.64905852 0.809240698 0.984043657 1 1 1
v -0.68229485 0.815657317 1.013449430 1 1 1
v -0.69521683 0.783584296 1.031694650 1 1 1
v -0.67118269 0.792463719 1.034748077 1 1 1
v -0.66833371 0.764199554 1.047999501 1 1 1
v -0.64483082 0.725264549 1.065934419 1 1 1
v -0.64916414 0.681707263 1.069742083 1 1 1
v -0.63178295 0.773644924 1.055708289 1 1 1
v -0.64916438 0.641990602 1.069742798 1 1 1
v -0.62238431 0.681713402 1.078453302 1 1 1
v -0.62238437 0.641984403 1.078454017 1 1 1
v -0.62092787 0.722306132 1.073755383 1 1 1
v -0.60737342 0.759702026 1.066694974 1 1 1
v -0.63708997 0.807741880 1.030351400 1 1 1
v -0.60225946 0.794639885 1.010771274 1 1 1
v -0.59414864 0.792456269 1.038923025 1 1 1
v -0.57657725 0.773407578 1.042906999 1 1 1
v -0.66364306 0.761872887 0.946336746 1 1 1
v -0.64052248 0.763459324 0.961212456 1 1 1
v -0.6154753 0.759412288 0.976781308 1 1 1
v -0.62352413 0.788227677 0.986182391 1 1 1
v -0.71081477 0.719024360 0.909461498 1 1 1
v -0.68794787 0.719695746 0.922166824 1 1 1
v -0.6613161 0.720875322 0.938055396 1 1 1
v -0.73549455 0.719267964 0.896535158 1 1 1
v -0.73256981 0.681012809 0.894121408 1 1 1
v -0.70969075 0.680575370 0.906203925 1 1 1
v -0.68718213 0.681029737 0.918581128 1 1 1
v -0.6601615 0.681676566 0.934234499 1 1 1
v -0.63478982 0.681760907 0.948997914 1 1 1
v -0.63686377 0.721653401 0.952652812 1 1 1
v -0.61198974 0.721685648 0.968913674 1 1 1
v -0.58708364 0.762131273 0.999615430 1 1 1
v -0.58732867 0.721939146 0.985455513 1 1 1
v -0.56921077 0.746043562 1.008214354 1 1 1
v -0.55010509 0.753658831 1.028700351 1 1 1
v -0.56475848 0.755111932 1.074582219 1 1 1
v -0.53864008 0.751958251 1.057837486 1 1 1
v -0.59322685 0.747339606 1.074806094 1 1 1
v -0.59284842 0.719204902 1.082453608 1 1 1
v -0.59557396 0.681790769 1.086678743 1 1 1
v -0.55707133 0.720734238 1.087330222 1 1 1
v -0.56565422 0.681925475 1.092885613 1 1 1
v -0.51834148 0.725985646 1.064479470 1 1 1
v -0.54077828 0.721586406 1.025285005 1 1 1
v -0.56732953 0.719172954 1.000180602 1 1 1
v -0.60804135 0.681802511 0.966331243 1 1 1
v -0.58683574 0.681869745 0.980102896 1 1 1
v -0.56685716 0.681875407 0.995374500 1 1 1
v -0.66016126 0.642021238 0.934235453 1 1 1
v -0.63479 0.641937434 0.948998749 1 1 1
v -0.60804218 0.641897380 0.966331958 1 1 1
v -0.68718421 0.6426633 0.918579995 1 1 1
v -0.70969194 0.643113553 0.906203389 1 1 1
v -0.73256946 0.642678737 0.894121587 1 1 1
v -0.73545897 0.604406774 0.896469295 1 1 1
v -0.71079665 0.604650378 0.909420847 1 1 1
v -0.68795359 0.603989899 0.922166645 1 1 1
v -0.66131783 0.602817952 0.938056051 1 1 1
v -0.63686419 0.602044820 0.952654302 1 1 1
v -0.61199009 0.602013051 0.968914210 1 1 1
v -0.58683586 0.6418311 0.980103254 1 1 1
v -0.58732891 0.601759553 0.985455632 1 1 1
v -0.5668571 0.641824543 0.995374441 1 1 1
v -0.53585571 0.682039976 1.021195769 1 1 1
v -0.53585452 0.641658783 1.021195530 1 1 1
v -0.50449693 0.684367597 1.057134985 1 1 1
v -0.52566612 0.709405243 1.092321157 1 1 1
v -0.52083236 0.679763913 1.096647739 1 1 1
v -0.54181713 0.705989420 1.093135833 1 1 1
v -0.54215354 0.679108738 1.095829129 1 1 1
v -0.50449347 0.639330565 1.057134389 1 1 1
v -0.52083212 0.643933534 1.096645355 1 1 1
v -0.54215384 0.644589126 1.095828294 1 1 1
v -0.56732976 0.604525744 1.000181317 1 1 1
v -0.54077762 0.602111697 1.025284647 1 1 1
v -0.518341 0.597713291 1.064478993 1 1 1
v -0.61547548 0.564286649 0.976782500 1 1 1
v -0.58708364 0.561566770 0.999615430 1 1 1
v -0.56921053 0.577654421 1.008214116 1 1 1
v -0.64052409 0.560239970 0.961213767 1 1 1
v -0.66362196 0.561844170 0.946345150 1 1 1
v -0.68852019 0.565836966 0.929417848 1 1 1
v -0.71433753 0.563015043 0.915735125 1 1 1
v -0.73778391 0.562693536 0.903170704 1 1 1
v -0.74334854 0.520576596 0.918213188 1 1 1
v -0.71433741 0.527320444 0.929542124 1 1 1
v -0.69306803 0.535363555 0.937976717 1 1 1
v -0.67561758 0.523534953 0.957877516 1 1 1
v -0.64906168 0.514458358 0.984043002 1 1 1
v -0.6235261 0.535471975 0.986183226 1 1 1
v -0.60229969 0.529204309 1.010606169 1 1 1
v -0.57652199 0.550356209 1.043034911 1 1 1
v -0.59438264 0.530908644 1.037360906 1 1 1
v -0.55010396 0.570038676 1.028698921 1 1 1
v -0.53863835 0.571739375 1.057835936 1 1 1
v -0.55707127 0.602963745 1.087330818 1 1 1
v -0.56475782 0.568585872 1.074580788 1 1 1
v -0.54181743 0.617708742 1.093136668 1 1 1
v -0.52566612 0.614292681 1.092321038 1 1 1
v -0.56565434 0.641772449 1.092885136 1 1 1
v -0.59284842 0.604492962 1.082453727 1 1 1
v -0.59322691 0.576357543 1.074805855 1 1 1
v -0.5955742 0.641907036 1.086679220 1 1 1
v -0.6134842 0.563642263 1.065374255 1 1 1
v -0.62766576 0.538978755 1.050724864 1 1 1
v -0.63706601 0.51505512 1.029588818 1 1 1
v -0.68004161 0.504221558 0.970090150 1 1 1
v -0.67258745 0.503918230 0.982359767 1 1 1
v -0.68229657 0.508036255 1.013449668 1 1 1
v -0.69308227 0.499563664 0.992079615 1 1 1
v -0.67120183 0.531212389 1.034727573 1 1 1
v -0.71030927 0.504050493 0.950379312 1 1 1
v -0.70317662 0.497802257 0.975056767 1 1 1
v -0.69521856 0.540113747 1.031695127 1 1 1
v -0.64454252 0.571877419 1.060584425 1 1 1
v -0.64759868 0.603564024 1.065798878 1 1 1
v -0.62089479 0.601413369 1.073769569 1 1 1
v -0.76822865 0.523032724 0.902599096 1 1 1
v -0.76350182 0.562163591 0.889665842 1 1 1
v -0.79198283 0.524368584 0.890281140 1 1 1
v -0.7884894 0.561585784 0.877983033 1 1 1
v -0.78612167 0.602177619 0.871535956 1 1 1
v -0.75970674 0.603608727 0.883870661 1 1 1
v -0.81182659 0.601394176 0.859431326 1 1 1
v -0.83649635 0.601732194 0.848383307 1 1 1
v -0.83618474 0.642013907 0.844134926 1 1 1
v -0.81078166 0.642012774 0.855499148 1 1 1
v -0.78461534 0.642024040 0.867954731 1 1 1
v -0.75929475 0.642012953 0.880008161 1 1 1
v -0.78461576 0.681673765 0.867954731 1 1 1
v -0.75929397 0.681685030 0.880008459 1 1 1
v -0.81078249 0.681684732 0.855498611 1 1 1
v -0.83618331 0.681683898 0.844135463 1 1 1
v -0.86353195 0.721439957 0.836717188 1 1 1
v -0.83647519 0.721969842 0.848341345 1 1 1
v -0.8118276 0.722302317 0.859430730 1 1 1
v -0.78612334 0.721519947 0.871535360 1 1 1
v -0.75970775 0.720084309 0.88386935 1 1 1
v -0.8131879 0.763403892 0.866700470 1 1 1
v -0.83981621 0.762534916 0.854841411 1 1 1
v -0.86496222 0.761274039 0.844028532 1 1 1
v -0.87174207 0.797511994 0.855604708 1 1 1
v -0.89675093 0.818452954 0.863914310 1 1 1
v -0.91019028 0.820788204 0.871031820 1 1 1
v 0.827759265 0.605539023 0.777980506 1 1 1
v 0.830891192 0.580576419 0.785530746 1 1 1
v 0.867208004 0.586522400 0.771070480 1 1 1
v 0.864777326 0.610257387 0.763499498 1 1 1
v 0.791201889 0.604847133 0.791856229 1 1 1
v 0.794989109 0.577754676 0.799683809 1 1 1
v 0.825387537 0.641890347 0.771171748 1 1 1
v 0.863153278 0.641691744 0.758055925 1 1 1
v 0.788072884 0.641798198 0.785220503 1 1 1
v 0.836283922 0.558000028 0.795397043 1 1 1
v 0.873345613 0.560153484 0.782746255 1 1 1
v 0.800118446 0.554738581 0.810225546 1 1 1
v 0.908013284 0.593341648 0.758462131 1 1 1
v 0.904179871 0.621346354 0.749884486 1 1 1
v 0.913624882 0.566418945 0.769976556 1 1 1
v 0.900369048 0.648231387 0.74803406 1 1 1
v 0.863174557 0.682013452 0.758050501 1 1 1
v 0.895374059 0.682070553 0.749380528 1 1 1
v 0.825386047 0.681810081 0.771172523 1 1 1
v 0.788071930 0.681895852 0.785220980 1 1 1
v 0.752200484 0.641890466 0.802296459 1 1 1
v 0.755382597 0.604786992 0.808928191 1 1 1
v 0.752199709 0.681807339 0.802296757 1 1 1
v 0.759160459 0.577367484 0.816824376 1 1 1
v 0.764166533 0.554238796 0.827343761 1 1 1
v 0.807886183 0.529704749 0.826397776 1 1 1
v 0.845000445 0.53233248 0.811837971 1 1 1
v 0.771671712 0.529278397 0.843115389 1 1 1
v 0.882167935 0.536217153 0.798788189 1 1 1
v 0.922127187 0.542189598 0.787201345 1 1 1
v 0.953638196 0.571980834 0.762289345 1 1 1
v 0.946775496 0.603208482 0.748542487 1 1 1
v 0.961436867 0.551574647 0.778936266 1 1 1
v 0.939758658 0.640283107 0.740013063 1 1 1
v 0.921988487 0.654976964 0.742558598 1 1 1
v 0.918846786 0.684857606 0.743060469 1 1 1
v 0.857933759 0.717969298 0.766788601 1 1 1
v 0.886146605 0.721536874 0.760904729 1 1 1
v 0.915119469 0.723295867 0.754294455 1 1 1
v 0.827712535 0.718196809 0.777833998 1 1 1
v 0.791199564 0.718852937 0.791858553 1 1 1
v 0.755381763 0.718910098 0.808928132 1 1 1
v 0.716802418 0.681854605 0.820384800 1 1 1
v 0.716803491 0.641843676 0.820384264 1 1 1
v 0.719394147 0.719435870 0.827435851 1 1 1
v 0.719362378 0.604239225 0.827378749 1 1 1
v 0.722424268 0.578322470 0.834989190 1 1 1
v 0.727432608 0.555932462 0.844581842 1 1 1
v 0.735779464 0.529633998 0.860453009 1 1 1
v 0.781727969 0.510924756 0.864202976 1 1 1
v 0.818093121 0.511405408 0.848116576 1 1 1
v 0.745906710 0.510853171 0.881369233 1 1 1
v 0.855271756 0.513563215 0.834820747 1 1 1
v 0.894136667 0.515578806 0.82682091 1 1 1
v 0.932579875 0.525167763 0.809958100 1 1 1
v 0.968506038 0.536793232 0.799313306 1 1 1
v 0.999837994 0.557389795 0.776430547 1 1 1
v 0.993803322 0.584462821 0.757898151 1 1 1
v 0.991658270 0.543539524 0.794235289 1 1 1
v 0.984633147 0.609227776 0.743473112 1 1 1
v 0.982035636 0.641812086 0.735828697 1 1 1
v 0.945972740 0.68214643 0.739124655 1 1 1
v 0.982077717 0.681925296 0.735831320 1 1 1
v 0.946745038 0.720458507 0.748537421 1 1 1
v 0.913629233 0.757277309 0.769979119 1 1 1
v 0.950808823 0.752581775 0.763094425 1 1 1
v 0.873061597 0.757906019 0.778664410 1 1 1
v 0.853898763 0.741724193 0.776498615 1 1 1
v 0.836298406 0.765726983 0.795416653 1 1 1
v 0.828439176 0.743764758 0.786552190 1 1 1
v 0.882179319 0.787482678 0.798789084 1 1 1
v 0.922126591 0.781506836 0.787203609 1 1 1
v 0.845003426 0.791376173 0.811845302 1 1 1
v 0.961425960 0.772143185 0.778953671 1 1 1
v 0.981163024 0.718488574 0.744851172 1 1 1
v 0.979624092 0.745550334 0.758621096 1 1 1
v 0.999458909 0.760607302 0.772500991 1 1 1
v 1.013414263 0.644886374 0.737358689 1 1 1
v 1.012931227 0.681694507 0.737333715 1 1 1
v 1.009739279 0.721221983 0.750277280 1 1 1
v 1.013080358 0.6159603 0.742630899 1 1 1
v 1.035476088 0.603972554 0.757262349 1 1 1
v 1.029244184 0.577053606 0.772602319 1 1 1
v 1.018821239 0.559202551 0.807420134 1 1 1
v 1.001497507 0.543383061 0.819658279 1 1 1
v 1.045567631 0.572138071 0.797793686 1 1 1
v 0.983042597 0.524379789 0.827049195 1 1 1
v 1.014111161 0.546909570 0.855146408 1 1 1
v 0.995614409 0.527335882 0.860956192 1 1 1
v 1.034326434 0.562188983 0.841930806 1 1 1
v 1.059932470 0.574990332 0.828989207 1 1 1
v 1.065009236 0.594132542 0.786074638 1 1 1
v 1.079298257 0.604191124 0.821683824 1 1 1
v 1.039988040 0.642096459 0.744390845 1 1 1
v 1.063726544 0.617561638 0.758379817 1 1 1
v 1.066752314 0.644429624 0.753020644 1 1 1
v 1.075722336 0.617171227 0.781009674 1 1 1
v 1.039932489 0.681667268 0.744370997 1 1 1
v 1.042063236 0.718578696 0.758788824 1 1 1
v 1.029217600 0.746629178 0.772581219 1 1 1
v 0.968505621 0.786903023 0.799314618 1 1 1
v 0.991657912 0.780157864 0.794235348 1 1 1
v 1.018820524 0.764495134 0.807419419 1 1 1
v 1.045568823 0.751560866 0.797792792 1 1 1
v 1.001497030 0.780314505 0.819657802 1 1 1
v 1.065011978 0.729567587 0.786073327 1 1 1
v 1.066752672 0.679268062 0.753020405 1 1 1
v 1.063727140 0.706137001 0.758378803 1 1 1
v 1.075724244 0.706527471 0.781008601 1 1 1
v 1.080834746 0.644700586 0.778989315 1 1 1
v 1.080836653 0.678997457 0.778987944 1 1 1
v 1.083082318 0.620037317 0.804097831 1 1 1
v 1.087735652 0.645504295 0.806145131 1 1 1
v 1.093879461 0.641411662 0.83032161 1 1 1
v 1.073978543 0.605082929 0.856565833 1 1 1
v 1.062473893 0.581740140 0.853303551 1 1 1
v 1.084692955 0.641361594 0.859862804 1 1 1
v 1.046907067 0.573321819 0.871743917 1 1 1
v 1.019273638 0.554517090 0.894493937 1 1 1
v 1.054721474 0.602426469 0.887666881 1 1 1
v 1.025921940 0.582269966 0.913603961 1 1 1
v 1.068794846 0.641663909 0.887326896 1 1 1
v 1.084692120 0.682336688 0.859862625 1 1 1
v 1.093876242 0.682286143 0.830320954 1 1 1
v 1.068773508 0.682064592 0.887360036 1 1 1
v 1.087734222 0.678193509 0.806144416 1 1 1
v 1.083081483 0.703660726 0.804096579 1 1 1
v 1.079295754 0.719505846 0.821683228 1 1 1
v 1.059932112 0.748707711 0.828989028 1 1 1
v 1.034327387 0.761510431 0.841930329 1 1 1
v 1.014111399 0.776788771 0.855145752 1 1 1
v 0.983042419 0.799317300 0.827048659 1 1 1
v 0.995615005 0.796362698 0.860955596 1 1 1
v 1.021689415 0.763688683 0.897595048 1 1 1
v 1.046894192 0.750360548 0.871777713 1 1 1
v 0.999887228 0.784927904 0.890085101 1 1 1
v 1.062472462 0.741957008 0.853303253 1 1 1
v 1.073976874 0.718614578 0.856565594 1 1 1
v 1.058823823 0.719826400 0.882019698 1 1 1
v 1.053283691 0.682042479 0.909979701 1 1 1
v 1.053814292 0.644419729 0.909363687 1 1 1
v 1.042304515 0.722978591 0.905790269 1 1 1
v 1.049623608 0.614638507 0.907495975 1 1 1
v 1.029364466 0.608259677 0.927410721 1 1 1
v 0.994961917 0.571192920 0.940084517 1 1 1
v 0.988440394 0.549107253 0.925084650 1 1 1
v 1.000484466 0.602987468 0.952853322 1 1 1
v 1.033329486 0.641698360 0.933217763 1 1 1
v 1.006664514 0.641794383 0.958825767 1 1 1
v 1.033346653 0.682023048 0.933198273 1 1 1
v 1.026059985 0.719386458 0.929262578 1 1 1
v 1.015531539 0.747579693 0.922357916 1 1 1
v 0.976633906 0.792871594 0.907412409 1 1 1
v 0.988429367 0.774608194 0.925082564 1 1 1
v 0.992560863 0.753461122 0.941600382 1 1 1
v 0.964927017 0.808547318 0.877514958 1 1 1
v 0.950569331 0.809904933 0.838935315 1 1 1
v 0.932578384 0.798527836 0.809960544 1 1 1
v 0.917375087 0.818232715 0.856667518 1 1 1
v 0.894134461 0.808117568 0.826824247 1 1 1
v 0.935481727 0.816536366 0.894236385 1 1 1
v 0.945801556 0.801260173 0.926812410 1 1 1
v 0.956403791 0.782376289 0.948603987 1 1 1
v 0.963550746 0.758049607 0.964380562 1 1 1
v 1.000480294 0.720698714 0.952863156 1 1 1
v 0.969623863 0.722564578 0.978320896 1 1 1
v 1.006665587 0.681903302 0.958826184 1 1 1
v 0.983473122 0.641948521 0.978954136 1 1 1
v 0.969621479 0.601135969 0.978320181 1 1 1
v 0.983474731 0.681749403 0.978954911 1 1 1
v 0.963547647 0.565649986 0.964378356 1 1 1
v 0.956401586 0.541323304 0.948603272 1 1 1
v 0.999886095 0.538771212 0.890084743 1 1 1
v 0.976632177 0.530828774 0.907411515 1 1 1
v 0.945798218 0.522438764 0.926811277 1 1 1
v 0.922596991 0.534955680 0.970870494 1 1 1
v 0.911749303 0.513610243 0.944724440 1 1 1
v 0.929809868 0.561081409 0.987008035 1 1 1
v 0.935188651 0.588262856 0.998442173 1 1 1
v 0.935680270 0.610575258 1.006649851 1 1 1
v 0.959184885 0.617349267 0.992085576 1 1 1
v 0.964809596 0.644841909 0.992668271 1 1 1
v 0.964811205 0.678856432 0.992668688 1 1 1
v 0.959186852 0.706352293 0.992085218 1 1 1
v 0.929814875 0.762624084 0.987003386 1 1 1
v 0.935196161 0.735442996 0.998437285 1 1 1
v 0.935684442 0.713128328 1.006646275 1 1 1
v 0.922599017 0.788742780 0.970870256 1 1 1
v 0.911754548 0.810088694 0.944726169 1 1 1
v 0.910088777 0.822129964 0.905261755 1 1 1
v 0.893173992 0.823101222 0.937365770 1 1 1
v 0.887187182 0.826112508 0.911929249 1 1 1
v 0.866392791 0.825308144 0.953290343 1 1 1
v 0.876982748 0.810526549 0.970610201 1 1 1
v 0.888252556 0.790517151 0.993120014 1 1 1
v 0.896745264 0.765146374 1.008312225 1 1 1
v 0.901958465 0.741970539 1.017931222 1 1 1
v 0.904692769 0.717505157 1.025410652 1 1 1
v 0.938677907 0.680582583 1.011069893 1 1 1
v 0.906567454 0.682613968 1.031932234 1 1 1
v 0.938677310 0.643117010 1.011069893 1 1 1
v 0.904621779 0.606226503 1.025329709 1 1 1
v 0.901894986 0.581780672 1.017867326 1 1 1
v 0.906562387 0.641086697 1.031934976 1 1 1
v 0.896734476 0.558564961 1.008326411 1 1 1
v 0.888248741 0.533186495 0.993126034 1 1 1
v 0.860933244 0.555947721 1.028345704 1 1 1
v 0.852586269 0.529640972 1.012468099 1 1 1
v 0.865906715 0.578360974 1.037882804 1 1 1
v 0.868967473 0.604262530 1.045481085 1 1 1
v 0.871560752 0.641843259 1.052532076 1 1 1
v 0.871559679 0.681854069 1.052532792 1 1 1
v 0.869002163 0.719459235 1.045537948 1 1 1
v 0.865941226 0.745376348 1.037927269 1 1 1
v 0.860932171 0.767766296 1.028335332 1 1 1
v 0.852583825 0.794064641 1.012464284 1 1 1
v 0.842456758 0.812845289 0.991548776 1 1 1
v 0.833068072 0.828025400 0.971791982 1 1 1
v 0.856105089 0.829080879 0.926645278 1 1 1
v 0.819847285 0.831508398 0.944217503 1 1 1
v 0.79726547 0.827839672 0.989129483 1 1 1
v 0.784053921 0.831507861 0.961307704 1 1 1
v 0.806635201 0.812773764 1.008714318 1 1 1
v 0.816691398 0.794419884 1.029801845 1 1 1
v 0.824196636 0.769459426 1.045573592 1 1 1
v 0.829202592 0.746330559 1.056092739 1 1 1
v 0.832980394 0.718910813 1.063988685 1 1 1
v 0.836162686 0.681807339 1.070620536 1 1 1
v 0.836163401 0.641890466 1.070620179 1 1 1
v 0.832981288 0.604787826 1.063988328 1 1 1
v 0.829206764 0.577366888 1.056090354 1 1 1
v 0.824198067 0.554238855 1.045572876 1 1 1
v 0.816691756 0.529278159 1.029801487 1 1 1
v 0.876980364 0.513173759 0.970608294 1 1 1
v 0.842456340 0.510852932 0.991547763 1 1 1
v 0.806635022 0.510924577 1.008713960 1 1 1
v 0.780475556 0.529697477 1.046514391 1 1 1
v 0.77026999 0.511405229 1.024800300 1 1 1
v 0.788242280 0.554715991 1.062675595 1 1 1
v 0.793375909 0.577731668 1.07322824 1 1 1
v 0.797163784 0.604844689 1.081058859 1 1 1
v 0.800291240 0.641801953 1.087696194 1 1 1
v 0.800290226 0.681899607 1.087696552 1 1 1
v 0.797161042 0.718850731 1.081060409 1 1 1
v 0.793373704 0.745942354 1.073232650 1 1 1
v 0.788244485 0.768958509 1.062690973 1 1 1
v 0.780476629 0.793993055 1.046518921 1 1 1
v 0.770269453 0.812292635 1.024799346 1 1 1
v 0.760754466 0.826866507 1.005067229 1 1 1
v 0.748069644 0.829740107 0.978067696 1 1 1
v 0.726584076 0.823794305 1.018074631 1 1 1
v 0.713611602 0.826475203 0.993065118 1 1 1
v 0.733091116 0.810133576 1.038093566 1 1 1
v 0.743362128 0.791365385 1.061078906 1 1 1
v 0.752080977 0.765702366 1.077513456 1 1 1
v 0.759912908 0.743701934 1.086287140 1 1 1
v 0.760605871 0.718156278 1.094934940 1 1 1
v 0.762975454 0.681807577 1.101745128 1 1 1
v 0.762977182 0.641887784 1.101744771 1 1 1
v 0.760647833 0.605497717 1.095083594 1 1 1
v 0.757484376 0.580514550 1.087466955 1 1 1
v 0.752062857 0.557974934 1.077506542 1 1 1
v 0.743359863 0.532321274 1.061071634 1 1 1
v 0.733091294 0.513563036 1.038096070 1 1 1
v 0.79726547 0.495858103 0.989129304 1 1 1
v 0.760755360 0.496830493 1.005068540 1 1 1
v 0.726583838 0.499900072 1.018078088 1 1 1
v 0.694226324 0.515578687 1.046095967 1 1 1
v 0.702251613 0.502332866 1.026127338 1 1 1
v 0.706181824 0.536214709 1.074129223 1 1 1
v 0.714980721 0.560139536 1.090167999 1 1 1
v 0.721112072 0.586510658 1.101853370 1 1 1
v 0.723557293 0.610257864 1.109424948 1 1 1
v 0.725198149 0.641694784 1.114863991 1 1 1
v 0.725199997 0.682016611 1.114863157 1 1 1
v 0.730467796 0.717968523 1.106119155 1 1 1
v 0.734512329 0.741690337 1.096377492 1 1 1
v 0.715340793 0.757894814 1.094252705 1 1 1
v 0.706196725 0.787480413 1.074127316 1 1 1
v 0.694228589 0.808117628 1.046092748 1 1 1
v 0.702254831 0.821361482 1.02612257 1 1 1
v 0.655785501 0.798527419 1.062956929 1 1 1
v 0.637791812 0.809904933 1.033975482 1 1 1
v 0.670982599 0.818230629 1.016271710 1 1 1
v 0.690798282 0.822688102 1.005819916 1 1 1
v 0.666237294 0.781505465 1.085714101 1 1 1
v 0.674746334 0.757275819 1.102936983 1 1 1
v 0.702250778 0.721537768 1.112003445 1 1 1
v 0.673254132 0.723296642 1.118619561 1 1 1
v 0.692999064 0.682071387 1.123533487 1 1 1
v 0.687994003 0.648231625 1.124882221 1 1 1
v 0.684171378 0.621348321 1.123036265 1 1 1
v 0.680329322 0.593339860 1.114459276 1 1 1
v 0.674725174 0.566417455 1.102941632 1 1 1
v 0.666236579 0.542190492 1.085716247 1 1 1
v 0.655784189 0.525168180 1.062959313 1 1 1
v 0.626946091 0.551554799 1.093957305 1 1 1
v 0.619852721 0.536785066 1.073605775 1 1 1
v 0.637554764 0.571116507 1.109825491 1 1 1
v 0.641611754 0.603223502 1.124376177 1 1 1
v 0.648606777 0.640282452 1.132903814 1 1 1
v 0.666374683 0.654976964 1.130358576 1 1 1
v 0.669516682 0.684857606 1.129856467 1 1 1
v 0.641621768 0.720464944 1.124376893 1 1 1
v 0.642392516 0.682147622 1.133792281 1 1 1
v 0.637554645 0.752580285 1.109823703 1 1 1
v 0.626946210 0.772142291 1.093956112 1 1 1
v 0.619853079 0.786911189 1.073604464 1 1 1
v 0.605313777 0.799316406 1.045853734 1 1 1
v 0.623435437 0.808546960 0.995402574 1 1 1
v 0.658216118 0.817772269 0.975156188 1 1 1
v 0.592743992 0.796363115 1.011956930 1 1 1
v 0.680380106 0.821858108 0.981319487 1 1 1
v 0.642536878 0.801248788 0.946106553 1 1 1
v 0.675237 0.806359231 0.922656476 1 1 1
v 0.685310423 0.823783457 0.944729447 1 1 1
v 0.611727953 0.792871058 0.965505540 1 1 1
v 0.699674665 0.825889587 0.965354979 1 1 1
v 0.588464021 0.784936606 0.982833683 1 1 1
v 0.574251949 0.776820242 1.017765522 1 1 1
v 0.566694736 0.763692498 0.975325465 1 1 1
v 0.586852252 0.780330538 1.053241014 1 1 1
v 0.596698701 0.780187010 1.078677535 1 1 1
v 0.592863082 0.763102889 1.099358439 1 1 1
v 0.608743667 0.745549142 1.114285469 1 1 1
v 0.605840265 0.719481468 1.127840399 1 1 1
v 0.606259763 0.681973636 1.137048602 1 1 1
v 0.606336236 0.641798853 1.137053132 1 1 1
v 0.600344538 0.603199243 1.127554655 1 1 1
v 0.608752906 0.578146636 1.114286065 1 1 1
v 0.592774748 0.557948172 1.097175359 1 1 1
v 0.569954514 0.583408951 1.108039259 1 1 1
v 0.575253367 0.615805804 1.130391836 1 1 1
v 0.547772467 0.608322978 1.117097497 1 1 1
v 0.574941933 0.644872248 1.135409593 1 1 1
v 0.574058592 0.682543516 1.135364770 1 1 1
v 0.570766747 0.728358387 1.115978002 1 1 1
v 0.543290197 0.751396358 1.081394791 1 1 1
v 0.569585204 0.764683365 1.065311431 1 1 1
v 0.554013252 0.761691451 1.030953526 1 1 1
v 0.541412472 0.750463545 1.001083016 1 1 1
v 0.545999288 0.723035275 0.967084288 1 1 1
v 0.562256336 0.719433367 0.943620026 1 1 1
v 0.572837948 0.747580885 0.950560271 1 1 1
v 0.595800161 0.75345999 0.931317806 1 1 1
v 0.599934279 0.774605274 0.947836875 1 1 1
v 0.529504776 0.719943344 0.990750134 1 1 1
v 0.525747835 0.742200553 1.019414663 1 1 1
v 0.514007449 0.718744337 1.016129493 1 1 1
v 0.528388500 0.749006807 1.044271707 1 1 1
v 0.524742364 0.728642821 1.086886644 1 1 1
v 0.510878622 0.718605577 1.052644252 1 1 1
v 0.542852222 0.713909924 1.116459727 1 1 1
v 0.548514068 0.681660711 1.128289699 1 1 1
v 0.548443794 0.642100572 1.128265857 1 1 1
v 0.54408741 0.571562528 1.077910423 1 1 1
v 0.524674534 0.595177531 1.086866021 1 1 1
v 0.524331808 0.617345035 1.115355968 1 1 1
v 0.514262616 0.617992520 1.092085957 1 1 1
v 0.521803259 0.644324481 1.120247125 1 1 1
v 0.569555461 0.559037029 1.065410614 1 1 1
v 0.554013073 0.562006533 1.030953049 1 1 1
v 0.528389692 0.574692606 1.044271230 1 1 1
v 0.510879039 0.605093359 1.052644491 1 1 1
v 0.507399380 0.620921194 1.070998430 1 1 1
v 0.510431170 0.645023226 1.09410882 1 1 1
v 0.504297137 0.645806312 1.069971084 1 1 1
v 0.521800398 0.679373264 1.120250582 1 1 1
v 0.510429024 0.678674519 1.094110488 1 1 1
v 0.524332165 0.706352055 1.115356683 1 1 1
v 0.514263391 0.705704629 1.092085361 1 1 1
v 0.507399320 0.702776908 1.070998191 1 1 1
v 0.498204618 0.681771218 1.045980453 1 1 1
v 0.503460407 0.682464301 1.013288497 1 1 1
v 0.504297554 0.677891552 1.069970846 1 1 1
v 0.520020663 0.682028234 0.985541045 1 1 1
v 0.535174965 0.682058394 0.963001847 1 1 1
v 0.519999742 0.641698896 0.985573232 1 1 1
v 0.534639895 0.644405365 0.963626861 1 1 1
v 0.503456652 0.641233503 1.013287186 1 1 1
v 0.498201280 0.641926825 1.045980453 1 1 1
v 0.525744676 0.581495761 1.019413352 1 1 1
v 0.514006197 0.604953706 1.01612854 1 1 1
v 0.541399180 0.573218286 1.001116395 1 1 1
v 0.574252486 0.546877980 1.017765045 1 1 1
v 0.569115757 0.554514586 0.978421509 1 1 1
v 0.586851716 0.543367087 1.053240537 1 1 1
v 0.596698164 0.543510198 1.078677654 1 1 1
v 0.605313539 0.524380803 1.045853138 1 1 1
v 0.592744588 0.527335584 1.011956572 1 1 1
v 0.588465333 0.538762569 0.982834160 1 1 1
v 0.599923610 0.549109816 0.947834789 1 1 1
v 0.593404531 0.571185886 0.932835698 1 1 1
v 0.562440276 0.582257509 0.959301948 1 1 1
v 0.611729741 0.530829250 0.965506494 1 1 1
v 0.533635079 0.602342963 0.985148608 1 1 1
v 0.538637161 0.614572286 0.965357959 1 1 1
v 0.558933377 0.608201742 0.945462167 1 1 1
v 0.555066883 0.641685366 0.939712882 1 1 1
v 0.555049419 0.682036280 0.93973279 1 1 1
v 0.581702292 0.641793549 0.914088606 1 1 1
v 0.581701338 0.681904137 0.914087951 1 1 1
v 0.587887883 0.720707356 0.920052826 1 1 1
v 0.587883770 0.602979064 0.920062482 1 1 1
v 0.624815702 0.565650522 0.908538162 1 1 1
v 0.618742227 0.601135194 0.894596874 1 1 1
v 0.631961882 0.541323602 0.924313247 1 1 1
v 0.642540574 0.522450089 0.946107447 1 1 1
v 0.623436868 0.515152275 0.995404243 1 1 1
v 0.658220708 0.505927860 0.975160241 1 1 1
v 0.637790262 0.513792276 1.033975601 1 1 1
v 0.670980751 0.505466461 1.016274690 1 1 1
v 0.685317635 0.499916017 0.944733381 1 1 1
v 0.675241589 0.517339766 0.922657430 1 1 1
v 0.680384874 0.501841187 0.981326699 1 1 1
v 0.699681043 0.497809827 0.965358972 1 1 1
v 0.690796792 0.501008331 1.005824565 1 1 1
v 0.66576612 0.534955680 0.902046322 1 1 1
v 0.658551394 0.561076164 0.885915100 1 1 1
v 0.653170228 0.58825773 0.874479949 1 1 1
v 0.652680575 0.610572218 0.866270005 1 1 1
v 0.629178822 0.617347776 0.880831599 1 1 1
v 0.604890763 0.641948580 0.893962502 1 1 1
v 0.623554110 0.644841909 0.880247831 1 1 1
v 0.604889333 0.681749463 0.893961548 1 1 1
v 0.618739724 0.722563624 0.894595563 1 1 1
v 0.623552620 0.678856432 0.880247175 1 1 1
v 0.629176855 0.706350743 0.880830943 1 1 1
v 0.649685621 0.643116056 0.861846745 1 1 1
v 0.649685263 0.680581629 0.861846566 1 1 1
v 0.683673918 0.606194317 0.847504735 1 1 1
v 0.681797027 0.641084194 0.840984284 1 1 1
v 0.686410069 0.581729769 0.854984819 1 1 1
v 0.691622078 0.558552920 0.864604473 1 1 1
v 0.700111806 0.533181190 0.879796803 1 1 1
v 0.711382687 0.513172686 0.902310848 1 1 1
v 0.719738960 0.498393088 0.921265602 1 1 1
v 0.732257783 0.494616299 0.946271240 1 1 1
v 0.713612794 0.497219204 0.993067622 1 1 1
v 0.748069763 0.493956178 0.978067815 1 1 1
v 0.784053921 0.492189258 0.961307704 1 1 1
v 0.768515825 0.492189824 0.928699612 1 1 1
v 0.755295515 0.495673567 0.901126205 1 1 1
v 0.681799411 0.682611405 0.840982615 1 1 1
v 0.652681291 0.713125109 0.866267740 1 1 1
v 0.683737516 0.717473030 0.847588360 1 1 1
v 0.653171300 0.735437691 0.874474585 1 1 1
v 0.686462342 0.741919815 0.855050444 1 1 1
v 0.722453832 0.745337903 0.835034370 1 1 1
v 0.691624343 0.765134036 0.864590823 1 1 1
v 0.727428257 0.767750859 0.844571352 1 1 1
v 0.658550322 0.762618482 0.885907292 1 1 1
v 0.624812483 0.758049488 0.908536493 1 1 1
v 0.665764093 0.788742542 0.902046442 1 1 1
v 0.700113177 0.790511667 0.879791081 1 1 1
v 0.631959319 0.782375872 0.92431283 1 1 1
v 0.735776782 0.794057309 0.860448479 1 1 1
v 0.759156167 0.746330976 0.816826283 1 1 1
v 0.764165043 0.769458830 0.827344000 1 1 1
v 0.771671354 0.794419765 0.843115508 1 1 1
v 0.794987499 0.745965123 0.799689412 1 1 1
v 0.800121069 0.768980622 0.810241878 1 1 1
v 0.807887733 0.793999850 0.826402664 1 1 1
v 0.78172791 0.812773644 0.864202678 1 1 1
v 0.818093657 0.812292456 0.848117470 1 1 1
v 0.745906293 0.812845230 0.881368219 1 1 1
v 0.711380243 0.810527563 0.902309000 1 1 1
v 0.719735682 0.825306892 0.921263098 1 1 1
v 0.755295038 0.828025221 0.901125013 1 1 1
v 0.791097641 0.827839613 0.883787512 1 1 1
v 0.827608525 0.826866388 0.867849588 1 1 1
v 0.855271935 0.810133576 0.834823250 1 1 1
v 0.861778914 0.823794245 0.854842424 1 1 1
v 0.886108338 0.821361303 0.846794426 1 1 1
v 0.874757051 0.826474666 0.879853129 1 1 1
v 0.898162663 0.822702705 0.869738698 1 1 1
v 0.840293467 0.829739987 0.894849240 1 1 1
v 0.804309189 0.831507861 0.911609292 1 1 1
v 0.768515825 0.831508338 0.928699255 1 1 1
v 0.732255697 0.829080700 0.946269512 1 1 1
v 0.791097581 0.495858162 0.883787572 1 1 1
v 0.804309189 0.492189258 0.911609172 1 1 1
v 0.827607810 0.496830582 0.867848396 1 1 1
v 0.840293288 0.493956178 0.894849002 1 1 1
v 0.819847226 0.492189735 0.944217264 1 1 1
v 0.856103003 0.494616061 0.926643550 1 1 1
v 0.874755859 0.497219681 0.879850804 1 1 1
v 0.861779153 0.499900132 0.854838788 1 1 1
v 0.887180209 0.497587144 0.911925911 1 1 1
v 0.886111497 0.502333045 0.846789479 1 1 1
v 0.898163378 0.500993847 0.869734287 1 1 1
v 0.910082399 0.501570701 0.905256509 1 1 1
v 0.866389691 0.498392134 0.953288614 1 1 1
v 0.893166542 0.500600159 0.937364101 1 1 1
v 0.833067536 0.495673388 0.971790671 1 1 1
v 0.935478329 0.507163822 0.894232392 1 1 1
v 0.917376935 0.505464315 0.856664538 1 1 1
v 0.950570762 0.513792216 0.838934779 1 1 1
v 0.964925646 0.515151977 0.877513468 1 1 1
s 1
f 5695 5694 5693 5696
f 5693 5694 5698 5697
f 5700 5696 5693 5699
f 5699 5693 5697 5701
f 5695 5703 5702 5694
f 5698 5694 5702 5704
f 5695 5696 5705 5703
f 5696 5700 5706 5705
f 5700 5699 5707 5708
f 5700 5708 5709 5706
f 5699 5701 5710 5707
f 5697 5712 5711 5701
f 5701 5711 5713 5710
f 5698 5704 5712 5697
f 5704 5702 5715 5714
f 5704 5714 5716 5712
f 5702 5703 5717 5715
f 5718 5703 5705 5719
f 5718 5720 5717 5703
f 5719 5705 5706 5721
f 5721 5706 5709 5722
f 5709 5708 5724 5723
f 5725 5722 5709 5723
f 5708 5707 5726 5724
f 5707 5710 5727 5726
f 5727 5710 5713 5728
f 5711 5730 5729 5713
f 5713 5729 5731 5728
f 5711 5712 5716 5730
f 5716 5714 5732 5730
f 5714 5715 5734 5733
f 5732 5714 5733 5735
f 5717 5737 5736 5715
f 5736 5738 5734 5715
f 5739 5737 5717 5720
f 5740 5739 5720 5741
f 5718 5719 5742 5720
f 5741 5720 5742 5743
f 5719 5721 5744 5742
f 5721 5722 5745 5744
f 5722 5725 5746 5745
f 5748 5725 5723 5747
f 5746 5725 5748 5749
f 5723 5724 5750 5747
f 5750 5724 5726 5751
f 5726 5727 5752 5751
f 5752 5727 5728 5753
f 5753 5728 5731 5754
f 5755 5754 5731 5729
f 5732 5755 5729 5730
f 5732 5735 5756 5755
f 5735 5733 5758 5757
f 5735 5757 5759 5756
f 5760 5758 5733 5734
f 5738 5761 5760 5734
f 5737 5761 5738 5736
f 5739 5762 5761 5737
f 5740 5763 5762 5739
f 5740 5741 5764 5763
f 5741 5743 5765 5764
f 5743 5742 5744 5766
f 5743 5766 5767 5765
f 5766 5744 5745 5768
f 5768 5745 5746 5769
f 5770 5769 5746 5749
f 5748 5747 5771 5749
f 5773 5770 5749 5772
f 5772 5749 5771 5774
f 5750 5751 5775 5747
f 5771 5747 5775 5776
f 5775 5751 5752 5753
f 5753 5754 5776 5775
f 5755 5756 5777 5754
f 5754 5777 5778 5776
f 5756 5759 5779 5777
f 5781 5780 5759 5757
f 5780 5782 5779 5759
f 5783 5781 5757 5758
f 5758 5760 5784 5783
f 5760 5761 5785 5784
f 5762 5786 5785 5761
f 5763 5788 5787 5762
f 5787 5789 5786 5762
f 5790 5763 5764 5791
f 5790 5792 5788 5763
f 5791 5764 5765 5793
f 5793 5765 5767 5794
f 5766 5768 5795 5767
f 5794 5767 5795 5796
f 5768 5769 5797 5795
f 5797 5769 5770 5798
f 5798 5770 5773 5799
f 5773 5772 5800 5799
f 5772 5774 5801 5800
f 5771 5776 5802 5774
f 5774 5802 5803 5801
f 5802 5776 5778 5803
f 5779 5804 5778 5777
f 5804 5801 5803 5778
f 5779 5782 5805 5804
f 5780 5807 5806 5782
f 5782 5806 5808 5805
f 5781 5809 5807 5780
f 5781 5783 5810 5809
f 5783 5784 5811 5810
f 5785 5812 5811 5784
f 5785 5786 5813 5812
f 5789 5814 5813 5786
f 5788 5815 5789 5787
f 5815 5816 5814 5789
f 5817 5815 5788 5792
f 5790 5791 5818 5792
f 5817 5792 5819 5820
f 5819 5792 5818 5821
f 5817 5820 5816 5815
f 5820 5823 5822 5816
f 5816 5822 5824 5814
f 5814 5824 5825 5813
f 5812 5813 5825 5826
f 5811 5812 5827 5810
f 5827 5812 5826 5828
f 5827 5829 5809 5810
f 5829 5830 5807 5809
f 5830 5831 5806 5807
f 5831 5832 5808 5806
f 5833 5805 5808 5832
f 5804 5805 5833 5801
f 5800 5801 5833 5834
f 5833 5832 5835 5834
f 5831 5837 5836 5832
f 5832 5836 5838 5835
f 5830 5839 5837 5831
f 5829 5840 5839 5830
f 5827 5828 5840 5829
f 5826 5842 5841 5828
f 5828 5841 5843 5840
f 5825 5824 5842 5826
f 5822 5845 5844 5824
f 5842 5824 5844 5846
f 5823 5847 5845 5822
f 5849 5848 5823 5820
f 5848 5850 5847 5823
f 5850 5852 5851 5847
f 5845 5847 5851 5853
f 5844 5845 5853 5854
f 5844 5854 5855 5846
f 5841 5842 5846 5856
f 5856 5846 5855 5857
f 5856 5858 5843 5841
f 5840 5843 5859 5839
f 5858 5860 5859 5843
f 5839 5859 5861 5837
f 5861 5862 5836 5837
f 5862 5863 5838 5836
f 5864 5835 5838 5863
f 5865 5834 5835 5864
f 5866 5865 5864 5867
f 5867 5864 5863 5868
f 5862 5869 5868 5863
f 5861 5870 5869 5862
f 5860 5870 5861 5859
f 5858 5872 5871 5860
f 5860 5871 5873 5870
f 5858 5856 5857 5872
f 5855 5854 5874 5857
f 5857 5874 5875 5872
f 5853 5877 5876 5854
f 5874 5854 5876 5878
f 5851 5852 5877 5853
f 5877 5852 5880 5879
f 5877 5879 5881 5876
f 5881 5882 5878 5876
f 5874 5878 5883 5875
f 5882 5884 5883 5878
f 5875 5885 5871 5872
f 5875 5883 5886 5885
f 5885 5887 5873 5871
f 5870 5873 5888 5869
f 5887 5889 5888 5873
f 5869 5888 5890 5868
f 5892 5891 5867 5868
f 5868 5890 5893 5892
f 5894 5866 5867 5891
f 5896 5895 5894 5891
f 5898 5897 5896 5891
f 5898 5891 5892 5899
f 5899 5892 5893 5900
f 5890 5902 5901 5893
f 5900 5893 5901 5903
f 5888 5889 5902 5890
f 5905 5904 5902 5889
f 5887 5906 5905 5889
f 5885 5886 5906 5887
f 5884 5907 5886 5883
f 5886 5907 5908 5906
f 5884 5882 5910 5909
f 5884 5909 5911 5907
f 5882 5881 5912 5910
f 5912 5914 5913 5910
f 5913 5915 5909 5910
f 5915 5916 5911 5909
f 5907 5911 5917 5908
f 5916 5918 5917 5911
f 5906 5908 5919 5905
f 5908 5917 5920 5919
f 5904 5905 5919 5921
f 5904 5903 5901 5902
f 5904 5921 5922 5903
f 5923 5900 5903 5924
f 5924 5903 5922 5925
f 5927 5926 5899 5900
f 5923 5928 5927 5900
f 5926 5897 5898 5899
f 5930 5929 5897 5926
f 5931 5930 5926 5927
f 5931 5927 5928 5932
f 5933 5932 5928 5934
f 5934 5928 5923 5924
f 5936 5935 5934 5924
f 5936 5924 5925 5937
f 5939 5938 5937 5925
f 5939 5925 5922 5921
f 5919 5920 5940 5921
f 5939 5921 5940 5941
f 5918 5942 5920 5917
f 5942 5941 5940 5920
f 5918 5916 5944 5943
f 5942 5918 5943 5945
f 5915 5946 5944 5916
f 5948 5947 5944 5946
f 5947 5949 5943 5944
f 5943 5949 5950 5945
f 5945 5951 5941 5942
f 5953 5952 5951 5945
f 5950 5954 5953 5945
f 5951 5938 5939 5941
f 5956 5955 5935 5938
f 5958 5957 5956 5938
f 5935 5936 5937 5938
f 5958 5938 5951 5952
f 5955 5933 5934 5935
f 5960 5959 5932 5933
f 5961 5960 5933 5955
f 5962 5931 5932 5959
f 5964 5963 5962 5959
f 5965 5964 5959 5960
f 5966 5965 5960 5961
f 5967 5966 5961 5968
f 5968 5961 5955 5956
f 5968 5956 5957 5969
f 5971 5969 5957 5970
f 5970 5957 5958 5952
f 5954 5970 5952 5953
f 5972 5970 5954 5973
f 5975 5973 5954 5974
f 5954 5950 5976 5974
f 5949 5977 5976 5950
f 5947 5978 5977 5949
f 5980 5979 5977 5978
f 5979 5974 5976 5977
f 5979 5981 5975 5974
f 5982 5973 5975 5981
f 5982 5983 5972 5973
f 5972 5983 5971 5970
f 5984 5969 5971 5985
f 5986 5985 5971 5983
f 5967 5968 5969 5984
f 5988 5987 5966 5967
f 5988 5967 5984 5989
f 5990 5965 5966 5987
f 5991 5964 5965 5990
f 5991 5992 5963 5964
f 5994 5993 5992 5991
f 5994 5991 5990 5995
f 5995 5990 5987 5996
f 5988 5997 5996 5987
f 5997 5988 5989 5998
f 5999 5989 5984 5985
f 5998 5989 5999 6000
f 5999 5985 5986 6001
f 6001 5986 6002 6003
f 6002 5986 5983 5982
f 6004 6002 5982 5981
f 6004 5981 6005 6006
f 6005 5981 5979 6007
f 5980 6008 6007 5979
f 6006 6005 6007 6008
f 6009 6004 6006 6010
f 6010 6006 6008 6011
f 6003 6002 6004 6009
f 6012 6001 6003 6013
f 6013 6003 6009 6014
f 6012 6000 5999 6001
f 6015 5998 6000 6016
f 6017 6016 6000 6012
f 6015 6018 5997 5998
f 5997 6018 6019 5996
f 6020 5995 5996 6019
f 6020 6021 5994 5995
f 6022 5993 5994 6021
f 6024 6023 6022 6021
f 6025 6024 6021 6020
f 6025 6020 6019 6026
f 6026 6019 6018 6027
f 6028 6027 6018 6015
f 6028 6015 6016 6029
f 6029 6016 6030 6031
f 6017 6032 6030 6016
f 6017 6012 6013 6032
f 6033 6032 6013 6014
f 6033 6014 6034 6035
f 6034 6014 6037 6036
f 6037 6014 6009 6010
f 6036 6037 6010 6011
f 6038 6034 6036 6011
f 6038 6011 6008 5980
f 6035 6034 6039 6040
f 6039 6034 6038 6041
f 6030 6032 6033 6035
f 6030 6035 6040 6042
f 6031 6030 6042 6043
f 6044 6029 6031 6043
f 6028 6029 6044 6027
f 6046 6045 6026 6027
f 6046 6027 6047 6048
f 6047 6027 6044 6049
f 6025 6026 6050 6024
f 6045 6051 6050 6026
f 6050 5850 6023 6024
f 6050 6051 5852 5850
f 6045 6046 6048 6051
f 6051 6048 5880 5852
f 5880 6048 6047 5879
f 6047 6049 6052 5879
f 6049 6044 6043 5914
f 6052 6049 5914 5912
f 6043 6042 6053 5914
f 6053 6042 6055 6054
f 6055 6042 6040 6039
f 5948 6055 6039 6041
f 5948 6041 5978 5947
f 6038 5980 5978 6041
f 6054 6055 5948 5946
f 5913 5914 6053 6054
f 5913 6054 5946 5915
f 5881 5879 6052 5912
f 5848 6056 6023 5850
f 6022 6023 6056 6057
f 5849 6058 6056 5848
f 6058 6059 6057 6056
f 6057 6059 6060 6061
f 6057 6061 5993 6022
f 6058 5819 5821 6059
f 5821 6062 6060 6059
f 5849 5820 5819 6058
f 6062 5821 5818 6063
f 6065 6062 6063 6064
f 6062 6065 6066 6060
f 6061 6060 6066 6067
f 6061 6067 5992 5993
f 6067 6066 6068 6069
f 6067 6069 5963 5992
f 6065 6070 6068 6066
f 6065 6064 6071 6070
f 5793 5794 6064 6063
f 5794 5796 6071 6064
f 5791 5793 6063 5818
f 5796 5795 5797 6072
f 6071 5796 6072 6073
f 6070 6071 6073 6074
f 6070 6074 6075 6068
f 6069 6068 6075 6076
f 6069 6076 5962 5963
f 5930 6076 6075 5929
f 6076 5930 5931 5962
f 6074 6077 5929 6075
f 6074 6073 6078 6077
f 6073 6072 6079 6078
f 6072 5797 5798 6079
f 6080 6079 5798 5799
f 6079 6080 5895 6078
f 6077 6078 5895 5896
f 5929 6077 5896 5897
f 5894 5895 6080 5866
f 6080 5799 6081 5866
f 5799 5800 6082 6081
f 6081 6082 5865 5866
f 6082 5800 5834 5865
f 6085 6084 6083 6086
f 6084 6088 6087 6083
f 6086 6083 6089 6090
f 6083 6087 6091 6089
f 6084 6085 6093 6092
f 6084 6092 6094 6088
f 6086 6096 6095 6085
f 6097 6093 6085 6095
f 6096 6086 6090 6098
f 6098 6090 6099 6100
f 6090 6089 6101 6099
f 6089 6091 6102 6101
f 6087 6104 6103 6091
f 6091 6103 6105 6102
f 6088 6106 6104 6087
f 6088 6094 6107 6106
f 6109 6108 6094 6092
f 6108 6110 6107 6094
f 6093 6111 6109 6092
f 6112 6111 6093 6097
f 6113 6097 6095 6114
f 6113 6115 6112 6097
f 6114 6095 6096 6116
f 6117 6116 6096 6098
f 6117 6098 6100 6118
f 6120 6100 6099 6119
f 6100 6120 6121 6118
f 6119 6099 6101 6122
f 6101 6102 6123 6122
f 6102 6105 6124 6123
f 6103 6126 6125 6105
f 6105 6125 6127 6124
f 6104 6128 6126 6103
f 6106 6129 6128 6104
f 6106 6107 6130 6129
f 6107 6110 6131 6130
f 6108 6133 6132 6110
f 6110 6132 6134 6131
f 6109 6135 6133 6108
f 6111 6136 6135 6109
f 6111 6112 6137 6136
f 6138 6137 6112 6115
f 6140 6139 6115 6113
f 6141 6138 6115 6139
f 6140 6113 6114 6142
f 6142 6114 6116 6143
f 6117 6118 6144 6116
f 6143 6116 6144 6145
f 6146 6144 6118 6121
f 6148 6146 6121 6147
f 6147 6121 6120 6149
f 6120 6119 6150 6149
f 6150 6152 6151 6149
f 6147 6149 6153 6154
f 6153 6149 6151 6155
f 6148 6147 6154 6156
f 6158 6157 6146 6148
f 6158 6148 6156 6159
f 6157 6145 6144 6146
f 6160 6143 6145 6161
f 6161 6145 6157 6162
f 6163 6142 6143 6160
f 6163 6164 6140 6142
f 6165 6139 6140 6164
f 6141 6139 6166 6167
f 6165 6168 6166 6139
f 6141 6167 6169 6138
f 6171 6169 6167 6170
f 6167 6166 6172 6170
f 6168 6173 6172 6166
f 6165 6164 6174 6168
f 6173 6168 6174 6175
f 6163 6160 6176 6164
f 6177 6164 6176 6178
f 6177 6179 6174 6164
f 6160 6161 6180 6176
f 6180 6161 6162 6181
f 6162 6157 6158 6159
f 6182 6181 6162 6159
f 6184 6159 6156 6183
f 6182 6159 6185 6186
f 6185 6159 6184 6187
f 6188 6181 6182 6186
f 6190 6189 6180 6181
f 6190 6181 6188 6191
f 6178 6176 6180 6189
f 6177 6178 6192 6179
f 6178 6189 6193 6192
f 6174 6179 6194 6175
f 6194 6179 6192 6195
f 6194 6195 6196 6175
f 6173 6175 6197 6198
f 6197 6175 6196 6199
f 6172 6173 6198 6200
f 6170 6172 6200 6201
f 6198 6197 6202 6200
f 6200 6202 6203 6201
f 6197 6199 6204 6202
f 6196 6206 6205 6199
f 6199 6205 6207 6204
f 6195 6208 6206 6196
f 6192 6193 6208 6195
f 6193 6189 6190 6191
f 6193 6191 6209 6208
f 6209 6191 6188 6210
f 6188 6186 6211 6210
f 6186 6185 6212 6211
f 6212 6185 6187 6213
f 6184 6183 6214 6187
f 6187 6214 6215 6213
f 6217 6212 6213 6216
f 6213 6215 6218 6216
f 6219 6211 6212 6217
f 6210 6211 6219 6220
f 6206 6208 6209 6210
f 6206 6210 6220 6205
f 6207 6205 6220 6221
f 6223 6204 6207 6222
f 6222 6207 6221 6224
f 6225 6202 6204 6223
f 6203 6202 6225 6226
f 6228 6201 6203 6227
f 6203 6226 6229 6227
f 6225 6223 6230 6226
f 6226 6230 6231 6229
f 6223 6222 6232 6230
f 6222 6224 6233 6232
f 6224 6221 6217 6216
f 6224 6216 6234 6233
f 6236 6216 6218 6235
f 6234 6216 6236 6237
f 6218 6215 6238 6235
f 6215 6214 6239 6238
f 6183 6240 6239 6214
f 6240 6242 6241 6239
f 6238 6239 6241 6243
f 6235 6238 6243 6244
f 6245 6236 6235 6244
f 6237 6236 6245 6246
f 6247 6233 6234 6237
f 6247 6237 6246 6248
f 6249 6232 6233 6247
f 6230 6232 6249 6231
f 6229 6231 6250 6251
f 6231 6249 6252 6250
f 6227 6229 6251 6253
f 6228 6227 6253 6254
f 6255 6201 6228 6256
f 6256 6228 6254 6257
f 6257 6254 6258 6259
f 6254 6253 6260 6258
f 6253 6251 6261 6260
f 6261 6251 6263 6262
f 6263 6251 6250 6264
f 6250 6252 6265 6264
f 6252 6249 6247 6248
f 6252 6248 6266 6265
f 6268 6248 6246 6267
f 6266 6248 6268 6269
f 6246 6245 6270 6267
f 6244 6271 6270 6245
f 6244 6243 6272 6271
f 6272 6274 6273 6271
f 6276 6271 6273 6275
f 6270 6271 6276 6277
f 6267 6270 6277 6278
f 6279 6268 6267 6278
f 6268 6279 6280 6269
f 6281 6265 6266 6269
f 6282 6281 6269 6280
f 6264 6265 6281 6283
f 6263 6264 6283 6262
f 6261 6262 6284 6285
f 6262 6283 6286 6284
f 6260 6261 6285 6287
f 6258 6260 6287 6288
f 6288 6287 6289 6290
f 6287 6285 6291 6289
f 6285 6284 6292 6291
f 6284 6286 6293 6292
f 6283 6281 6282 6286
f 6286 6282 6294 6293
f 6282 6280 6295 6294
f 6280 6279 6296 6295
f 6278 6297 6296 6279
f 6297 6278 6277 6298
f 6276 6299 6298 6277
f 6276 6275 6300 6299
f 6273 6274 6301 6275
f 6275 6301 6302 6300
f 6302 6304 6303 6300
f 6299 6300 6303 6305
f 6299 6305 6306 6298
f 6307 6297 6298 6306
f 6297 6307 6308 6296
f 6295 6296 6308 6309
f 6294 6295 6309 6310
f 6293 6294 6310 6311
f 6292 6293 6311 6312
f 6291 6292 6312 6313
f 6289 6291 6313 6314
f 6290 6289 6314 6315
f 6316 6288 6290 6317
f 6317 6290 6315 6318
f 6318 6315 6319 6320
f 6315 6314 6321 6319
f 6314 6313 6322 6321
f 6313 6312 6323 6322
f 6312 6311 6324 6323
f 6311 6310 6325 6324
f 6310 6309 6326 6325
f 6309 6308 6327 6326
f 6307 6328 6327 6308
f 6307 6306 6329 6328
f 6305 6330 6329 6306
f 6305 6303 6331 6330
f 6304 6332 6331 6303
f 6332 6334 6333 6331
f 6330 6331 6333 6335
f 6330 6335 6336 6329
f 6328 6329 6336 6337
f 6328 6337 6338 6327
f 6326 6327 6338 6339
f 6325 6326 6339 6340
f 6324 6325 6340 6341
f 6323 6324 6341 6342
f 6322 6323 6342 6343
f 6321 6322 6343 6344
f 6319 6321 6344 6345
f 6320 6319 6345 6346
f 6347 6318 6320 6348
f 6348 6320 6346 6349
f 6351 6349 6346 6350
f 6346 6345 6352 6350
f 6345 6344 6353 6352
f 6353 6344 6343 6354
f 6354 6343 6342 6355
f 6355 6342 6341 6356
f 6341 6340 6357 6356
f 6340 6339 6358 6357
f 6339 6338 6359 6358
f 6337 6360 6359 6338
f 6337 6336 6361 6360
f 6335 6362 6361 6336
f 6335 6333 6363 6362
f 6366 6365 6364 6362
f 6366 6362 6363 6367
f 6361 6362 6364 6368
f 6369 6360 6361 6368
f 6370 6360 6369 6371
f 6370 6358 6359 6360
f 6357 6358 6370 6372
f 6356 6357 6372 6373
f 6374 6355 6356 6373
f 6375 6354 6355 6374
f 6376 6353 6354 6375
f 6352 6353 6376 6377
f 6378 6350 6352 6377
f 6380 6378 6377 6379
f 6377 6376 6381 6379
f 6381 6376 6375 6382
f 6382 6375 6374 6383
f 6374 6373 6384 6383
f 6384 6373 6372 6385
f 6371 6385 6372 6370
f 6385 6371 6386 6387
f 6371 6369 6388 6386
f 6368 6389 6388 6369
f 6368 6364 6390 6389
f 6365 6391 6390 6364
f 6366 6393 6392 6365
f 6365 6392 6394 6391
f 6395 6393 6366 6367
f 6398 6397 6396 6393
f 6396 6399 6392 6393
f 6398 6393 6395 6400
f 6392 6399 6401 6394
f 6401 6403 6402 6394
f 6394 6402 6404 6391
f 6391 6404 6405 6390
f 6389 6390 6405 6406
f 6389 6406 6407 6388
f 6386 6388 6407 6408
f 6387 6386 6408 6409
f 6410 6383 6387 6409
f 6387 6383 6384 6385
f 6382 6383 6410 6411
f 6412 6381 6382 6411
f 6414 6413 6412 6411
f 6414 6411 6415 6416
f 6415 6411 6410 6417
f 6417 6410 6409 6418
f 6418 6409 6408 6419
f 6419 6408 6407 6406
f 6406 6421 6420 6419
f 6421 6406 6405 6404
f 6404 6402 6422 6421
f 6402 6403 6423 6422
f 6426 6425 6424 6403
f 6428 6427 6426 6403
f 6424 6429 6423 6403
f 6428 6403 6401 6399
f 6429 6431 6430 6423
f 6422 6423 6430 6432
f 6421 6422 6432 6420
f 6432 6434 6433 6420
f 6420 6433 6435 6419
f 6435 6436 6418 6419
f 6436 6437 6417 6418
f 6437 6416 6415 6417
f 6439 6438 6414 6416
f 6439 6416 6440 6441
f 6440 6416 6437 6442
f 6443 6413 6414 6438
f 6444 6443 6438 6445
f 6445 6438 6439 6446
f 6447 6446 6439 6441
f 6447 6441 6448 6449
f 6448 6441 6440 6442
f 6448 6442 6450 6451
f 6437 6436 6450 6442
f 6436 6435 6452 6450
f 6433 6453 6452 6435
f 6433 6434 6454 6453
f 6431 6456 6455 6434
f 6455 6457 6454 6434
f 6431 6434 6432 6430
f 6458 6456 6431 6429
f 6459 6458 6429 6424
f 6461 6460 6458 6459
f 6460 6462 6456 6458
f 6462 6463 6455 6456
f 6463 6449 6457 6455
f 6463 6446 6447 6449
f 6449 6448 6451 6457
f 6464 6445 6446 6465
f 6465 6446 6463 6462
f 6464 6466 6444 6445
f 6466 6468 6467 6444
f 6444 6467 6469 6443
f 6443 6469 6470 6413
f 6472 6471 6469 6467
f 6471 6380 6470 6469
f 6473 6472 6467 6468
f 6476 6475 6474 6468
f 6474 6477 6473 6468
f 6476 6468 6466 6478
f 6478 6466 6464 6465
f 6460 6478 6465 6462
f 6479 6478 6460 6461
f 6481 6480 6479 6461
f 6482 6481 6461 6459
f 6482 6459 6424 6425
f 6483 6481 6482 6484
f 6484 6482 6425 6485
f 6483 6486 6480 6481
f 6475 6476 6480 6486
f 6479 6480 6476 6478
f 6487 6475 6486 6488
f 6487 6489 6474 6475
f 6489 6490 6477 6474
f 6490 6492 6491 6477
f 6473 6477 6491 6472
f 6472 6491 6493 6471
f 6493 6378 6380 6471
f 6470 6380 6379 6413
f 6379 6381 6412 6413
f 6491 6492 6494 6493
f 6494 6350 6378 6493
f 6490 6496 6495 6492
f 6495 6498 6497 6492
f 6497 6499 6494 6492
f 6489 6500 6496 6490
f 6500 6489 6487 6501
f 6502 6501 6487 6488
f 6504 6503 6502 6488
f 6504 6488 6505 6506
f 6505 6488 6486 6483
f 6505 6483 6484 6507
f 6507 6484 6485 6508
f 6506 6505 6507 6509
f 6510 6509 6507 6508
f 6511 6503 6504 6506
f 6511 6506 6509 6512
f 6514 6513 6503 6511
f 6513 6515 6502 6503
f 6515 6516 6501 6502
f 6517 6500 6501 6516
f 6500 6517 6518 6496
f 6519 6495 6496 6518
f 6519 6520 6498 6495
f 6520 6522 6521 6498
f 6497 6498 6521 6499
f 6521 6349 6351 6499
f 6494 6499 6351 6350
f 6522 6348 6349 6521
f 6524 6523 6522 6520
f 6523 6347 6348 6522
f 6525 6524 6520 6519
f 6525 6519 6518 6134
f 6131 6134 6518 6517
f 6130 6131 6517 6516
f 6129 6130 6516 6515
f 6129 6515 6513 6128
f 6128 6513 6514 6126
f 6126 6514 6526 6125
f 6514 6511 6512 6526
f 6526 6512 6527 6528
f 6512 6509 6510 6527
f 6529 6527 6510 6508
f 6528 6527 6529 6530
f 6125 6526 6528 6127
f 6127 6528 6530 6531
f 6531 6530 6532 6533
f 6530 6529 6534 6532
f 6529 6508 6535 6534
f 6532 6534 6536 6537
f 6534 6535 6538 6536
f 6533 6532 6537 6539
f 6540 6531 6533 6541
f 6541 6533 6539 6542
f 6124 6127 6531 6540
f 6123 6124 6540 6543
f 6543 6540 6541 6544
f 6544 6541 6542 6545
f 6545 6542 6546 6547
f 6542 6539 6548 6546
f 6539 6537 6549 6548
f 6549 6537 6536 6397
f 6397 6536 6538 6396
f 6538 6535 6427 6428
f 6538 6428 6399 6396
f 6508 6485 6427 6535
f 6485 6425 6426 6427
f 6550 6549 6397 6398
f 6551 6548 6549 6550
f 6546 6548 6551 6552
f 6547 6546 6552 6553
f 6155 6545 6547 6554
f 6554 6547 6553 6555
f 6151 6544 6545 6155
f 6152 6543 6544 6151
f 6152 6122 6123 6543
f 6150 6119 6122 6152
f 6153 6155 6554 6242
f 6556 6242 6554 6555
f 6556 6555 6557 6558
f 6555 6553 6559 6557
f 6553 6552 6560 6559
f 6552 6551 6561 6560
f 6551 6550 6562 6561
f 6550 6398 6400 6562
f 6561 6562 6332 6304
f 6562 6400 6334 6332
f 6560 6561 6304 6302
f 6559 6560 6302 6301
f 6557 6559 6301 6274
f 6558 6557 6274 6272
f 6241 6242 6556 6558
f 6243 6241 6558 6272
f 6240 6154 6153 6242
f 6183 6156 6154 6240
f 6334 6400 6395 6367
f 6334 6367 6363 6333
f 6563 6525 6134 6132
f 6563 6564 6524 6525
f 6565 6563 6132 6133
f 6565 6566 6564 6563
f 6566 6568 6567 6564
f 6564 6567 6523 6524
f 6570 6569 6566 6565
f 6569 6571 6568 6566
f 6570 6565 6133 6135
f 6572 6570 6135 6136
f 6572 6573 6569 6570
f 6573 6574 6571 6569
f 6568 6571 6576 6575
f 6576 6571 6574 6259
f 6567 6568 6575 6577
f 6567 6577 6347 6523
f 6575 6316 6317 6577
f 6577 6317 6318 6347
f 6576 6259 6316 6575
f 6574 6578 6257 6259
f 6316 6259 6258 6288
f 6573 6579 6578 6574
f 6572 6136 6579 6573
f 6137 6580 6579 6136
f 6579 6580 6581 6578
f 6578 6581 6256 6257
f 6580 6169 6171 6581
f 6581 6171 6255 6256
f 6138 6169 6580 6137
f 6255 6171 6170 6201
f 6454 6457 6451 6453
f 6451 6450 6452 6453
f 6221 6220 6219 6217
o Tube
usemtl Tube
v -1.15107226 3.478603124 -0.22524397 1 1 1
v -1.15506411 3.543758392 -0.13611834 1 1 1
v -1.0290848 3.546651363 -0.11573464 1 1 1
v -1.02497745 3.492111206 -0.2007125 1 1 1
v -1.27589321 3.462582588 -0.2266555 1 1 1
v -1.28087175 3.540542364 -0.14768954 1 1 1
v -1.14700413 3.350121498 -0.24821644 1 1 1
v -1.02151179 3.358074665 -0.24741723 1 1 1
v -1.2709018 3.334511756 -0.23474793 1 1 1
v -1.1568141 3.575950861 -0.0509842 1 1 1
v -1.03923702 3.566523075 -0.03963256 1 1 1
v -1.28264165 3.578921794 -0.05210878 1 1 1
v -0.91005516 3.545951366 -0.06604892 1 1 1
v -0.89888453 3.483514308 -0.17994712 1 1 1
v -0.96432334 3.55727458 -0.0194575 1 1 1
v -0.88524061 3.355649471 -0.25245374 1 1 1
v -1.01710105 3.246907234 -0.17491518 1 1 1
v -0.88332874 3.227929592 -0.19764715 1 1 1
v -1.1428647 3.252462387 -0.16162062 1 1 1
v -1.26551878 3.254601955 -0.1532502 1 1 1
v -1.40011978 3.336200714 -0.23386766 1 1 1
v -1.40659201 3.446364879 -0.22929227 1 1 1
v -1.38875687 3.253215313 -0.15215836 1 1 1
v -1.40557742 3.535871505 -0.15223752 1 1 1
v -1.4076407 3.576551675 -0.05307659 1 1 1
v -1.28263795 3.578874349 0.059096954 1 1 1
v -1.15679944 3.575809001 0.058069746 1 1 1
v -1.40762365 3.576578855 0.060251317 1 1 1
v -1.05029011 3.567229747 0.057219557 1 1 1
v -0.97425139 3.559169530 0.079048514 1 1 1
v -0.89061952 3.541591644 0.069840453 1 1 1
v -0.77586889 3.514979362 -0.05588305 1 1 1
v -0.7736671 3.470121622 -0.15877235 1 1 1
v -0.77554619 3.514529228 0.063256189 1 1 1
v -0.77025086 3.387330532 -0.23176637 1 1 1
v -0.77068257 3.317216396 -0.25171015 1 1 1
v -0.83287984 3.315682888 -0.25041777 1 1 1
v -0.83159095 3.282713413 -0.23424925 1 1 1
v -0.76932079 3.292652607 -0.23949142 1 1 1
v -0.76893717 3.234234333 -0.21558344 1 1 1
v -0.83406317 3.180797100 -0.13093564 1 1 1
v -0.75484377 3.163422584 -0.14507052 1 1 1
v -1.02205729 3.202575683 -0.05781367 1 1 1
v -0.92042565 3.177221298 -0.06283881 1 1 1
v -0.84659272 3.158870697 -0.0474213 1 1 1
v -1.14008832 3.214452266 -0.05504438 1 1 1
v -1.2631799 3.219575882 -0.05305832 1 1 1
v -1.38621211 3.217490196 -0.05211407 1 1 1
v -1.51088107 3.240880012 -0.15186603 1 1 1
v -1.51557541 3.311484813 -0.22184888 1 1 1
v -1.50841725 3.203335762 -0.05316649 1 1 1
v -1.38612032 3.217467784 0.059281334 1 1 1
v -1.26323521 3.219693183 0.060272038 1 1 1
v -1.50851667 3.203227996 0.060357708 1 1 1
v -1.140095 3.214639663 0.062134303 1 1 1
v -1.02187872 3.202962875 0.064763382 1 1 1
v -0.92091244 3.177814483 0.066255301 1 1 1
v -0.846165 3.159144878 0.054439783 1 1 1
v -0.76609367 3.125416278 -0.05185891 1 1 1
v -0.76580715 3.126005172 0.059145014 1 1 1
v -0.65342361 3.258632183 -0.23796852 1 1 1
v -0.64182371 3.128336429 -0.17305888 1 1 1
v -0.67301095 3.084077358 -0.05732912 1 1 1
v -0.70528185 3.297204017 -0.24182145 1 1 1
v -0.702254 3.333973407 -0.24802487 1 1 1
v -0.65112066 3.369158268 -0.21460152 1 1 1
v -0.53080094 3.357700347 -0.1612446 1 1 1
v -0.5201205 3.257297515 -0.22106136 1 1 1
v -0.51577222 3.126131534 -0.23822734 1 1 1
v -0.58520782 3.055343151 -0.13203228 1 1 1
v -0.49740231 3.016498088 -0.15963323 1 1 1
v -0.60127157 3.035244464 -0.05059009 1 1 1
v -0.67184049 3.08481884 0.064498156 1 1 1
v -0.59580308 3.037527084 0.057873908 1 1 1
v -0.75496477 3.163663864 0.153398573 1 1 1
v -0.64018738 3.127744674 0.181441381 1 1 1
v -0.83484107 3.179701805 0.133789181 1 1 1
v -0.89123392 3.223667144 0.189166545 1 1 1
v -1.01785541 3.245983600 0.178737163 1 1 1
v -1.14271665 3.252680778 0.168484136 1 1 1
v -1.26544607 3.254028797 0.160924226 1 1 1
v -1.38756633 3.253359317 0.159305572 1 1 1
v -1.1467334 3.350222587 0.254894703 1 1 1
v -1.26939905 3.334381103 0.241993174 1 1 1
v -1.39598143 3.335771083 0.241852074 1 1 1
v -1.02327096 3.359919548 0.253066182 1 1 1
v -0.89703655 3.362406730 0.255681872 1 1 1
v -0.77033913 3.241658687 0.234859854 1 1 1
v -0.77124739 3.373016834 0.236309289 1 1 1
v -0.64230436 3.252598285 0.238544240 1 1 1
v -0.51637566 3.135344505 0.242936015 1 1 1
v -0.51695472 3.260856628 0.229487404 1 1 1
v -0.58633846 3.061577320 0.139930725 1 1 1
v -0.50462395 3.040303707 0.171542227 1 1 1
v -0.52253067 2.982230186 -0.05315172 1 1 1
v -0.52063692 2.990529537 0.066202320 1 1 1
v -0.38816455 3.148910045 -0.2326337 1 1 1
v -0.38301089 3.025308132 -0.20659423 1 1 1
v -0.44451195 2.957536220 -0.120382 1 1 1
v -0.37570024 2.92993927 -0.14977458 1 1 1
v -0.45247552 2.937379837 -0.04473209 1 1 1
v -0.44765452 2.94246912 0.079428926 1 1 1
v -0.40016931 3.003956794 0.207661166 1 1 1
v -0.39057752 3.147069931 0.225820094 1 1 1
v -0.40042135 3.269274234 0.175815358 1 1 1
v -0.45267358 3.330356597 0.134174808 1 1 1
v -0.531241 3.357832431 0.163468107 1 1 1
v -0.63686812 3.394505500 0.194885805 1 1 1
v -0.68611711 3.453838586 0.146182656 1 1 1
v -0.78219807 3.469159364 0.168461144 1 1 1
v -0.9013738 3.485389232 0.185508862 1 1 1
v -1.02194095 3.502163887 0.190251544 1 1 1
v -1.15100336 3.478006601 0.231678575 1 1 1
v -1.07034767 3.541796207 0.135202810 1 1 1
v -1.16334891 3.543208122 0.144488990 1 1 1
v -0.66880858 3.480156183 0.057136282 1 1 1
v -0.59622157 3.443448066 0.075526244 1 1 1
v -0.52104968 3.402633190 0.060015223 1 1 1
v -0.44346744 3.357254982 0.054718554 1 1 1
v -0.3697896 3.305286407 0.062664724 1 1 1
v -0.31446508 3.230551242 0.142023250 1 1 1
v -0.29673263 3.250969886 0.057723708 1 1 1
v -0.26642656 3.151921749 0.177314072 1 1 1
v -0.25935674 3.025346279 0.233404174 1 1 1
v -0.3553876 2.927669763 0.161769062 1 1 1
v -0.38027635 2.895846843 0.065999537 1 1 1
v -0.2636781 2.885244846 0.195885941 1 1 1
v -0.38627717 2.895112037 -0.05058244 1 1 1
v -0.30648547 2.840849876 -0.06133216 1 1 1
v -0.30625686 2.846235752 0.069446474 1 1 1
v -0.13176398 2.898535728 0.232997208 1 1 1
v -0.12295432 3.040411949 0.192109093 1 1 1
v -0.21527939 2.812919616 0.148307085 1 1 1
v -0.23197886 2.793627739 0.058257971 1 1 1
v -0.13168164 2.763813495 0.187820479 1 1 1
v -0.17918396 3.117769718 0.146626785 1 1 1
v -0.22914356 3.194244384 0.064126230 1 1 1
v -0.16144101 3.137328624 0.058770310 1 1 1
v -0.29651085 3.251323223 -0.05087934 1 1 1
v -0.36994109 3.305069446 -0.05520739 1 1 1
v -0.22969463 3.19354105 -0.05724948 1 1 1
v -0.44419247 3.356471061 -0.04764806 1 1 1
v -0.53979343 3.412414550 -0.05755892 1 1 1
v -0.59023613 3.44851017 -0.01415357 1 1 1
v -0.6591174 3.480107784 -0.03628605 1 1 1
v -0.64754152 3.447729110 -0.12305802 1 1 1
v -0.45314181 3.329552650 -0.12671857 1 1 1
v -0.40360132 3.265136718 -0.1638329 1 1 1
v -0.31459132 3.230155468 -0.13541442 1 1 1
v -0.26586771 3.152949333 -0.17208318 1 1 1
v -0.16201207 3.136521816 -0.05184143 1 1 1
v -0.17933555 3.117332458 -0.13977671 1 1 1
v -0.09453958 3.080881118 0.065698608 1 1 1
v -0.09505416 3.079569816 -0.05848396 1 1 1
v -0.02024109 2.987663745 0.124637171 1 1 1
v -0.02322089 3.013867378 0.052089661 1 1 1
v -0.01255915 2.904386043 0.185255929 1 1 1
v -0.02336831 3.012218475 -0.04366707 1 1 1
v -0.12306786 3.040561676 -0.18543239 1 1 1
v -0.0198673 2.983620643 -0.11557801 1 1 1
v -0.25845101 3.027260303 -0.22683378 1 1 1
v -0.27335134 2.882011413 -0.1949342 1 1 1
v -0.13729367 2.899529457 -0.2311143 1 1 1
v -0.01009732 2.902155399 -0.1802993 1 1 1
v 0.109545119 3.042475938 -0.16354996 1 1 1
v 0.126573249 2.918603897 -0.23900317 1 1 1
v 0.085802421 3.070972919 -0.05301185 1 1 1
v 0.085381954 3.072234630 0.060480777 1 1 1
v 0.109536625 3.042559146 0.170991659 1 1 1
v 0.123316235 2.915747642 0.242721170 1 1 1
v 0.009203566 2.778124809 0.216873854 1 1 1
v 0.145463749 2.776699543 0.189996227 1 1 1
v 0.244289577 2.932923317 0.241102665 1 1 1
v 0.231242582 3.056844234 0.226191192 1 1 1
v 0.246303826 2.841152191 0.161616668 1 1 1
v 0.163201615 3.114653587 0.130066677 1 1 1
v 0.154635891 3.131628036 0.054140564 1 1 1
v 0.238115787 3.143396377 0.156518369 1 1 1
v 0.155220419 3.130901813 -0.04702954 1 1 1
v 0.163661152 3.113984108 -0.12295055 1 1 1
v 0.238413825 3.142676830 -0.15382025 1 1 1
v 0.231408074 3.059625148 -0.22139111 1 1 1
v 0.245255157 2.926931381 -0.23287904 1 1 1
v 0.161233723 2.766912460 -0.20293537 1 1 1
v 0.254537731 2.830813884 -0.16255748 1 1 1
v 0.004981506 2.779883384 -0.22082894 1 1 1
v -0.14950806 2.754966735 -0.20162979 1 1 1
v -0.22446334 2.803260803 -0.14821622 1 1 1
v -0.09112053 2.665323734 -0.15878122 1 1 1
v 0.010570417 2.663070678 -0.22837834 1 1 1
v -0.23622958 2.788886547 -0.0517993 1 1 1
v -0.18530755 2.723347187 -0.05987033 1 1 1
v -0.14123499 2.646329879 -0.0555078 1 1 1
v 0.099246606 2.680195808 -0.14764963 1 1 1
v 0.196995675 2.738555908 -0.06000802 1 1 1
v 0.258369445 2.805604457 -0.05253196 1 1 1
v 0.148836329 2.666455268 -0.05199702 1 1 1
v 0.372264772 2.941404342 -0.16967595 1 1 1
v 0.317293763 2.871978759 -0.12614025 1 1 1
v 0.325672656 2.855690956 -0.04773802 1 1 1
v 0.360288590 3.063244342 -0.21258593 1 1 1
v 0.338322460 3.203108310 -0.19502501 1 1 1
v 0.219724714 3.184972286 -0.05299894 1 1 1
v 0.291602641 3.246926784 -0.06638984 1 1 1
v 0.218986168 3.185472965 0.059546131 1 1 1
v 0.336377620 3.201757431 0.200418248 1 1 1
v 0.291633516 3.246621131 0.070705257 1 1 1
v 0.358817756 3.061272621 0.224292874 1 1 1
v 0.360321074 3.298456192 -0.05157578 1 1 1
v 0.389602094 3.271092414 -0.1411681 1 1 1
v 0.363048702 3.300484657 0.061805259 1 1 1
v 0.475533574 3.197988510 -0.23471045 1 1 1
v 0.495045661 3.074657917 -0.21341321 1 1 1
v 0.476692527 3.318223476 -0.16305801 1 1 1
v 0.495165824 2.997998714 -0.12491946 1 1 1
v 0.401039868 2.904296398 -0.056652 1 1 1
v 0.494242489 2.964539051 -0.03898911 1 1 1
v 0.324038147 2.858052730 0.054436840 1 1 1
v 0.397921145 2.907598495 0.063026383 1 1 1
v 0.254374563 2.809907913 0.059177771 1 1 1
v 0.186470508 2.745471477 0.065781176 1 1 1
v 0.137256160 2.67202425 0.059943571 1 1 1
v 0.089207075 2.598561763 -0.04775449 1 1 1
v 0.082281127 2.596836090 -0.13189907 1 1 1
v 0.076876580 2.614958286 0.056027155 1 1 1
v 0.104249909 2.676498413 0.148536190 1 1 1
v 0.086423724 2.601465702 0.140848621 1 1 1
v 0.313627868 2.877070903 0.129951998 1 1 1
v 0.360482960 2.940397262 0.175634726 1 1 1
v 0.483485609 2.964132785 0.059253439 1 1 1
v 0.457013577 2.984760761 0.147924363 1 1 1
v 0.608157992 3.041137456 -0.06191238 1 1 1
v 0.556319594 3.003654956 -0.01674723 1 1 1
v 0.546621382 3.010601997 0.078346461 1 1 1
v 0.613278567 3.101212024 -0.16509168 1 1 1
v 0.601751565 3.199698448 -0.2234682 1 1 1
v 0.586544871 3.332004547 -0.21740641 1 1 1
v 0.521735549 3.381785392 -0.12181772 1 1 1
v 0.592293381 3.410788536 -0.1463058 1 1 1
v 0.443827956 3.356168270 -0.05266069 1 1 1
v 0.511044681 3.402599811 -0.04442205 1 1 1
v 0.703411638 3.442364215 -0.169294 1 1 1
v 0.712783217 3.336506366 -0.24793471 1 1 1
v 0.732111096 3.209071159 -0.21785325 1 1 1
v 0.736421048 3.137411832 -0.12279584 1 1 1
v 0.728754878 3.108968734 -0.04102109 1 1 1
v 0.624960780 3.054765701 0.065736271 1 1 1
v 0.718587756 3.105419158 0.060459554 1 1 1
v 0.497216910 3.059081554 0.193643763 1 1 1
v 0.605280220 3.097669601 0.171597734 1 1 1
v 0.473862826 3.196136474 0.236138045 1 1 1
v 0.599229216 3.203812599 0.230999797 1 1 1
v 0.696129560 3.131948947 0.146625399 1 1 1
v 0.738648533 3.186637401 0.205069720 1 1 1
v 0.799916148 3.140589714 -0.01965649 1 1 1
v 0.792067229 3.137534141 0.080275371 1 1 1
v 0.848609745 3.159301281 -0.06666561 1 1 1
v 0.851893365 3.215067386 -0.18712802 1 1 1
v 0.837366461 3.347400665 -0.25557429 1 1 1
v 0.827574908 3.470226287 -0.18292305 1 1 1
v 0.698871076 3.492464065 -0.05906217 1 1 1
v 0.831265687 3.52937603 -0.06467907 1 1 1
v 0.584695458 3.442418575 -0.05044983 1 1 1
v 0.954819321 3.483976841 -0.1955571 1 1 1
v 0.962945699 3.358573436 -0.24897794 1 1 1
v 0.952480673 3.538475513 -0.1101785 1 1 1
v 0.971709668 3.237419605 -0.1774193 1 1 1
v 0.973955214 3.190580844 -0.05945378 1 1 1
v 0.867044866 3.164407730 0.070065327 1 1 1
v 0.973876714 3.191009998 0.066325031 1 1 1
v 0.851364314 3.216534137 0.193053022 1 1 1
v 0.837481737 3.348012924 0.259702235 1 1 1
v 0.709620058 3.340505123 0.250898033 1 1 1
v 0.57165277 3.347356796 0.202831059 1 1 1
v 0.465646714 3.308767795 0.177886039 1 1 1
v 0.381682664 3.273761272 0.152166470 1 1 1
v 0.440946966 3.355690479 0.071665212 1 1 1
v 0.519050121 3.399044513 0.079182885 1 1 1
v 0.611260652 3.412718772 0.154416382 1 1 1
v 0.590511322 3.441395282 0.066155739 1 1 1
v 0.707178235 3.444798946 0.178205400 1 1 1
v 0.827926933 3.469064235 0.187247052 1 1 1
v 0.962944626 3.358921051 0.254522472 1 1 1
v 0.950849771 3.494379997 0.185920611 1 1 1
v 0.971640586 3.238401413 0.183721244 1 1 1
v 1.095118999 3.210267067 -0.05689216 1 1 1
v 1.095092535 3.210617065 0.063947059 1 1 1
v 1.092725276 3.253322124 0.178756073 1 1 1
v 1.092889785 3.253210067 -0.17203484 1 1 1
v 1.086017251 3.364510059 -0.24624336 1 1 1
v 1.078088522 3.493596553 -0.20458201 1 1 1
v 1.076040029 3.543906211 -0.12588389 1 1 1
v 1.200282812 3.551935195 -0.12754151 1 1 1
v 1.203104138 3.502078056 -0.20467308 1 1 1
v 1.209148645 3.372899532 -0.24357881 1 1 1
v 1.215041875 3.262119770 -0.17028372 1 1 1
v 1.217340111 3.220286846 -0.05646263 1 1 1
v 1.217278361 3.220484256 0.063569068 1 1 1
v 1.214904665 3.262415885 0.177260235 1 1 1
v 1.208965897 3.373025894 0.25054726 1 1 1
v 1.085807204 3.36454916 0.252517014 1 1 1
v 1.078294515 3.493181228 0.210883185 1 1 1
v 0.995564520 3.538365364 0.130952686 1 1 1
v 0.973217785 3.558999538 0.055150523 1 1 1
v 0.896279692 3.542770862 0.076049372 1 1 1
v 1.084511995 3.543590068 0.134240776 1 1 1
v 0.811325907 3.524909496 0.069326296 1 1 1
v 0.697064340 3.489105224 0.067925460 1 1 1
v 0.884457528 3.540467739 -0.01689102 1 1 1
v 0.960500776 3.556505203 -0.03687972 1 1 1
v 1.073665976 3.569115877 0.054653737 1 1 1
v 1.073636889 3.569287776 -0.04744302 1 1 1
v 1.200009465 3.551529884 0.134184837 1 1 1
v 1.197947382 3.577885389 0.056691065 1 1 1
v 1.202914953 3.501586437 0.210913404 1 1 1
v 1.332536578 3.382396221 0.254125386 1 1 1
v 1.328035354 3.509075641 0.204069644 1 1 1
v 1.337371468 3.264265537 0.181083262 1 1 1
v 1.340488076 3.218289375 0.064663827 1 1 1
v 1.340493083 3.218360900 -0.05739487 1 1 1
v 1.337516665 3.264444828 -0.17332757 1 1 1
v 1.333005309 3.382510662 -0.24626541 1 1 1
v 1.456381082 3.387206077 -0.24741484 1 1 1
v 1.460098266 3.260109424 -0.17995837 1 1 1
v 1.461670398 3.208751678 -0.06142023 1 1 1
v 1.457715868 3.209145546 0.066461838 1 1 1
v 1.462119340 3.258437633 0.185008779 1 1 1
v 1.456230163 3.386750221 0.256239444 1 1 1
v 1.452048063 3.510020732 0.196004480 1 1 1
v 1.447348833 3.564404487 0.105929605 1 1 1
v 1.325683116 3.558270454 0.125309184 1 1 1
v 1.324693679 3.579377412 0.046958368 1 1 1
v 1.325042009 3.579358577 -0.03981631 1 1 1
v 1.198148846 3.578025102 -0.04961523 1 1 1
v 1.326530575 3.558893680 -0.11864223 1 1 1
v 1.328757762 3.509477615 -0.19766727 1 1 1
v 1.434685587 3.574033737 -0.03038293 1 1 1
v 1.447740793 3.564421653 -0.09865203 1 1 1
v 1.434481859 3.574062824 0.037587344 1 1 1
v 1.558907866 3.562137603 0.062743902 1 1 1
v 1.505134105 3.567350387 0.023131059 1 1 1
v 1.575052022 3.507191181 0.183544039 1 1 1
v 1.583434343 3.387319088 0.261696577 1 1 1
v 1.590224742 3.244943618 0.188528701 1 1 1
v 1.562774658 3.196897506 0.063054032 1 1 1
v 1.581876277 3.194115161 -0.07181504 1 1 1
v 1.580002665 3.252588272 -0.18948387 1 1 1
v 1.581818342 3.392333030 -0.249708 1 1 1
v 1.704394459 3.398323535 -0.24136774 1 1 1
v 1.700715899 3.265479087 -0.21754925 1 1 1
v 1.702987074 3.195126056 -0.1230959 1 1 1
v 1.630510211 3.183804988 -0.02710814 1 1 1
v 1.715672612 3.165343761 -0.04449087 1 1 1
v 1.631675958 3.183480262 0.058750070 1 1 1
v 1.644261837 3.203459739 0.130330130 1 1 1
v 1.709930658 3.264743804 0.224278077 1 1 1
v 1.708115458 3.392666578 0.247950151 1 1 1
v 1.724799633 3.199680805 0.147722065 1 1 1
v 1.703123569 3.496244907 0.175648808 1 1 1
v 1.697237014 3.541850566 0.062228411 1 1 1
v 1.558948993 3.562376499 -0.05523364 1 1 1
v 1.505139231 3.567430973 -0.01595027 1 1 1
v 1.697543263 3.544606208 -0.0557882 1 1 1
v 1.575071692 3.507259845 -0.17540197 1 1 1
v 1.452430725 3.510180950 -0.18812352 1 1 1
v 1.701971411 3.498989105 -0.16502634 1 1 1
v 1.818260908 3.515824794 -0.05294926 1 1 1
v 1.815521955 3.481149673 -0.1464795 1 1 1
v 1.816833853 3.512141704 0.057796686 1 1 1
v 1.814243793 3.476260662 0.148140102 1 1 1
v 1.831670880 3.409422874 0.228349626 1 1 1
v 1.833775520 3.282004356 0.231534898 1 1 1
v 1.837166190 3.175678253 0.165465951 1 1 1
v 1.720625758 3.164688587 0.052697781 1 1 1
v 1.831714510 3.128706455 0.059942338 1 1 1
v 1.837452888 3.185801029 -0.15336671 1 1 1
v 1.849588275 3.122351169 -0.05733177 1 1 1
v 1.832914829 3.275062084 -0.22368415 1 1 1
v 1.829652667 3.408146858 -0.21953253 1 1 1
v 1.951321005 3.410933494 -0.16882682 1 1 1
v 1.959516525 3.285064220 -0.23795681 1 1 1
v 1.959162592 3.165334701 -0.20388313 1 1 1
v 1.966541409 3.088477134 -0.11743402 1 1 1
v 1.907222032 3.091126918 -0.01232016 1 1 1
v 1.973125815 3.061302185 -0.03362012 1 1 1
v 1.913714408 3.095553875 0.072720065 1 1 1
v 1.953893542 3.144910335 0.190421819 1 1 1
v 1.955456018 3.285921096 0.239116802 1 1 1
v 1.950085282 3.415457010 0.175556644 1 1 1
v 1.892704844 3.465524673 0.131764069 1 1 1
v 1.902662158 3.487397193 0.054745089 1 1 1
v 1.903017044 3.488043785 -0.04813609 1 1 1
v 1.893315672 3.465487957 -0.12432757 1 1 1
v 2.066673040 3.375544071 -0.14569433 1 1 1
v 2.083646297 3.286478996 -0.20748368 1 1 1
v 1.978687048 3.454967021 -0.05666193 1 1 1
v 2.078466415 3.418763160 -0.0534516 1 1 1
v 2.088838815 3.162664413 -0.21884935 1 1 1
v 2.095162391 3.048361301 -0.15858373 1 1 1
v 2.069241285 3.010517120 -0.05245942 1 1 1
v 1.982329964 3.059878349 0.054962236 1 1 1
v 2.069274902 3.010990858 0.059920877 1 1 1
v 2.005004882 3.081039428 0.142004221 1 1 1
v 2.087438106 3.162174224 0.222715213 1 1 1
v 2.084155798 3.292062282 0.225997448 1 1 1
v 2.104034423 3.045994281 0.168613895 1 1 1
v 2.068473339 3.381458759 0.156315207 1 1 1
v 1.979247808 3.457758426 0.064449220 1 1 1
v 2.077500343 3.417618751 0.059870783 1 1 1
v 2.159660339 3.383186340 -0.049089 1 1 1
v 2.147809028 3.355863094 -0.12481678 1 1 1
v 2.157443761 3.378912925 0.054124031 1 1 1
v 2.200960159 3.298003196 -0.17007713 1 1 1
v 2.216647386 3.180416584 -0.230059 1 1 1
v 2.218226909 3.044741153 -0.22414082 1 1 1
v 2.157584905 2.978665828 -0.12290984 1 1 1
v 2.23670578 2.936459541 -0.15503776 1 1 1
v 2.144067287 2.961629867 -0.04749151 1 1 1
v 2.143895149 2.961649894 0.054712791 1 1 1
v 2.157583952 2.978558540 0.129572317 1 1 1
v 2.217697858 3.041919708 0.228220686 1 1 1
v 2.215373039 3.178074359 0.232985019 1 1 1
v 2.237322568 2.936391830 0.161888256 1 1 1
v 2.195764303 3.292832851 0.169262006 1 1 1
v 2.147592067 3.356673240 0.132303908 1 1 1
v 2.229121446 3.332950830 0.06222165 1 1 1
v 2.229655981 3.333453178 -0.05704002 1 1 1
v 2.289055824 3.261700153 -0.13387834 1 1 1
v 2.342703580 3.193401813 -0.18129295 1 1 1
v 2.309553861 3.285777568 -0.05295363 1 1 1
v 2.343583345 3.065919876 -0.24165103 1 1 1
v 2.346369028 2.931516170 -0.219614 1 1 1
v 2.291005849 2.867556572 -0.11904249 1 1 1
v 2.368899583 2.826045513 -0.15473543 1 1 1
v 2.213300466 2.909260273 -0.05163737 1 1 1
v 2.278391361 2.853489637 -0.04659076 1 1 1
v 2.213521480 2.909444809 0.058459319 1 1 1
v 2.344281435 2.930481910 0.224911317 1 1 1
v 2.344795465 3.059831142 0.249388158 1 1 1
v 2.291083574 2.867648601 0.125582829 1 1 1
v 2.278547525 2.853741169 0.053691171 1 1 1
v 2.367389679 2.825353622 0.160001978 1 1 1
v 2.341916322 3.189511299 0.190309509 1 1 1
v 2.289366006 3.261644363 0.143814221 1 1 1
v 2.309659242 3.285413265 0.058873765 1 1 1
v 2.3822577 3.236316204 -0.06115036 1 1 1
v 2.380976915 3.234467029 0.065555878 1 1 1
v 2.427745103 3.153444290 -0.14136256 1 1 1
v 2.46905303 3.066794872 -0.16799484 1 1 1
v 2.453169822 3.181316852 -0.05520281 1 1 1
v 2.478428602 2.938771247 -0.21302024 1 1 1
v 2.479171276 2.815773963 -0.2162606 1 1 1
v 2.416571855 2.746970653 -0.12518173 1 1 1
v 2.493570089 2.694125652 -0.16323893 1 1 1
v 2.340182781 2.794590473 -0.05191752 1 1 1
v 2.400502443 2.730843544 -0.04780266 1 1 1
v 2.340295076 2.794768333 0.058942697 1 1 1
v 2.479823827 2.818406581 0.216333359 1 1 1
v 2.477362871 2.946969032 0.238128349 1 1 1
v 2.416100502 2.746476173 0.132334202 1 1 1
v 2.400295972 2.730659961 0.054995786 1 1 1
v 2.489480733 2.699481964 0.173507779 1 1 1
v 2.476682186 3.078526496 0.197733059 1 1 1
v 2.429094791 3.154618263 0.150455921 1 1 1
v 2.451192140 3.179461956 0.059176422 1 1 1
v 2.518797159 3.123827934 -0.05960542 1 1 1
v 2.517823457 3.122247219 0.068250067 1 1 1
v 2.556565046 3.035016298 -0.1452937 1 1 1
v 2.604742527 2.952241420 -0.18342665 1 1 1
v 2.583036899 3.064428329 -0.05387177 1 1 1
v 2.607757568 2.830180645 -0.2309137 1 1 1
v 2.607560396 2.701496124 -0.22589524 1 1 1
v 2.541892051 2.565394878 -0.12216102 1 1 1
v 2.620912551 2.568967819 -0.20993207 1 1 1
v 2.457267761 2.660785675 -0.0561592 1 1 1
v 2.517368078 2.568367719 -0.04036129 1 1 1
v 2.457045793 2.660572528 0.063084796 1 1 1
v 2.609941482 2.701727867 0.235154211 1 1 1
v 2.608915805 2.829064369 0.234429657 1 1 1
v 2.533720970 2.605212211 0.147171899 1 1 1
v 2.512598753 2.576469898 0.059559281 1 1 1
v 2.597760915 2.561290741 0.207273036 1 1 1
v 2.600329875 2.949549198 0.180990025 1 1 1
v 2.559633731 3.038258552 0.152691394 1 1 1
v 2.581378698 3.06310606 0.060825221 1 1 1
v 2.642791032 2.997106552 -0.06389127 1 1 1
v 2.640646934 2.995633125 0.064974322 1 1 1
v 2.676438808 2.910986900 -0.14124922 1 1 1
v 2.714176893 2.833870887 -0.16911526 1 1 1
v 2.701504230 2.926960945 -0.05323033 1 1 1
v 2.745170831 2.726192712 -0.20662056 1 1 1
v 2.747359991 2.590047836 -0.24542318 1 1 1
v 2.629229307 2.447489738 -0.1746826 1 1 1
v 2.745820045 2.459738254 -0.24868636 1 1 1
v 2.576474905 2.454266548 -0.06457629 1 1 1
v 2.552708864 2.506345987 -0.01847841 1 1 1
v 2.549870014 2.511518955 0.078238174 1 1 1
v 2.751156091 2.589573383 0.252806007 1 1 1
v 2.756363153 2.729681491 0.200175479 1 1 1
v 2.635200023 2.447402954 0.183927103 1 1 1
v 2.585682392 2.436085701 0.066844925 1 1 1
v 2.760497093 2.462082386 0.253014057 1 1 1
v 2.715541124 2.832877159 0.173418283 1 1 1
v 2.677007675 2.913403034 0.144479781 1 1 1
v 2.703499794 2.928393364 0.059554085 1 1 1
v 2.769400596 2.833022594 -0.06452954 1 1 1
v 2.758506298 2.850639820 0.066294878 1 1 1
v 2.812577247 2.727911472 -0.12778592 1 1 1
v 2.857409238 2.601805210 -0.16570564 1 1 1
v 2.879519701 2.477077007 -0.20408376 1 1 1
v 2.747977733 2.332118749 -0.22378325 1 1 1
v 2.883302450 2.350203037 -0.22987676 1 1 1
v 2.664732933 2.324416160 -0.15476345 1 1 1
v 2.627282857 2.325412988 -0.05735977 1 1 1
v 2.628348827 2.328055381 0.061059519 1 1 1
v 2.670501947 2.330504417 0.162415385 1 1 1
v 2.758990764 2.337212085 0.238091349 1 1 1
v 2.893099308 2.478553295 0.190861016 1 1 1
v 2.861506938 2.593356847 0.177757099 1 1 1
v 2.884686231 2.351475715 0.237808674 1 1 1
v 2.825724363 2.690762519 0.155171424 1 1 1
v 2.807195186 2.780975818 0.081167474 1 1 1
v 2.851402759 2.710292816 0.061451897 1 1 1
v 2.804796218 2.784545421 -0.02032319 1 1 1
v 2.846606731 2.717622280 -0.04166732 1 1 1
v 2.911783933 2.593137741 -0.0605171 1 1 1
v 2.941298723 2.476942062 -0.11196097 1 1 1
v 2.960488319 2.354612350 -0.14682217 1 1 1
v 2.879072189 2.220367908 -0.23324482 1 1 1
v 2.980125904 2.230136394 -0.16167364 1 1 1
v 2.753023862 2.204196929 -0.21171151 1 1 1
v 2.694591283 2.199443817 -0.1291507 1 1 1
v 2.667339325 2.200455665 -0.04690145 1 1 1
v 2.668734073 2.207149267 0.051933374 1 1 1
v 2.69637537 2.221569061 0.140580877 1 1 1
v 2.754003763 2.214229583 0.219626039 1 1 1
v 2.880785226 2.223371744 0.241282925 1 1 1
v 2.961593866 2.346247196 0.158359661 1 1 1
v 2.944233894 2.435800552 0.135576576 1 1 1
v 2.980265617 2.230186224 0.169291496 1 1 1
v 2.941121578 2.528145790 0.072725459 1 1 1
v 2.903573036 2.612774372 0.065118603 1 1 1
v 2.965690851 2.457243442 0.053970933 1 1 1
v 2.937725544 2.535256385 -0.01380718 1 1 1
v 2.962191820 2.466804504 -0.03450039 1 1 1
v 2.999851942 2.357680559 -0.05119235 1 1 1
v 3.028689622 2.233812809 -0.05671019 1 1 1
v 2.890464544 2.099454641 -0.23628376 1 1 1
v 3.002216577 2.106872081 -0.17364268 1 1 1
v 3.064435005 2.112141132 -0.06125021 1 1 1
v 2.768037557 2.085915327 -0.18847044 1 1 1
v 2.710928916 2.081393480 -0.10366626 1 1 1
v 2.697940111 2.094069957 -0.03093074 1 1 1
v 2.694179773 2.114507198 0.055426374 1 1 1
v 2.710189819 2.138958931 0.12742953 1 1 1
v 2.754473686 2.091352701 0.179297000 1 1 1
v 2.887714147 2.101593494 0.243379801 1 1 1
v 3.002394199 2.106859684 0.181106373 1 1 1
v 3.028862237 2.233854293 0.063959442 1 1 1
v 3.000013351 2.357734680 0.058479644 1 1 1
v 3.064589023 2.112147808 0.068429149 1 1 1
v 3.080551862 1.987186789 -0.06367399 1 1 1
v 3.019715547 1.983337640 -0.18261701 1 1 1
v 3.080613613 1.987180233 0.070820629 1 1 1
v 2.901070118 1.975401282 -0.24039181 1 1 1
v 2.780959844 1.966696381 -0.17874786 1 1 1
v 2.720282793 1.969124913 -0.0583814 1 1 1
v 2.710896015 2.021344661 -0.00929044 1 1 1
v 2.707911253 2.037488460 0.070983991 1 1 1
v 2.778247594 1.969306707 0.183636620 1 1 1
v 2.723158597 1.95213449 0.065353162 1 1 1
v 2.900580167 1.975393414 0.247472152 1 1 1
v 3.019773483 1.983319878 0.189857557 1 1 1
v 3.088258266 1.861844182 0.070320233 1 1 1
v 3.088265419 1.861847162 -0.06312837 1 1 1
v 3.02643466 1.858256578 0.189401999 1 1 1
v 3.026121377 1.858273983 -0.18184368 1 1 1
v 2.907995224 1.851836800 -0.24133165 1 1 1
v 2.787985324 1.845020651 -0.18065523 1 1 1
v 2.727672338 1.843534827 -0.06108123 1 1 1
v 2.727595806 1.843506336 0.068190582 1 1 1
v 2.788424253 1.845004200 0.187023282 1 1 1
v 2.908229827 1.851493358 0.248665094 1 1 1
v 3.030900478 1.732908487 0.186923787 1 1 1
v 3.088731050 1.735527753 0.069170147 1 1 1
v 2.914094924 1.727511882 0.245930105 1 1 1
v 3.088684320 1.735543966 -0.06201078 1 1 1
v 3.030576705 1.733234524 -0.18019931 1 1 1
v 2.914499282 1.727617621 -0.24290702 1 1 1
v 2.790275573 1.726915121 -0.18340902 1 1 1
v 2.726892232 1.722109198 -0.06809658 1 1 1
v 2.728341817 1.739718198 0.071693532 1 1 1
v 2.788793563 1.726046800 0.190017253 1 1 1
v 2.916666984 1.604617476 0.242710620 1 1 1
v 3.023048639 1.607950449 0.173713177 1 1 1
v 2.780002355 1.609121680 0.190068736 1 1 1
v 3.076328277 1.609204292 0.065489612 1 1 1
v 3.076290607 1.609218239 -0.05834085 1 1 1
v 3.022853374 1.607804298 -0.16683339 1 1 1
v 2.916529178 1.604125022 -0.23800628 1 1 1
v 2.794600725 1.603739380 -0.20408095 1 1 1
v 2.734186649 1.603872299 -0.11903736 1 1 1
v 2.716558933 1.595394134 -0.0413728 1 1 1
v 2.723158121 1.675047755 -0.02102945 1 1 1
v 2.722273349 1.662697076 0.079868249 1 1 1
v 2.737271070 1.560934782 0.138857796 1 1 1
v 2.713142633 1.582522273 0.058482375 1 1 1
v 2.795646429 1.478975772 0.236816659 1 1 1
v 2.931979179 1.477069854 0.238104134 1 1 1
v 2.729797840 1.465369820 0.151289284 1 1 1
v 3.013817310 1.489032983 0.160461574 1 1 1
v 3.055285453 1.482548952 0.061508085 1 1 1
v 3.055449962 1.483031392 -0.05372961 1 1 1
v 3.013083457 1.479820013 -0.15270816 1 1 1
v 2.933913230 1.475103974 -0.2375651 1 1 1
v 2.805213689 1.476355195 -0.23553874 1 1 1
v 2.725607156 1.474194884 -0.15377459 1 1 1
v 2.691930055 1.471721410 -0.05484179 1 1 1
v 2.694067239 1.471110582 0.059998858 1 1 1
v 2.708827257 1.349248528 0.174796387 1 1 1
v 2.663887739 1.354390859 0.064094573 1 1 1
v 2.819544076 1.350408554 0.246087655 1 1 1
v 2.964807510 1.344907045 0.198922947 1 1 1
v 3.011437892 1.391773104 0.143496975 1 1 1
v 3.037825107 1.372724175 0.060171376 1 1 1
v 3.035673141 1.363822341 -0.03900507 1 1 1
v 3.010566234 1.353558063 -0.12224871 1 1 1
v 2.950545549 1.347148060 -0.21389188 1 1 1
v 2.823123455 1.349468588 -0.25518069 1 1 1
v 2.705860137 1.349589109 -0.17570421 1 1 1
v 2.658985137 1.355573296 -0.05916576 1 1 1
v 2.634458541 1.261105060 0.067220628 1 1 1
v 2.634740352 1.260661363 -0.06031884 1 1 1
v 2.682759285 1.225325584 0.190319642 1 1 1
v 2.821782827 1.225185155 0.248064994 1 1 1
v 2.946232080 1.225833296 0.186152353 1 1 1
v 3.018861770 1.299291133 0.080833397 1 1 1
v 2.998453140 1.217873454 0.069979868 1 1 1
v 3.017780065 1.291774630 -0.01688347 1 1 1
v 3.006129741 1.236545324 -0.06633823 1 1 1
v 2.945241212 1.226230144 -0.18210211 1 1 1
v 2.828476429 1.224524021 -0.2553947 1 1 1
v 2.683756351 1.225136280 -0.18791762 1 1 1
v 2.611571788 1.185737252 -0.04899834 1 1 1
v 2.634561538 1.171805858 -0.13307709 1 1 1
v 2.610098123 1.186162591 0.056459065 1 1 1
v 2.633624076 1.171960234 0.139936462 1 1 1
v 2.708627939 1.098402261 0.233450457 1 1 1
v 2.840995788 1.097919583 0.239543899 1 1 1
v 2.615219593 1.087202787 0.164091408 1 1 1
v 2.921481847 1.113032817 0.158775672 1 1 1
v 2.963258981 1.111078739 0.061518169 1 1 1
v 2.966960191 1.109305858 -0.05679768 1 1 1
v 2.923928260 1.111886024 -0.1575965 1 1 1
v 2.838488578 1.098383188 -0.23254916 1 1 1
v 2.708195686 1.097368001 -0.22353752 1 1 1
v 2.616461992 1.086944699 -0.15523347 1 1 1
v 2.575283765 1.098875045 -0.05425006 1 1 1
v 2.574197292 1.099085807 0.061693642 1 1 1
v 2.577529430 0.975756466 0.193111941 1 1 1
v 2.531395435 1.011116147 0.068100355 1 1 1
v 2.716512918 0.974327206 0.236999332 1 1 1
v 2.847871065 0.975271225 0.180115312 1 1 1
v 2.905174970 1.029505729 0.138851940 1 1 1
v 2.928271055 1.017899274 0.056515347 1 1 1
v 2.926362752 1.018566846 -0.04981314 1 1 1
v 2.905167102 1.028655886 -0.13255124 1 1 1
v 2.846632957 0.975067079 -0.17363879 1 1 1
v 2.716174364 0.973462820 -0.22673534 1 1 1
v 2.579607725 0.975400686 -0.1840532 1 1 1
v 2.531917333 1.0110358 -0.06072661 1 1 1
v 2.491520166 0.937681138 0.057845529 1 1 1
v 2.491248846 0.937917351 -0.05086557 1 1 1
v 2.511672973 0.919713735 0.144821971 1 1 1
v 2.593524217 0.843229055 0.228006005 1 1 1
v 2.725329399 0.845491290 0.233641505 1 1 1
v 2.479331970 0.825878977 0.166824892 1 1 1
v 2.814045429 0.860542297 0.159227937 1 1 1
v 2.892246961 0.942599117 0.065600737 1 1 1
v 2.851195097 0.850334584 0.060264647 1 1 1
v 2.891098022 0.942478656 -0.05814524 1 1 1
v 2.721143245 0.847378253 -0.20997262 1 1 1
v 2.812687873 0.860344827 -0.14772913 1 1 1
v 2.853648901 0.848937988 -0.05409235 1 1 1
v 2.591170787 0.844732880 -0.22898473 1 1 1
v 2.478046417 0.827224195 -0.16549771 1 1 1
v 2.511733293 0.919708252 -0.1381005 1 1 1
v 2.443839788 0.856841206 -0.0549052 1 1 1
v 2.443997383 0.856424033 0.061444748 1 1 1
v 2.414593935 0.775740861 0.132392853 1 1 1
v 2.391914844 0.783103048 0.057085700 1 1 1
v 2.473853588 0.717544376 0.235580325 1 1 1
v 2.608494281 0.716771602 0.233502551 1 1 1
v 2.388040781 0.700192868 0.160466745 1 1 1
v 2.724807024 0.733861506 0.170700892 1 1 1
v 2.790159702 0.781099855 0.133805021 1 1 1
v 2.811320781 0.771639883 0.054279647 1 1 1
v 2.816604137 0.769288003 -0.0496055 1 1 1
v 2.788379192 0.781950891 -0.12612724 1 1 1
v 2.731235027 0.729497611 -0.16978841 1 1 1
v 2.609139919 0.715966999 -0.23121764 1 1 1
v 2.478405475 0.714565157 -0.23226508 1 1 1
v 2.384727716 0.703347623 -0.1639715 1 1 1
v 2.414198875 0.776847124 -0.12670568 1 1 1
v 2.392072916 0.783393740 -0.04980685 1 1 1
v 2.342749118 0.710883021 0.064493633 1 1 1
v 2.340807676 0.713317632 -0.05820277 1 1 1
v 2.343372106 0.601483643 0.210391163 1 1 1
v 2.289410352 0.647772491 0.077445365 1 1 1
v 2.490558385 0.587519049 0.235363349 1 1 1
v 2.624279975 0.587700903 0.187225654 1 1 1
v 2.692995071 0.641531527 0.142664432 1 1 1
v 2.766204834 0.699003696 0.061960693 1 1 1
v 2.718032598 0.620269715 0.058442991 1 1 1
v 2.770081996 0.696883678 -0.05884575 1 1 1
v 2.620990037 0.589804053 -0.17691089 1 1 1
v 2.693357944 0.641368925 -0.13719794 1 1 1
v 2.716074466 0.621947884 -0.05202412 1 1 1
v 2.495591163 0.583577394 -0.23886782 1 1 1
v 2.348836183 0.597266376 -0.2046648 1 1 1
v 2.287551164 0.650426685 -0.07216606 1 1 1
v 2.233903884 0.584831535 0.064772836 1 1 1
v 2.232368230 0.586839854 -0.0571761 1 1 1
v 2.248619318 0.544316351 0.161488503 1 1 1
v 2.375500440 0.455667495 0.243557646 1 1 1
v 2.510564327 0.452121198 0.192330837 1 1 1
v 2.244685888 0.452808916 0.226864159 1 1 1
v 2.590422391 0.497481852 0.152471080 1 1 1
v 2.667638301 0.549161076 0.066151335 1 1 1
v 2.613821268 0.476347267 0.060032401 1 1 1
v 2.666872263 0.549607574 -0.05896265 1 1 1
v 2.510515451 0.450582921 -0.18437697 1 1 1
v 2.58943367 0.497503072 -0.14518647 1 1 1
v 2.613682270 0.476309508 -0.05319512 1 1 1
v 2.378298759 0.452226966 -0.23464057 1 1 1
v 2.243015766 0.453665316 -0.22388732 1 1 1
v 2.249742507 0.544484794 -0.156069 1 1 1
v 2.173553943 0.523685634 -0.0484712 1 1 1
v 2.178182601 0.506907880 -0.12508242 1 1 1
v 2.174507379 0.523128569 0.055991329 1 1 1
v 2.179477930 0.505891323 0.131280258 1 1 1
v 2.137050390 0.435808777 0.166714355 1 1 1
v 2.259068965 0.319946438 0.233350783 1 1 1
v 2.392422676 0.319744288 0.194891244 1 1 1
v 2.131756067 0.322088152 0.238721504 1 1 1
v 2.472299814 0.367172777 0.152281820 1 1 1
v 2.557101488 0.409359127 0.067487113 1 1 1
v 2.498376131 0.345164626 0.060415249 1 1 1
v 2.557020902 0.409372359 -0.06009124 1 1 1
v 2.391645193 0.319773346 -0.18578814 1 1 1
v 2.472195148 0.367643177 -0.14432055 1 1 1
v 2.498375415 0.345227032 -0.05321066 1 1 1
v 2.260480880 0.321389883 -0.22689123 1 1 1
v 2.137267589 0.436983436 -0.16118039 1 1 1
v 2.131422281 0.323710411 -0.23569556 1 1 1
v 2.105685234 0.465869486 -0.0539052 1 1 1
v 2.106165170 0.465568006 0.060947991 1 1 1
v 2.051153421 0.392196387 0.141569286 1 1 1
v 2.033140182 0.408583551 0.057491019 1 1 1
v 2.001599788 0.321370512 0.191822215 1 1 1
v 2.150493860 0.185044765 0.237371593 1 1 1
v 2.262290477 0.199056386 0.175783842 1 1 1
v 2.015283823 0.187441602 0.241557613 1 1 1
v 2.346471071 0.244975045 0.146571233 1 1 1
v 2.436080932 0.280755251 0.067639872 1 1 1
v 2.370692491 0.223651781 0.059401895 1 1 1
v 2.436168432 0.280885338 -0.06050873 1 1 1
v 2.262179613 0.198268085 -0.17046396 1 1 1
v 2.347100734 0.244411021 -0.14041932 1 1 1
v 2.370029687 0.224598631 -0.05197316 1 1 1
v 2.147397041 0.188880190 -0.22554661 1 1 1
v 1.999277830 0.320431888 -0.18349198 1 1 1
v 2.050977706 0.391955941 -0.13482831 1 1 1
v 2.016560316 0.186362519 -0.22464743 1 1 1
v 2.032541990 0.409022420 -0.05036159 1 1 1
v 1.961188197 0.354206621 0.068478792 1 1 1
v 1.962903738 0.356966495 -0.05943685 1 1 1
v 1.913430690 0.272057265 0.155491277 1 1 1
v 1.885786294 0.296503692 0.067015469 1 1 1
v 1.871912837 0.201906397 0.208269596 1 1 1
v 2.039918184 0.047674313 0.193357378 1 1 1
v 2.144281148 0.091900020 0.160452142 1 1 1
v 1.902810692 0.059203945 0.234588652 1 1 1
v 2.219288826 0.131016984 0.136629909 1 1 1
v 2.301395654 0.163582339 0.064482562 1 1 1
v 2.229698419 0.107655927 0.053349591 1 1 1
v 2.301602602 0.162783801 -0.05784021 1 1 1
v 2.145386934 0.089748866 -0.15416811 1 1 1
v 2.219009161 0.131474778 -0.12845322 1 1 1
v 2.233461141 0.103321112 -0.04864907 1 1 1
v 2.038968563 0.058514915 -0.19903384 1 1 1
v 1.886677384 0.181953862 -0.2248483 1 1 1
v 1.897095561 0.263542145 -0.14164193 1 1 1
v 1.902989864 0.054982315 -0.22098045 1 1 1
v 1.882427215 0.293914854 -0.04869105 1 1 1
v 1.821394085 0.252445012 0.080013446 1 1 1
v 1.817787408 0.250898033 -0.04257593 1 1 1
v 1.768181800 0.162237346 0.178818285 1 1 1
v 1.744365453 0.203569501 0.070926427 1 1 1
v 1.778310418 0.051042277 0.249310076 1 1 1
v 1.912154555 -0.05606066 0.177510157 1 1 1
v 1.997048854 -0.01655938 0.142945870 1 1 1
v 1.807388782 -0.09359568 0.209463432 1 1 1
v 2.085646867 0.002930563 0.071711555 1 1 1
v 2.157340526 0.051549356 0.058552637 1 1 1
v 2.017759084 -0.0429112 0.056785356 1 1 1
v 2.142891168 0.035922016 -0.0561615 1 1 1
v 2.038510799 -0.00780838 -0.11613248 1 1 1
v 1.920592665 -0.05306467 -0.17249776 1 1 1
v 1.774194240 0.054401915 -0.23049748 1 1 1
v 1.769008040 0.173543229 -0.16044615 1 1 1
v 1.797604441 -0.07159161 -0.21714994 1 1 1
v 1.824877381 0.234962165 -0.12152816 1 1 1
v 1.745024919 0.20777753 -0.05305928 1 1 1
v 1.658238768 0.148427858 0.060498915 1 1 1
v 1.642927050 0.151098728 -0.03994161 1 1 1
v 1.677386760 0.124917440 0.150001838 1 1 1
v 1.641147613 0.055140588 0.195296064 1 1 1
v 1.663341164 -0.08836288 0.232123449 1 1 1
v 1.858615040 -0.14897597 0.083450086 1 1 1
v 1.933637619 -0.10104685 0.066479988 1 1 1
v 1.762022018 -0.16549565 0.150890380 1 1 1
v 1.791158556 -0.18959159 0.063611000 1 1 1
v 1.659475207 -0.20654124 0.169852182 1 1 1
v 2.025466680 -0.03810831 -0.03613763 1 1 1
v 2.090979576 0.003216266 -0.01180483 1 1 1
v 1.916906118 -0.11274446 -0.06668208 1 1 1
v 1.799914598 -0.1512361 -0.13338748 1 1 1
v 1.659421086 -0.08424067 -0.22660795 1 1 1
v 1.641699791 0.044234417 -0.21599463 1 1 1
v 1.667107582 -0.20304328 -0.16580513 1 1 1
v 1.642494082 0.115040712 -0.12401347 1 1 1
v 1.532543778 0.067089520 -0.06109894 1 1 1
v 1.583535432 0.106055386 -0.0186022 1 1 1
v 1.590238332 0.104195527 0.078327871 1 1 1
v 1.532636523 0.014512718 0.171917498 1 1 1
v 1.513507604 0.057074546 0.064395152 1 1 1
v 1.532562017 -0.08958612 0.234733447 1 1 1
v 1.547115564 -0.21705367 0.226455256 1 1 1
v 1.698668599 -0.24201244 0.064266406 1 1 1
v 1.614559054 -0.26881945 0.129049614 1 1 1
v 1.624025940 -0.28643247 0.053693883 1 1 1
v 1.542629480 -0.29644161 0.151716738 1 1 1
v 1.798363447 -0.18389736 -0.0446431 1 1 1
v 1.862614631 -0.1464797 -0.02236269 1 1 1
v 1.698933720 -0.24205999 -0.0577366 1 1 1
v 1.546471357 -0.21617126 -0.2247629 1 1 1
v 1.531881809 -0.0885619 -0.23878281 1 1 1
v 1.542002558 -0.29683143 -0.14990188 1 1 1
v 1.615272998 -0.26933059 -0.12339106 1 1 1
v 1.624497532 -0.28650025 -0.04681582 1 1 1
v 1.523009538 0.008795229 -0.16562749 1 1 1
v 1.411903023 0.004991021 -0.03792881 1 1 1
v 1.404189467 -0.02942302 -0.12595169 1 1 1
v 1.420369029 0.006754219 0.059950061 1 1 1
v 1.438216328 -0.01775438 0.150332585 1 1 1
v 1.396829605 -0.08013599 0.202479347 1 1 1
v 1.420608043 -0.22129744 0.234022364 1 1 1
v 1.437720418 -0.33625057 0.176669776 1 1 1
v 1.548345685 -0.33221507 0.059405390 1 1 1
v 1.451781749 -0.38493991 0.068169653 1 1 1
v 1.547795534 -0.3310906 -0.05255285 1 1 1
v 1.439910292 -0.33544788 -0.17369552 1 1 1
v 1.423099517 -0.22047257 -0.23830082 1 1 1
v 1.433526277 -0.39341158 -0.06626256 1 1 1
v 1.406255126 -0.10026959 -0.21456002 1 1 1
v 1.289017081 -0.06387377 -0.06314032 1 1 1
v 1.282437205 -0.12307452 -0.17378947 1 1 1
v 1.342877388 -0.03092073 -0.01606167 1 1 1
v 1.348998308 -0.03324521 0.080497004 1 1 1
v 1.291967630 -0.12469674 0.173030868 1 1 1
v 1.271797776 -0.07787367 0.065179176 1 1 1
v 1.296749830 -0.23039977 0.244544163 1 1 1
v 1.323848009 -0.37387115 0.202573627 1 1 1
v 1.376219391 -0.42512947 0.081810951 1 1 1
v 1.380961179 -0.42152855 -0.02058366 1 1 1
v 1.322767138 -0.42730185 -0.12700683 1 1 1
v 1.320486784 -0.36514598 -0.21266468 1 1 1
v 1.312815070 -0.45858538 -0.04258926 1 1 1
v 1.296447992 -0.22938879 -0.24236514 1 1 1
v 1.160354852 -0.2282453 -0.20674662 1 1 1
v 1.158375501 -0.16108814 -0.12544326 1 1 1
v 1.170626997 -0.13457352 -0.04092837 1 1 1
v 1.178790330 -0.12957242 0.060970682 1 1 1
v 1.197957396 -0.15399472 0.149259433 1 1 1
v 1.156828641 -0.2157646 0.201366439 1 1 1
v 1.184824585 -0.35742578 0.232067987 1 1 1
v 1.282639503 -0.43305889 0.149192318 1 1 1
v 1.304513216 -0.46250445 0.061310630 1 1 1
v 1.191007971 -0.47190717 0.175673171 1 1 1
v 1.191487431 -0.52427149 -0.06340024 1 1 1
v 1.199768304 -0.47029233 -0.16645212 1 1 1
v 1.210688710 -0.51553816 0.066327370 1 1 1
v 1.185144305 -0.35904485 -0.22425546 1 1 1
v 1.060156941 -0.36654046 -0.24125992 1 1 1
v 1.044854998 -0.25236791 -0.17035611 1 1 1
v 1.049103140 -0.19536677 -0.06387638 1 1 1
v 1.102455377 -0.16871141 -0.01803307 1 1 1
v 1.107524871 -0.16620763 0.080300405 1 1 1
v 1.044965982 -0.25125816 0.178122371 1 1 1
v 1.030957818 -0.20441718 0.067329332 1 1 1
v 1.059831142 -0.36561248 0.248559787 1 1 1
v 1.084047555 -0.50937724 0.203968554 1 1 1
v 1.130495548 -0.55825603 0.076932169 1 1 1
v 1.135213732 -0.55413592 -0.01657566 1 1 1
v 1.079510331 -0.56273454 -0.12203723 1 1 1
v 1.078804850 -0.49165577 -0.21054947 1 1 1
v 1.069636821 -0.58885282 -0.03849496 1 1 1
v 0.933542192 -0.36998275 -0.21805766 1 1 1
v 0.936673045 -0.28996044 -0.14579253 1 1 1
v 0.946266472 -0.49907741 -0.22168197 1 1 1
v 0.931873977 -0.25473559 -0.05202661 1 1 1
v 0.932015657 -0.2550303 0.059516135 1 1 1
v 0.936418712 -0.28966314 0.153584241 1 1 1
v 0.933393597 -0.36884743 0.227434173 1 1 1
v 0.945949792 -0.49828565 0.228692337 1 1 1
v 1.039159536 -0.56814039 0.146499410 1 1 1
v 1.061648845 -0.59321874 0.057922828 1 1 1
v 0.947484254 -0.59964156 0.169301673 1 1 1
v 0.967498421 -0.63950855 -0.0561141 1 1 1
v 0.955417275 -0.59591496 -0.15633142 1 1 1
v 0.967121839 -0.63968492 0.063510417 1 1 1
v 0.821385324 -0.50447661 -0.22911154 1 1 1
v 0.815194726 -0.37908477 -0.1644288 1 1 1
v 0.835985779 -0.64274853 -0.18457508 1 1 1
v 0.862799644 -0.31610483 -0.12427676 1 1 1
v 0.851946890 -0.29729459 -0.04712066 1 1 1
v 0.851846396 -0.29751167 0.054321557 1 1 1
v 0.862296223 -0.31570762 0.132356420 1 1 1
v 0.814056694 -0.37723175 0.174822434 1 1 1
v 0.819996178 -0.50456023 0.238602280 1 1 1
v 0.835310220 -0.64305699 0.189463049 1 1 1
v 0.877890527 -0.6882382 0.068711750 1 1 1
v 0.877029120 -0.68559366 -0.0608712 1 1 1
v 0.708129584 -0.64300293 -0.23095694 1 1 1
v 0.692949771 -0.51058483 -0.22489381 1 1 1
v 0.705659866 -0.73562616 -0.15579763 1 1 1
v 0.791508793 -0.70516986 -0.13651434 1 1 1
v 0.809710145 -0.73216039 -0.05161697 1 1 1
v 0.697716414 -0.42188451 -0.15095842 1 1 1
v 0.780217766 -0.33696371 -0.05629376 1 1 1
v 0.684087991 -0.3871876 -0.0530307 1 1 1
v 0.780047833 -0.33679676 0.063876070 1 1 1
v 0.697593510 -0.4224017 0.158471539 1 1 1
v 0.683434784 -0.38622981 0.060419645 1 1 1
v 0.69337672 -0.51229829 0.232729941 1 1 1
v 0.709339916 -0.64740688 0.239253804 1 1 1
v 0.789587974 -0.70418018 0.142852976 1 1 1
v 0.806078076 -0.72638464 0.056424357 1 1 1
v 0.706155061 -0.73636419 0.163562133 1 1 1
v 0.722181379 -0.7770946 -0.05562425 1 1 1
v 0.719924330 -0.77321059 0.062440257 1 1 1
v 0.589808404 -0.77597266 -0.17601027 1 1 1
v 0.578218221 -0.64547998 -0.24261416 1 1 1
v 0.628501355 -0.82164288 -0.05825227 1 1 1
v 0.565460681 -0.50463527 -0.18372941 1 1 1
v 0.616054952 -0.45010293 -0.12995088 1 1 1
v 0.601014077 -0.4288139 -0.04851056 1 1 1
v 0.600656986 -0.4283601 0.055767264 1 1 1
v 0.615410089 -0.44959012 0.136988326 1 1 1
v 0.565453410 -0.50577813 0.189213186 1 1 1
v 0.579683065 -0.64716589 0.241311460 1 1 1
v 0.590092301 -0.77756631 0.186794504 1 1 1
v 0.627611994 -0.81954235 0.066061399 1 1 1
v 0.555840373 -0.85652983 -0.0485057 1 1 1
v 0.541604995 -0.83592033 -0.12956619 1 1 1
v 0.555573463 -0.85645032 0.055897526 1 1 1
v 0.464564681 -0.76966542 -0.22902474 1 1 1
v 0.448058128 -0.64092231 -0.23652551 1 1 1
v 0.462736517 -0.86527163 -0.15497965 1 1 1
v 0.450755447 -0.54721195 -0.16131438 1 1 1
v 0.527466476 -0.46125165 -0.06055495 1 1 1
v 0.436462342 -0.51162761 -0.05596236 1 1 1
v 0.528531909 -0.46404836 0.066324926 1 1 1
v 0.454050779 -0.55556393 0.163308754 1 1 1
v 0.437054872 -0.5120759 0.061833225 1 1 1
v 0.450293123 -0.64759719 0.240987211 1 1 1
v 0.465017736 -0.77422357 0.237489506 1 1 1
v 0.541700542 -0.83587945 0.136883378 1 1 1
v 0.460615366 -0.86232984 0.160544633 1 1 1
v 0.475873380 -0.90138978 0.060735829 1 1 1
v 0.476662784 -0.9037599 -0.05472453 1 1 1
v 0.350153952 -0.91590905 -0.18212064 1 1 1
v 0.337910234 -0.78040564 -0.24238196 1 1 1
v 0.384458094 -0.95384854 -0.05952181 1 1 1
v 0.321552336 -0.6418339 -0.18243083 1 1 1
v 0.367289394 -0.58160681 -0.13464078 1 1 1
v 0.349691510 -0.55553645 -0.05090734 1 1 1
v 0.35098961 -0.55772334 0.057185780 1 1 1
v 0.368875175 -0.58275527 0.140748515 1 1 1
v 0.321978449 -0.64436215 0.189529687 1 1 1
v 0.336173564 -0.77753437 0.241409987 1 1 1
v 0.346123874 -0.90802824 0.177889630 1 1 1
v 0.383193761 -0.9510836 0.064604237 1 1 1
v 0.314030408 -0.99535692 -0.04836783 1 1 1
v 0.298731952 -0.97026742 -0.1243526 1 1 1
v 0.313794374 -0.99189997 0.055313669 1 1 1
v 0.226680859 -0.91402853 -0.21325016 1 1 1
v 0.213340923 -0.78949201 -0.2210611 1 1 1
v 0.225326612 -0.99035144 -0.14498459 1 1 1
v 0.201211795 -0.69034541 -0.15413941 1 1 1
v 0.280247658 -0.59935343 -0.05962121 1 1 1
v 0.188657596 -0.64364433 -0.05498803 1 1 1
v 0.280061245 -0.59794503 0.066929526 1 1 1
v 0.200914531 -0.68602538 0.162582323 1 1 1
v 0.189450278 -0.64531118 0.062004942 1 1 1
v 0.211014628 -0.78432328 0.227927520 1 1 1
v 0.226547405 -0.91050643 0.216477990 1 1 1
v 0.299842387 -0.97102016 0.132649511 1 1 1
v 0.229927942 -0.99684119 0.154382273 1 1 1
v 0.237382739 -1.03337097 0.056683886 1 1 1
v 0.237575754 -1.0350343 -0.04848086 1 1 1
v 0.117103338 -1.02454078 -0.16049473 1 1 1
v 0.100968591 -0.91189736 -0.20139173 1 1 1
v 0.121532283 -1.07056367 -0.05495598 1 1 1
v 0.087910659 -0.79457456 -0.20232004 1 1 1
v 0.083617039 -0.73494583 -0.12392561 1 1 1
v 0.079085603 -0.69941336 -0.04292955 1 1 1
v 0.080652102 -0.70463932 0.050103530 1 1 1
v 0.081341452 -0.72842193 0.129485622 1 1 1
v 0.083292745 -0.79135412 0.196095183 1 1 1
v 0.102856017 -0.91356188 0.213344380 1 1 1
v 0.120368897 -1.03006327 0.172434404 1 1 1
v 0.121518217 -1.07057953 0.063511304 1 1 1
v -0.01007394 -1.10078204 -0.05997125 1 1 1
v -0.01614334 -1.04173839 -0.17091872 1 1 1
v -0.01305968 -1.10254228 0.068991474 1 1 1
v -0.02290387 -0.92471278 -0.22210638 1 1 1
v -0.02790483 -0.8064025 -0.18743145 1 1 1
v -0.0387322 -0.75241184 -0.11117768 1 1 1
v -0.04206511 -0.72161877 -0.04029836 1 1 1
v -0.04319994 -0.72679609 0.046462420 1 1 1
v -0.03793414 -0.74785966 0.120872780 1 1 1
v -0.03137857 -0.80558586 0.184636488 1 1 1
v -0.02197099 -0.92514122 0.232275918 1 1 1
v -0.01371712 -1.0517087 0.187810853 1 1 1
v -0.14209171 -1.08401453 0.063023135 1 1 1
v -0.12995277 -1.05677927 -0.0510748 1 1 1
v -0.13959104 -1.03381467 0.164596766 1 1 1
v -0.13661861 -1.0338881 -0.15935123 1 1 1
v -0.14611731 -0.93160146 -0.18845995 1 1 1
v -0.14971957 -0.80054182 -0.22093946 1 1 1
v -0.15541184 -0.70898151 -0.15045798 1 1 1
v -0.16794318 -0.65368062 -0.05562613 1 1 1
v -0.14982313 -0.66655612 0.058424230 1 1 1
v -0.15610677 -0.70829874 0.158786907 1 1 1
v -0.15144549 -0.79987681 0.236339852 1 1 1
v -0.14919852 -0.92900759 0.202544659 1 1 1
v -0.22284594 -1.01033616 0.139842316 1 1 1
v -0.23422998 -1.03509295 0.056712973 1 1 1
v -0.27601108 -0.95114636 0.183963552 1 1 1
v -0.23326519 -1.03725827 -0.05011019 1 1 1
v -0.21939701 -1.00691617 -0.12863243 1 1 1
v -0.27726826 -0.95261347 -0.1754085 1 1 1
v -0.27567011 -0.80993223 -0.2435426 1 1 1
v -0.27312201 -0.68290889 -0.20233263 1 1 1
v -0.28605783 -0.62195909 -0.1201735 1 1 1
v -0.29279402 -0.59300745 -0.03575561 1 1 1
v -0.22689287 -0.62465054 -0.01262182 1 1 1
v -0.23058018 -0.62365067 0.073806539 1 1 1
v -0.27080938 -0.67423058 0.195179373 1 1 1
v -0.2811684 -0.81602168 0.240260630 1 1 1
v -0.37158623 -0.91413248 0.153366446 1 1 1
v -0.39608225 -0.94297886 0.065327845 1 1 1
v -0.31326205 -0.99180859 0.066993154 1 1 1
v -0.41925856 -0.84445691 0.204285785 1 1 1
v -0.31123134 -0.99710608 -0.05851674 1 1 1
v -0.39118311 -0.91429859 -0.14702781 1 1 1
v -0.40824473 -0.82541043 -0.22545549 1 1 1
v -0.40277487 -0.94611853 -0.05093204 1 1 1
v -0.41032907 -0.69421309 -0.23068452 1 1 1
v -0.41544089 -0.57671767 -0.17258051 1 1 1
v -0.38822764 -0.53994787 -0.0608605 1 1 1
v -0.2986632 -0.58555424 0.057207312 1 1 1
v -0.38738534 -0.53986782 0.061336077 1 1 1
v -0.32472092 -0.61152953 0.144871026 1 1 1
v -0.41003463 -0.69897443 0.234657719 1 1 1
v -0.42553774 -0.57990992 0.171185568 1 1 1
v -0.52820444 -0.81561834 0.173728793 1 1 1
v -0.54477447 -0.86160988 0.069984018 1 1 1
v -0.46616986 -0.90348411 0.078499294 1 1 1
v -0.53788924 -0.71118987 0.232198834 1 1 1
v -0.4722988 -0.90726751 -0.04388787 1 1 1
v -0.46570843 -0.88791782 -0.12173864 1 1 1
v -0.51566172 -0.8267864 -0.16243277 1 1 1
v -0.53518599 -0.71237284 -0.23031789 1 1 1
v -0.5363915 -0.58294117 -0.22954051 1 1 1
v -0.54921228 -0.49409485 -0.1539984 1 1 1
v -0.47623676 -0.52030569 -0.1324627 1 1 1
v -0.46282583 -0.49281263 -0.0495281 1 1 1
v -0.46427822 -0.49532804 0.054532915 1 1 1
v -0.4746139 -0.51830131 0.132404416 1 1 1
v -0.53843814 -0.58162695 0.228574544 1 1 1
v -0.55201113 -0.49329308 0.156573534 1 1 1
v -0.66967624 -0.73122025 0.195504367 1 1 1
v -0.66583765 -0.59427053 0.240591317 1 1 1
v -0.61525112 -0.79207188 0.146339714 1 1 1
v -0.62900174 -0.81903374 0.060399312 1 1 1
v -0.6319927 -0.81995112 -0.05092354 1 1 1
v -0.54228443 -0.86304879 -0.05187896 1 1 1
v -0.6093961 -0.79089516 -0.13694513 1 1 1
v -0.66755706 -0.72626883 -0.19130197 1 1 1
v -0.66357356 -0.59156024 -0.24975888 1 1 1
v -0.66518277 -0.45831138 -0.18106042 1 1 1
v -0.54117715 -0.45531949 -0.05434851 1 1 1
v -0.63211697 -0.41426879 -0.05901472 1 1 1
v -0.54205728 -0.45741799 0.059707928 1 1 1
v -0.66384137 -0.45840698 0.185877263 1 1 1
v -0.63125986 -0.41302282 0.065822184 1 1 1
v -0.79393852 -0.61158526 0.241554886 1 1 1
v -0.79241234 -0.47700468 0.236282512 1 1 1
v -0.77837306 -0.69384474 0.158933520 1 1 1
v -0.78997356 -0.73425597 0.060626927 1 1 1
v -0.70624703 -0.77998406 0.068747557 1 1 1
v -0.70832074 -0.78356075 -0.0644659 1 1 1
v -0.77992088 -0.69510347 -0.16010794 1 1 1
v -0.79291886 -0.60536623 -0.2362859 1 1 1
v -0.79185224 -0.73807621 -0.05599489 1 1 1
v -0.79285091 -0.47661629 -0.22630987 1 1 1
v -0.80645752 -0.3781932 -0.15834266 1 1 1
v -0.72031707 -0.39918229 -0.13427828 1 1 1
v -0.71050733 -0.37324277 -0.04876441 1 1 1
v -0.71007121 -0.37261242 0.055997163 1 1 1
v -0.71998245 -0.39884526 0.141177400 1 1 1
v -0.80585277 -0.37619206 0.168140128 1 1 1
v -0.92101026 -0.48830524 0.232607692 1 1 1
v -0.91192454 -0.33855182 0.203973919 1 1 1
v -0.9097383 -0.61158895 0.176741302 1 1 1
v -0.85792744 -0.67088211 0.136979863 1 1 1
v -0.86882621 -0.69453239 0.056100167 1 1 1
v -0.86819655 -0.69254649 -0.04920854 1 1 1
v -0.85940111 -0.67138797 -0.13127182 1 1 1
v -0.91680449 -0.60889423 -0.16801007 1 1 1
v -0.92178875 -0.48934117 -0.22448936 1 1 1
v -0.91640967 -0.35897917 -0.20818904 1 1 1
v -0.81186038 -0.31965008 -0.05812164 1 1 1
v -0.922885 -0.28295863 -0.12039294 1 1 1
v -0.79369074 -0.32950628 0.061267592 1 1 1
v -0.86952269 -0.28793642 0.077212132 1 1 1
v -0.93835759 -0.25177851 0.057815227 1 1 1
v -0.96225995 -0.2736547 0.150325194 1 1 1
v -1.05246806 -0.36083326 0.248018309 1 1 1
v -1.06277573 -0.23890316 0.174140721 1 1 1
v -1.06307757 -0.51242495 0.210016429 1 1 1
v -1.01050293 -0.57899356 0.153281390 1 1 1
v -1.03734028 -0.60546923 0.063016519 1 1 1
v -0.94648349 -0.64974409 0.065763548 1 1 1
v -0.94708765 -0.64951098 -0.05885473 1 1 1
v -1.05077004 -0.57137585 -0.12877996 1 1 1
v -1.05979359 -0.49394318 -0.21638507 1 1 1
v -1.04536438 -0.60141206 -0.04437581 1 1 1
v -1.05211437 -0.36067039 -0.24043195 1 1 1
v -1.0570128 -0.24146657 -0.16081354 1 1 1
v -1.0295949 -0.20511428 -0.05421571 1 1 1
v -0.93059695 -0.25544742 -0.03668857 1 1 1
v -0.86546898 -0.2897779 -0.0142467 1 1 1
v -1.02913821 -0.20532596 0.061677645 1 1 1
v -1.10834968 -0.16579966 0.054458711 1 1 1
v -1.114923 -0.18356571 0.132859647 1 1 1
v -1.1745075 -0.24568856 0.240663841 1 1 1
v -1.19214654 -0.16214889 0.154775470 1 1 1
v -1.17678106 -0.37077662 0.231147259 1 1 1
v -1.17075109 -0.48554134 0.177459672 1 1 1
v -1.18206263 -0.5317179 0.067349836 1 1 1
v -1.10597003 -0.57081181 0.082471184 1 1 1
v -1.10914755 -0.56788474 -0.02192456 1 1 1
v -1.1632973 -0.53906268 -0.06669264 1 1 1
v -1.17225194 -0.4870238 -0.17282505 1 1 1
v -1.1770792 -0.37135109 -0.22392711 1 1 1
v -1.17334437 -0.23466246 -0.22544046 1 1 1
v -1.19211805 -0.16272357 -0.15109447 1 1 1
v -1.11641037 -0.18525884 -0.12445786 1 1 1
v -1.10860658 -0.1656049 -0.047235 1 1 1
v -1.18289912 -0.12651025 0.059788338 1 1 1
v -1.18374598 -0.12799644 -0.05327572 1 1 1
v -1.30553162 -0.1294339 0.183313682 1 1 1
v -1.26740468 -0.08020211 0.065806180 1 1 1
v -1.30338407 -0.25650784 0.238484650 1 1 1
v -1.30652857 -0.3928788 0.187921360 1 1 1
v -1.25235665 -0.45472768 0.143103644 1 1 1
v -1.26546395 -0.48428479 0.059002418 1 1 1
v -1.26581264 -0.4847241 -0.05230062 1 1 1
v -1.25249314 -0.45477644 -0.13628718 1 1 1
v -1.3074398 -0.39280382 -0.18280351 1 1 1
v -1.30362022 -0.25438267 -0.23530585 1 1 1
v -1.30180013 -0.12390449 -0.18970539 1 1 1
v -1.26568115 -0.07668693 -0.06506001 1 1 1
v -1.34238887 -0.03021005 -0.05364514 1 1 1
v -1.34367096 -0.03364233 0.059926513 1 1 1
v -1.35451448 -0.05891046 0.145904958 1 1 1
v -1.43286705 -0.13735458 0.240035682 1 1 1
v -1.44131625 -0.03288991 0.174399837 1 1 1
v -1.43201685 -0.26447263 0.222075045 1 1 1
v -1.41847181 -0.35808831 0.158656969 1 1 1
v -1.42883122 -0.39738786 0.060359291 1 1 1
v -1.34313154 -0.4422417 0.066875636 1 1 1
v -1.34307539 -0.44225425 -0.05998795 1 1 1
v -1.41850162 -0.357252 -0.15418215 1 1 1
v -1.4323287 -0.26508048 -0.22249886 1 1 1
v -1.42836857 -0.39637589 -0.05333407 1 1 1
v -1.43187606 -0.13802835 -0.24131723 1 1 1
v -1.44101334 -0.03771567 -0.16786224 1 1 1
v -1.3569293 -0.06197662 -0.14144681 1 1 1
v -1.44651997 0.022848257 -0.06636709 1 1 1
v -1.42930543 0.011426250 0.067423686 1 1 1
v -1.54724455 -0.00450153 0.204365089 1 1 1
v -1.50415671 0.051996976 0.083678692 1 1 1
v -1.55884075 -0.15094247 0.236814409 1 1 1
v -1.54844475 -0.27522853 0.177661284 1 1 1
v -1.49599624 -0.3340089 0.133775249 1 1 1
v -1.50491202 -0.35584125 0.055075392 1 1 1
v -1.50432467 -0.3548978 -0.04804772 1 1 1
v -1.49611974 -0.3338232 -0.1277864 1 1 1
v -1.55028915 -0.27569762 -0.17520717 1 1 1
v -1.55886722 -0.15350729 -0.23704645 1 1 1
v -1.54924476 -0.01685601 -0.21668027 1 1 1
v -1.55753458 0.054872021 -0.13764356 1 1 1
v -1.56169701 0.086377896 -0.04524208 1 1 1
v -1.50091457 0.050748974 -0.02132736 1 1 1
v -1.56734633 0.092899493 0.064909949 1 1 1
v -1.59544611 0.065888822 0.157491996 1 1 1
v -1.68639076 -0.03122916 0.241374239 1 1 1
v -1.69387066 0.094780802 0.183277159 1 1 1
v -1.6939826 -0.17115624 0.192934915 1 1 1
v -1.63874567 -0.23733734 0.144004955 1 1 1
v -1.66122293 -0.26375341 0.058456596 1 1 1
v -1.58059192 -0.31294492 0.063560679 1 1 1
v -1.58026004 -0.31212837 -0.05703853 1 1 1
v -1.63878858 -0.23751567 -0.13811019 1 1 1
v -1.6964035 -0.17097051 -0.18977101 1 1 1
v -1.6614269 -0.2642183 -0.05166684 1 1 1
v -1.68845427 -0.02897507 -0.24172856 1 1 1
v -1.68392467 0.099147282 -0.18798521 1 1 1
v -1.6494422 0.143078520 -0.06773534 1 1 1
v -1.64949834 0.141240462 0.067312516 1 1 1
v -1.72375405 0.192403942 0.058465343 1 1 1
v -1.742836 0.170382186 0.144869327 1 1 1
v -1.82068479 0.089353181 0.234270855 1 1 1
v -1.83566988 0.205481469 0.176525235 1 1 1
v -1.81621158 -0.03852834 0.217335268 1 1 1
v -1.8050034 -0.13533226 0.159696534 1 1 1
v -1.81584787 -0.17504461 0.060712307 1 1 1
v -1.73401833 -0.22203168 0.068022362 1 1 1
v -1.73355114 -0.22159797 -0.06129842 1 1 1
v -1.80472195 -0.13460992 -0.15643503 1 1 1
v -1.81821764 -0.04112378 -0.21829145 1 1 1
v -1.8152293 -0.17386954 -0.05377605 1 1 1
v -1.81943321 0.082338526 -0.21138386 1 1 1
v -1.83406234 0.204597055 -0.16851093 1 1 1
v -1.74581599 0.168990805 -0.14228177 1 1 1
v -1.72272682 0.194715619 -0.05230272 1 1 1
v -1.80370343 0.241068273 0.062423531 1 1 1
v -1.80314982 0.242539539 -0.05495268 1 1 1
v -1.87841642 0.290733963 0.056786820 1 1 1
v -1.88573587 0.267385661 0.132356256 1 1 1
v -1.94945157 0.200581133 0.243111744 1 1 1
v -1.95867276 0.298041492 0.174012288 1 1 1
v -1.95005858 0.069391623 0.239044427 1 1 1
v -1.93132651 -0.04434479 0.172205418 1 1 1
v -1.8802793 -0.10801288 0.132561743 1 1 1
v -1.88950539 -0.13018858 0.054916955 1 1 1
v -1.88966203 -0.13018917 -0.04807634 1 1 1
v -1.88117421 -0.10877847 -0.12712212 1 1 1
v -1.93179369 -0.04513993 -0.1696009 1 1 1
v -1.94832325 0.065929003 -0.23074993 1 1 1
v -1.94917762 0.200040191 -0.23165162 1 1 1
v -1.95915616 0.297361761 -0.16839762 1 1 1
v -1.88551724 0.267795026 -0.12529674 1 1 1
v -1.87843311 0.290785968 -0.0496949 1 1 1
v -1.94755352 0.343804895 0.065446287 1 1 1
v -1.966344 0.359657347 -0.06406155 1 1 1
v -2.05909848 0.334920436 0.213817641 1 1 1
v -2.0171001 0.396320968 0.087155066 1 1 1
v -2.0754323 0.186889097 0.245065063 1 1 1
v -2.07143831 0.060424674 0.186670675 1 1 1
v -2.01779556 -0.00705566 0.140039026 1 1 1
v -2.03724861 -0.03062142 0.057728733 1 1 1
v -1.96189868 -0.08149191 0.062377337 1 1 1
v -1.96207106 -0.08147929 -0.05562232 1 1 1
v -2.01755309 -0.00703479 -0.13246399 1 1 1
v -2.07130051 0.060806639 -0.17821345 1 1 1
v -2.03726101 -0.03068031 -0.05016594 1 1 1
v -2.07722926 0.190113782 -0.22738472 1 1 1
v -2.06839561 0.318556696 -0.21419978 1 1 1
v -2.09550166 0.427798867 -0.12501922 1 1 1
v -2.07988906 0.444360137 -0.03554247 1 1 1
v -2.01757383 0.397566437 -0.02315505 1 1 1
v -2.0837574 0.446689844 0.065833993 1 1 1
v -2.11172104 0.413290202 0.165217250 1 1 1
v -2.20445347 0.309026747 0.233971953 1 1 1
v -2.20013809 0.452189564 0.198211312 1 1 1
v -2.20498776 0.175919085 0.189655065 1 1 1
v -2.1608007 0.096989512 0.151791110 1 1 1
v -2.18405175 0.071581192 0.059289667 1 1 1
v -2.1091094 0.018842052 0.065777890 1 1 1
v -2.11082506 0.015700334 -0.05945408 1 1 1
v -2.15928245 0.098036326 -0.14874949 1 1 1
v -2.20849705 0.171763777 -0.194076 1 1 1
v -2.18749332 0.066034577 -0.05462568 1 1 1
v -2.20276737 0.309067279 -0.2299867 1 1 1
v -2.20309544 0.442618936 -0.207202 1 1 1
v -2.25125742 0.549642384 -0.15401202 1 1 1
v -2.18948174 0.537547648 -0.05922389 1 1 1
v -2.14650488 0.500570714 -0.0213397 1 1 1
v -2.14818716 0.500673830 0.079942800 1 1 1
v -2.21152711 0.560991346 0.059893492 1 1 1
v -2.25156522 0.548825502 0.161486297 1 1 1
v -2.34222245 0.420998513 0.236708164 1 1 1
v -2.34667993 0.551178097 0.229334816 1 1 1
v -2.34430552 0.284480422 0.196980863 1 1 1
v -2.29426599 0.208041504 0.154945805 1 1 1
v -2.32136345 0.178432747 0.061989512 1 1 1
v -2.25049686 0.126324445 0.067634999 1 1 1
v -2.25147533 0.125647902 -0.06780825 1 1 1
v -2.29354906 0.210528805 -0.15295228 1 1 1
v -2.34340286 0.284292578 -0.19016528 1 1 1
v -2.31922221 0.180825859 -0.05444695 1 1 1
v -2.34212279 0.422040820 -0.22478345 1 1 1
v -2.34469485 0.550323426 -0.21657686 1 1 1
v -2.35558176 0.662037432 -0.16053891 1 1 1
v -2.2877481 0.618146598 -0.12211248 1 1 1
v -2.26670957 0.626095533 -0.04817835 1 1 1
v -2.26940155 0.623403787 0.053905546 1 1 1
v -2.28923321 0.617004990 0.129317343 1 1 1
v -2.35930419 0.660875678 0.171032071 1 1 1
v -2.47853279 0.537944972 0.236744925 1 1 1
v -2.47101545 0.669617712 0.249896884 1 1 1
v -2.47245979 0.406903743 0.189155712 1 1 1
v -2.42891502 0.321324229 0.154477328 1 1 1
v -2.45139718 0.295550644 0.060585469 1 1 1
v -2.38572407 0.236775383 0.068867519 1 1 1
v -2.38554478 0.237898811 -0.06141566 1 1 1
v -2.42833138 0.322011202 -0.14613079 1 1 1
v -2.47116542 0.405859291 -0.18312696 1 1 1
v -2.45139289 0.295566409 -0.05342111 1 1 1
v -2.46969819 0.537722289 -0.23609135 1 1 1
v -2.46427822 0.668790161 -0.2374129 1 1 1
v -2.473171 0.796402275 -0.18058109 1 1 1
v -2.3997643 0.750380098 -0.13535582 1 1 1
v -2.32219601 0.696688354 -0.05514363 1 1 1
v -2.38060355 0.770694673 -0.05153645 1 1 1
v -2.32602596 0.692546665 0.060759007 1 1 1
v -2.38224602 0.768428802 0.057336680 1 1 1
v -2.40012884 0.748866319 0.141383051 1 1 1
v -2.47563863 0.796149373 0.186305642 1 1 1
v -2.60007954 0.655673444 0.227640137 1 1 1
v -2.60466433 0.781372845 0.240657955 1 1 1
v -2.59940219 0.535381257 0.182045698 1 1 1
v -2.55104685 0.449392646 0.147081166 1 1 1
v -2.57117796 0.425990402 0.059263955 1 1 1
v -2.51296711 0.360566377 0.066966377 1 1 1
v -2.51289153 0.360571712 -0.05974864 1 1 1
v -2.55112815 0.449668556 -0.13944414 1 1 1
v -2.59705472 0.536687612 -0.17252626 1 1 1
v -2.57133675 0.426279097 -0.0521901 1 1 1
v -2.59684706 0.655816376 -0.22231513 1 1 1
v -2.60614395 0.780195891 -0.24260893 1 1 1
v -2.60892701 0.907403111 -0.22422014 1 1 1
v -2.51542425 0.908495187 -0.15723023 1 1 1
v -2.43200612 0.836621046 -0.05912508 1 1 1
v -2.48194742 0.922030866 -0.05421505 1 1 1
v -2.43203306 0.835931539 0.065837308 1 1 1
v -2.4822464 0.921806871 0.061231825 1 1 1
v -2.51517177 0.908478021 0.163669690 1 1 1
v -2.61066651 0.907118976 0.226482003 1 1 1
v -2.73493958 0.767901599 0.182050675 1 1 1
v -2.736027 0.895230293 0.225349322 1 1 1
v -2.6908803 0.658391654 0.159615203 1 1 1
v -2.66106534 0.580557405 0.135603070 1 1 1
v -2.6813786 0.568753302 0.055614218 1 1 1
v -2.63210487 0.49853158 0.064194023 1 1 1
v -2.63232923 0.499007135 -0.05660158 1 1 1
v -2.65829325 0.583201706 -0.12568656 1 1 1
v -2.69191933 0.657188117 -0.1527507 1 1 1
v -2.68040538 0.569294989 -0.04789039 1 1 1
v -2.74279666 0.762609601 -0.18517822 1 1 1
v -2.73387718 0.895476877 -0.20904425 1 1 1
v -2.61263657 1.031609177 -0.17329924 1 1 1
v -2.54725266 0.989105999 -0.13283278 1 1 1
v -2.7417767 1.017364621 -0.23117161 1 1 1
v -2.52773738 1.003378272 -0.0492714 1 1 1
v -2.52763391 1.003802180 0.056575909 1 1 1
v -2.54660487 0.989828527 0.1408519 1 1 1
v -2.61033392 1.033015847 0.184466049 1 1 1
v -2.74471354 1.022670388 0.242054119 1 1 1
v -2.83130503 0.898084819 0.160909280 1 1 1
v -2.87224412 1.018550753 0.173343926 1 1 1
v -2.80151701 0.812236607 0.140998795 1 1 1
v -2.82535934 0.795420348 0.055733572 1 1 1
v -2.78103924 0.725271165 0.066177316 1 1 1
v -2.73221684 0.639953732 0.061241261 1 1 1
v -2.73095036 0.640941083 -0.05445901 1 1 1
v -2.78233123 0.723957538 -0.06236361 1 1 1
v -2.80312371 0.812103450 -0.13530385 1 1 1
v -2.82368612 0.897762358 -0.15100469 1 1 1
v -2.82890749 0.794265866 -0.05209248 1 1 1
v -2.85854626 1.004740595 -0.17815286 1 1 1
v -2.75798082 1.142963528 -0.23176418 1 1 1
v -2.64516211 1.152401208 -0.16664472 1 1 1
v -2.87400794 1.127426028 -0.21570259 1 1 1
v -2.56475806 1.073629736 -0.0584338 1 1 1
v -2.60314417 1.165373444 -0.05705958 1 1 1
v -2.56378937 1.074202895 0.066154748 1 1 1
v -2.60175037 1.166170001 0.064382039 1 1 1
v -2.64595342 1.154563427 0.172067090 1 1 1
v -2.75386381 1.145330429 0.236453011 1 1 1
v -2.87751269 1.136681318 0.2127278 1 1 1
v -2.93052316 1.068086862 0.130215257 1 1 1
v -2.94385481 1.059088349 0.059160180 1 1 1
v -2.91299224 0.989338159 0.062447581 1 1 1
v -2.94880271 1.141995072 0.145643860 1 1 1
v -2.86673021 0.884967863 0.061392005 1 1 1
v -2.86900473 0.887314319 -0.05671903 1 1 1
v -2.91859913 1.006690979 -0.0685996 1 1 1
v -2.9411881 1.121612668 -0.12514396 1 1 1
v -2.90736532 1.252986192 -0.22025086 1 1 1
v -2.84519935 1.266781091 -0.25115991 1 1 1
v -2.84044194 1.174511790 -0.24270786 1 1 1
v -2.79593062 1.180926442 -0.24896111 1 1 1
v -2.96722054 1.250279068 -0.14841375 1 1 1
v -2.79763603 1.271159768 -0.2491855 1 1 1
v -2.73431611 1.269773125 -0.22450978 1 1 1
v -2.67422223 1.275480270 -0.1492129 1 1 1
v -2.63914895 1.278303027 -0.05357457 1 1 1
v -2.63951254 1.278273582 0.059795048 1 1 1
v -2.67679381 1.275791406 0.155427962 1 1 1
v -2.76192236 1.270166516 0.219671428 1 1 1
v -2.88384819 1.259274601 0.232645377 1 1 1
v -2.96861482 1.253504276 0.160694465 1 1 1
v -3.00620294 1.250084638 0.060853980 1 1 1
v -2.97319388 1.135905623 0.054336931 1 1 1
v -2.97814155 1.130369782 -0.04394264 1 1 1
v -2.94962311 1.056108355 -0.02591407 1 1 1
v -3.00838161 1.247276544 -0.05621715 1 1 1
v -2.98929882 1.376336693 -0.16441411 1 1 1
v -2.91278362 1.380909085 -0.23468739 1 1 1
v -3.03779936 1.371962428 -0.05753698 1 1 1
v -2.85020256 1.376851081 -0.24878858 1 1 1
v -2.80641937 1.379967689 -0.24589249 1 1 1
v -2.75114107 1.391401648 -0.20075698 1 1 1
v -2.6978929 1.393054366 -0.13116769 1 1 1
v -2.66897559 1.397376418 -0.0473793 1 1 1
v -2.67262101 1.396718144 0.052895862 1 1 1
v -2.69856954 1.385219097 0.140374198 1 1 1
v -2.76038313 1.393125414 0.214200586 1 1 1
v -2.88582349 1.384765744 0.239127755 1 1 1
v -2.98830891 1.375774145 0.173147007 1 1 1
v -3.03767729 1.372172713 0.064683489 1 1 1
v -3.05759573 1.498066067 -0.05695356 1 1 1
v -3.0009644 1.499478697 -0.17466146 1 1 1
v -3.05752945 1.498128771 0.063942991 1 1 1
v -2.8880322 1.498900651 -0.2450079 1 1 1
v -2.85191703 1.454576849 -0.24865067 1 1 1
v -2.8084569 1.456120371 -0.23965368 1 1 1
v -2.77399921 1.504285693 -0.20929541 1 1 1
v -2.71025491 1.511022448 -0.10698796 1 1 1
v -2.69188762 1.503487944 -0.03222277 1 1 1
v -2.6969676 1.488751292 0.049634218 1 1 1
v -2.71161008 1.467633128 0.126541584 1 1 1
v -2.756392 1.514465808 0.177686557 1 1 1
v -2.88973808 1.505253672 0.238027617 1 1 1
v -3.00254631 1.500034570 0.179309815 1 1 1
v -3.08008361 1.621123671 0.066667340 1 1 1
v -3.0800128 1.621152877 -0.05960793 1 1 1
v -3.01909423 1.625662565 0.183669760 1 1 1
v -3.01862216 1.625732779 -0.17728356 1 1 1
v -2.90035176 1.631024003 -0.23878638 1 1 1
v -2.78060937 1.636744618 -0.17913625 1 1 1
v -2.71940637 1.630586624 -0.05679177 1 1 1
v -2.71357417 1.576943874 -0.01254945 1 1 1
v -2.70932579 1.564497351 0.069874957 1 1 1
v -2.72136688 1.651152014 0.062381319 1 1 1
v -2.7773385 1.636099815 0.183326676 1 1 1
v -2.90109181 1.631064534 0.241215676 1 1 1
v -3.02995491 1.746186614 0.188168317 1 1 1
v -3.08966112 1.742834568 0.067616663 1 1 1
v -2.90944481 1.755195975 0.246891439 1 1 1
v -3.08962512 1.742863297 -0.06045005 1 1 1
v -3.02982354 1.746439099 -0.18116467 1 1 1
v -2.90961719 1.755402445 -0.24092144 1 1 1
v -2.78951216 1.762022733 -0.17849036 1 1 1
v -2.73003268 1.772277951 -0.05395217 1 1 1
v -2.73001337 1.772309422 0.061021562 1 1 1
v -2.78908253 1.761782288 0.185171037 1 1 1
v -2.79109883 1.882836818 0.193799763 1 1 1
v -2.91405797 1.879374861 0.249970182 1 1 1
v -3.02956557 1.873476982 0.185725569 1 1 1
v -3.08914495 1.868564605 0.066912867 1 1 1
v -3.08914471 1.868570566 -0.0597307 1 1 1
v -3.02927709 1.873488664 -0.17821798 1 1 1
v -2.91391373 1.879609108 -0.24271055 1 1 1
v -2.79078221 1.883024931 -0.18722785 1 1 1
v -2.73306036 1.886153817 -0.09673993 1 1 1
v -2.72588539 1.897066593 -0.02892928 1 1 1
v -2.72846532 1.819388866 -0.01532035 1 1 1
v -2.72845912 1.819388389 0.022428965 1 1 1
v -2.72580647 1.896973371 0.036246348 1 1 1
v -2.73322201 1.885961175 0.103903591 1 1 1
v -2.73590136 2.007471084 0.128357693 1 1 1
v -2.79109383 2.002459049 0.212515786 1 1 1
v -2.9235487 2.003406047 0.250876545 1 1 1
v -3.02874565 1.999226331 0.179488420 1 1 1
v -3.08044672 1.996826291 0.067547880 1 1 1
v -3.08037996 1.996839880 -0.06039747 1 1 1
v -3.02865767 1.999250531 -0.17223169 1 1 1
v -2.92363477 2.003677606 -0.24373081 1 1 1
v -2.79140162 2.002903461 -0.20419991 1 1 1
v -2.73657966 2.007982730 -0.12031215 1 1 1
v -2.71317673 2.008784532 -0.03865713 1 1 1
v -2.71315837 2.008281230 0.045918483 1 1 1
v -2.68714619 2.136550426 0.060534589 1 1 1
v -2.7307663 2.133619785 0.155321687 1 1 1
v -2.81100178 2.129992008 0.236991867 1 1 1
v -2.9483037 2.130601882 0.244078367 1 1 1
v -3.01789403 2.116491794 0.156659886 1 1 1
v -3.06301999 2.123943805 0.060560829 1 1 1
v -3.06287909 2.123899459 -0.05341044 1 1 1
v -3.01792073 2.124976635 -0.14607088 1 1 1
v -2.94827151 2.130873203 -0.23626706 1 1 1
v -2.81110668 2.130086898 -0.22973788 1 1 1
v -2.73099995 2.133799076 -0.14787723 1 1 1
v -2.69026327 2.137230873 -0.05303063 1 1 1
v -2.65222096 2.270754814 -0.06231356 1 1 1
v -2.65798283 2.251418352 0.064497359 1 1 1
v -2.7102809 2.258771419 0.173551559 1 1 1
v -2.82360816 2.256346941 0.237465068 1 1 1
v -2.96069264 2.257990837 0.187435433 1 1 1
v -3.00802898 2.209699869 0.138351514 1 1 1
v -3.03034115 2.227296829 0.055567782 1 1 1
v -3.02800989 2.236923694 -0.03639513 1 1 1
v -3.00999904 2.250185489 -0.11434425 1 1 1
v -2.94858241 2.256572723 -0.19624965 1 1 1
v -2.81995153 2.257160663 -0.23098809 1 1 1
v -2.70451331 2.257816791 -0.17771226 1 1 1
v -2.70506287 2.379897117 -0.20125698 1 1 1
v -2.62729096 2.383010387 -0.12445751 1 1 1
v -2.59949207 2.395904064 -0.04016224 1 1 1
v -2.62626314 2.324260711 -0.01686121 1 1 1
v -2.62908387 2.331516742 0.077456206 1 1 1
v -2.68010545 2.373425483 0.199275031 1 1 1
v -2.82085872 2.378106117 0.233521685 1 1 1
v -2.93871379 2.377858638 0.174226284 1 1 1
v -2.99031305 2.385857582 0.064733266 1 1 1
v -3.01374793 2.300297021 0.073731064 1 1 1
v -3.0118885 2.307788848 -0.01465872 1 1 1
v -2.99688268 2.366232872 -0.06075864 1 1 1
v -2.93682909 2.380260467 -0.16802265 1 1 1
v -2.82072663 2.381341934 -0.22872403 1 1 1
v -2.83164978 2.503684520 -0.22333598 1 1 1
v -2.70268893 2.503504276 -0.23673774 1 1 1
v -2.60213876 2.503525733 -0.16338928 1 1 1
v -2.54534936 2.519102096 -0.06483862 1 1 1
v -2.59853554 2.406068801 0.059166256 1 1 1
v -2.55605578 2.500785350 0.065706498 1 1 1
v -2.62502623 2.422390937 0.145676747 1 1 1
v -2.59975147 2.514303684 0.172312229 1 1 1
v -2.70012045 2.503980636 0.242912232 1 1 1
v -2.83310342 2.504294395 0.230341881 1 1 1
v -2.91253424 2.490435600 0.154568567 1 1 1
v -2.95352626 2.492581844 0.058195307 1 1 1
v -2.95332098 2.492413044 -0.05095154 1 1 1
v -2.91183543 2.489503860 -0.14964439 1 1 1
v -2.84407806 2.621753692 -0.17351094 1 1 1
v -2.71591353 2.631372928 -0.2305544 1 1 1
v -2.89765334 2.568668842 -0.12443841 1 1 1
v -2.58967304 2.629673481 -0.21702564 1 1 1
v -2.5146277 2.635579109 -0.13219559 1 1 1
v -2.47771692 2.63540411 -0.04431254 1 1 1
v -2.51330304 2.575581550 -0.02208848 1 1 1
v -2.51168203 2.577967166 0.082442708 1 1 1
v -2.56772852 2.622667789 0.204300805 1 1 1
v -2.71472001 2.633516311 0.239228442 1 1 1
v -2.84743834 2.623622894 0.181850373 1 1 1
v -2.89893246 2.569756031 0.132867455 1 1 1
v -2.91894817 2.577921390 0.054554667 1 1 1
v -2.91877675 2.577538013 -0.04729597 1 1 1
v -2.88446736 2.654488086 -0.05665741 1 1 1
v -2.80930638 2.716607093 -0.14057814 1 1 1
v -2.73628497 2.770313739 -0.18786013 1 1 1
v -2.83405995 2.738243579 -0.05252758 1 1 1
v -2.59641743 2.767365932 -0.22447655 1 1 1
v -2.4546845 2.756680965 -0.18922795 1 1 1
v -2.41197586 2.716940879 -0.06611063 1 1 1
v -2.47199297 2.642055034 0.063257902 1 1 1
v -2.41155863 2.716893672 0.070568315 1 1 1
v -2.50144935 2.673062801 0.157320037 1 1 1
v -2.46066475 2.759150505 0.199971497 1 1 1
v -2.59896946 2.765957832 0.230240330 1 1 1
v -2.73758769 2.769353389 0.194697126 1 1 1
v -2.81026864 2.717391490 0.149115994 1 1 1
v -2.83399987 2.738338470 0.059759791 1 1 1
v -2.8849082 2.654920578 0.064119510 1 1 1
v -2.7836163 2.813770771 -0.06168031 1 1 1
v -2.78398514 2.814191341 0.069002896 1 1 1
v -2.70252895 2.861164093 -0.15882789 1 1 1
v -2.61679673 2.888458252 -0.21630988 1 1 1
v -2.71669078 2.904801368 -0.06214633 1 1 1
v -2.48476338 2.897163868 -0.23346215 1 1 1
v -2.3472383 2.909243106 -0.21409805 1 1 1
v -2.34395742 2.828569889 -0.12562621 1 1 1
v -2.34252763 2.792054176 -0.03682781 1 1 1
v -2.34851313 2.785955905 0.058242745 1 1 1
v -2.37742877 2.808262348 0.156327933 1 1 1
v -2.3407979 2.886181831 0.195711121 1 1 1
v -2.48428941 2.897350788 0.245802909 1 1 1
v -2.62440419 2.904027938 0.201954558 1 1 1
v -2.7040298 2.863441467 0.159786179 1 1 1
v -2.73053336 2.889817714 0.064007408 1 1 1
v -2.62477803 2.970299243 -0.13561827 1 1 1
v -2.68046308 2.959948062 -0.01901511 1 1 1
v -2.61647248 3.035243511 -0.04945936 1 1 1
v -2.6754992 2.954673767 0.081065058 1 1 1
v -2.51067543 3.019792079 -0.19681846 1 1 1
v -2.37752032 3.044097900 -0.24375118 1 1 1
v -2.24344134 3.033638477 -0.22432278 1 1 1
v -2.23993397 2.933259010 -0.15447384 1 1 1
v -2.24409509 2.882849216 -0.05638396 1 1 1
v -2.29220128 2.841782093 -0.01360629 1 1 1
v -2.29403019 2.840555191 0.073189653 1 1 1
v -2.22837663 2.896734714 0.058317437 1 1 1
v -2.24044991 2.933166027 0.161102920 1 1 1
v -2.2414391 3.031321525 0.225740671 1 1 1
v -2.37131572 3.027793884 0.250088602 1 1 1
v -2.51226807 3.038141727 0.207549557 1 1 1
v -2.5916822 2.99340868 0.161945343 1 1 1
v -2.62044334 3.018561840 0.06387306 1 1 1
v -2.50794816 3.091423034 -0.11926544 1 1 1
v -2.56521583 3.079177856 -0.01630154 1 1 1
v -2.50911951 3.133859157 -0.03909035 1 1 1
v -2.56194782 3.080093383 0.079219900 1 1 1
v -2.39060998 3.159772872 -0.17442872 1 1 1
v -2.25427675 3.157224655 -0.21535477 1 1 1
v -2.12782598 3.165659427 -0.23246667 1 1 1
v -2.12095952 3.040590286 -0.16374131 1 1 1
v -2.16726661 2.972648620 -0.1266623 1 1 1
v -2.15817022 2.950967788 -0.04673547 1 1 1
v -2.15819001 2.950964450 0.053881544 1 1 1
v -2.16745782 2.972737312 0.133784294 1 1 1
v -2.12105918 3.040567398 0.171908736 1 1 1
v -2.12972927 3.164160728 0.234291732 1 1 1
v -2.25312686 3.157042503 0.224600791 1 1 1
v -2.37996387 3.156583786 0.186004489 1 1 1
v -2.47459865 3.117069721 0.157437935 1 1 1
v -2.50134683 3.137075424 0.061342407 1 1 1
v -2.42857814 3.198533058 -0.05905912 1 1 1
v -2.42801547 3.197080135 0.065334178 1 1 1
v -2.33740354 3.228860855 -0.13343376 1 1 1
v -2.25507975 3.264677047 -0.16441718 1 1 1
v -2.35327888 3.255368232 -0.05195891 1 1 1
v -2.14225173 3.286231756 -0.20421995 1 1 1
v -2.01600409 3.295622348 -0.22103301 1 1 1
v -2.00376511 3.174815654 -0.21490762 1 1 1
v -2.00459003 3.082715988 -0.15097731 1 1 1
v -2.08603621 3.001628875 -0.05612823 1 1 1
v -1.99179459 3.050822258 -0.05345723 1 1 1
v -2.08596301 3.001409530 0.062958717 1 1 1
v -1.99335492 3.054246902 0.057904887 1 1 1
v -2.00724149 3.085970401 0.153112858 1 1 1
v -2.00183463 3.169177532 0.227160275 1 1 1
v -2.01514649 3.295842647 0.224853918 1 1 1
v -2.14947772 3.303844928 0.194333925 1 1 1
v -2.25551438 3.263252735 0.169793590 1 1 1
v -2.33885002 3.228062152 0.144741073 1 1 1
v -2.3531177 3.254011631 0.057805761 1 1 1
v -2.25462174 3.319093227 -0.05962785 1 1 1
v -2.27239633 3.306890964 0.063711091 1 1 1
v -2.14572883 3.358740806 -0.12202282 1 1 1
v -2.02232552 3.387323379 -0.15448932 1 1 1
v -1.89297307 3.302411556 -0.22840706 1 1 1
v -1.88528705 3.177967548 -0.17045158 1 1 1
v -1.90325785 3.421242952 -0.18212491 1 1 1
v -1.92776167 3.113919735 -0.13101169 1 1 1
v -1.91177559 3.093079090 -0.04933093 1 1 1
v -1.91212738 3.094162941 0.054807648 1 1 1
v -1.92574024 3.112544059 0.134792581 1 1 1
v -1.88099074 3.172604560 0.178794264 1 1 1
v -1.8885417 3.301576137 0.236480251 1 1 1
v -1.90089238 3.425601720 0.186058402 1 1 1
v -2.01595092 3.395646572 0.168726742 1 1 1
v -2.10908747 3.367462158 0.147590249 1 1 1
v -2.13082719 3.393532276 0.057749815 1 1 1
v -2.19774175 3.350327491 0.078232348 1 1 1
v -2.206563 3.356247425 -0.01666094 1 1 1
v -2.14018488 3.393184423 -0.03831667 1 1 1
v -2.02731419 3.437271118 -0.05719627 1 1 1
v -1.90062046 3.488062143 -0.06738774 1 1 1
v -1.77086747 3.430626630 -0.21284044 1 1 1
v -1.76025927 3.320029258 -0.23475157 1 1 1
v -1.78206754 3.499483346 -0.12180167 1 1 1
v -1.75863159 3.211115837 -0.16710599 1 1 1
v -1.84247029 3.125720024 -0.06191423 1 1 1
v -1.74553609 3.15884161 -0.05719118 1 1 1
v -1.84160495 3.125989913 0.065068885 1 1 1
v -1.74547052 3.159371852 0.063826106 1 1 1
v -1.75712156 3.208227634 0.169214323 1 1 1
v -1.76664495 3.318810463 0.235044300 1 1 1
v -1.78414977 3.450636863 0.191414043 1 1 1
v -1.83816171 3.502561807 0.080520525 1 1 1
v -1.91833019 3.480442285 0.07187365 1 1 1
v -2.0273118 3.438773393 0.065406978 1 1 1
v -1.85137928 3.512891292 -0.02084191 1 1 1
v -1.77655005 3.530268669 -0.04038837 1 1 1
v -1.65547597 3.518580675 -0.13987763 1 1 1
v -1.65016198 3.4560709 -0.20622173 1 1 1
v -1.65700734 3.549821138 -0.05282309 1 1 1
v -1.63716996 3.398077726 -0.24338758 1 1 1
v -1.71959519 3.398527622 -0.24080068 1 1 1
v -1.71508038 3.359984874 -0.24151769 1 1 1
v -1.63437533 3.362358570 -0.24679263 1 1 1
v -1.63904476 3.304405689 -0.22169951 1 1 1
v -1.63376701 3.228221416 -0.15530337 1 1 1
v -1.63031089 3.183730125 -0.05471905 1 1 1
v -1.63009036 3.183810710 0.062144104 1 1 1
v -1.63310051 3.224986076 0.167777881 1 1 1
v -1.63500488 3.328175544 0.231787547 1 1 1
v -1.64555943 3.441131591 0.227937936 1 1 1
v -1.74342513 3.505202531 0.140473708 1 1 1
v -1.76512623 3.527445793 0.059176668 1 1 1
v -1.64763451 3.517323017 0.152164548 1 1 1
v -1.65700293 3.548084259 0.059859842 1 1 1
v -1.5316838 3.564971685 -0.05219747 1 1 1
v -1.52896631 3.528710365 -0.14643136 1 1 1
v -1.53169668 3.564740419 0.059490781 1 1 1
v -1.52526617 3.461789369 -0.21595256 1 1 1
v -1.52956176 3.404890537 -0.2439778 1 1 1
v -1.52747631 3.366547107 -0.25011024 1 1 1
v -1.51077247 3.240242958 0.159237772 1 1 1
v -1.51482892 3.313412666 0.230334073 1 1 1
v -1.59347999 3.366638660 0.255617618 1 1 1
v -1.59639382 3.401630401 0.252704739 1 1 1
v -1.51751232 3.366452693 0.258585691 1 1 1
v -1.52397859 3.461002349 0.226359203 1 1 1
v -1.52897871 3.528558492 0.153922468 1 1 1
v -1.51966524 3.406069040 0.251372337 1 1 1
v -1.4042505 3.536051750 0.159418359 1 1 1
v -1.45087826 3.405319213 -0.23820077 1 1 1
v -1.44848371 3.380343437 -0.25019938 1 1 1
v -1.28083074 3.539378404 0.153793424 1 1 1
v -1.40256262 3.44764781 0.237192034 1 1 1
v -1.27446365 3.462715625 0.233537718 1 1 1
v -1.44395256 3.406728982 0.246263831 1 1 1
v -1.44144106 3.379380226 0.258693516 1 1 1
v 0.029748797 2.668778419 0.196975335 1 1 1
v -0.07042839 2.669667720 0.147124752 1 1 1
v 0.021857390 2.592317581 0.144500330 1 1 1
v -0.04842901 2.604661464 0.128152877 1 1 1
v -0.17214371 2.730027198 0.065848566 1 1 1
v -0.1053268 2.667424678 0.054899860 1 1 1
v -0.06458824 2.590014457 0.057300817 1 1 1
v -0.08037066 2.575215816 -0.04935273 1 1 1
v 0.014359253 2.536981582 -0.05047399 1 1 1
v 0.013006732 2.559938907 0.060579475 1 1 1
v 0.016213722 2.544516086 -0.17336367 1 1 1
v -0.07065693 2.575518608 -0.14359444 1 1 1
s 1
g Main
f 6583 6584 6585 6582
f 6587 6583 6582 6586
f 6582 6585 6589 6588
f 6586 6582 6588 6590
f 6591 6592 6584 6583
f 6593 6591 6583 6587
f 6584 6594 6595 6585
f 6584 6592 6596 6594
f 6589 6585 6595 6597
f 6598 6589 6597 6599
f 6600 6588 6589 6598
f 6590 6588 6600 6601
f 6602 6603 6586 6590
f 6604 6602 6590 6601
f 6605 6587 6586 6603
f 6606 6593 6587 6605
f 6607 6608 6591 6593
f 6609 6607 6593 6606
f 6608 6610 6592 6591
f 6610 6611 6596 6592
f 6612 6594 6596 6611
f 6594 6613 6614 6595
f 6612 6615 6613 6594
f 6595 6614 6616 6597
f 6616 6617 6618 6597
f 6597 6618 6619 6599
f 6619 6620 6621 6599
f 6622 6599 6621 6623
f 6598 6599 6625 6624
f 6625 6599 6622 6626
f 6600 6598 6624 6627
f 6628 6601 6600 6627
f 6629 6604 6601 6628
f 6631 6602 6604 6630
f 6632 6630 6604 6629
f 6633 6629 6628 6634
f 6635 6632 6629 6633
f 6634 6628 6627 6636
f 6636 6627 6624 6637
f 6637 6624 6625 6638
f 6639 6638 6625 6626
f 6622 6623 6640 6626
f 6639 6626 6640 6641
f 6623 6621 6642 6643
f 6623 6643 6644 6640
f 6621 6620 6645 6642
f 6617 6646 6645 6620
f 6618 6617 6620 6619
f 6616 6647 6646 6617
f 6642 6645 6646 6647
f 6642 6647 6648 6649
f 6643 6642 6649 6650
f 6651 6643 6650 6652
f 6644 6643 6651 6653
f 6641 6640 6644 6654
f 6655 6654 6644 6653
f 6656 6641 6654 6657
f 6658 6639 6641 6656
f 6658 6659 6638 6639
f 6660 6637 6638 6659
f 6661 6636 6637 6660
f 6662 6634 6636 6661
f 6663 6633 6634 6662
f 6661 6664 6665 6662
f 6663 6662 6665 6666
f 6661 6660 6667 6664
f 6660 6659 6668 6667
f 6669 6670 6668 6659
f 6658 6656 6669 6659
f 6656 6657 6671 6669
f 6672 6673 6671 6657
f 6674 6657 6654 6655
f 6674 6675 6672 6657
f 6655 6653 6676 6677
f 6674 6655 6677 6675
f 6651 6652 6676 6653
f 6650 6678 6679 6652
f 6680 6652 6679 6681
f 6676 6652 6680 6682
f 6677 6676 6682 6683
f 6675 6677 6683 6684
f 6675 6684 6685 6672
f 6685 6686 6673 6672
f 6673 6686 6687 6688
f 6671 6673 6688 6689
f 6671 6689 6670 6669
f 6670 6689 6690 6691
f 6668 6670 6691 6692
f 6667 6668 6692 6693
f 6667 6693 6694 6664
f 6611 6610 6695 6693
f 6692 6612 6611 6693
f 6694 6693 6695 6696
f 6691 6615 6612 6692
f 6690 6697 6615 6691
f 6698 6697 6690 6689
f 6688 6699 6698 6689
f 6687 6700 6699 6688
f 6701 6700 6687 6686
f 6702 6703 6701 6686
f 6685 6704 6702 6686
f 6705 6704 6685 6684
f 6706 6684 6683 6707
f 6706 6708 6705 6684
f 6682 6709 6707 6683
f 6709 6710 6711 6707
f 6706 6707 6711 6708
f 6712 6713 6705 6708
f 6714 6708 6711 6715
f 6714 6716 6712 6708
f 6705 6713 6717 6704
f 6718 6703 6702 6704
f 6717 6719 6718 6704
f 6701 6703 6720 6721
f 6718 6722 6720 6703
f 6701 6721 6723 6700
f 6699 6700 6723 6724
f 6699 6724 6725 6698
f 6697 6698 6725 6726
f 6615 6697 6726 6613
f 6613 6726 6727 6614
f 6727 6726 6725 6724
f 6724 6723 6728 6648
f 6727 6724 6648 6647
f 6721 6729 6728 6723
f 6721 6720 6730 6729
f 6722 6731 6730 6720
f 6722 6732 6733 6731
f 6718 6719 6732 6722
f 6734 6735 6732 6719
f 6734 6719 6717 6713
f 6736 6737 6734 6713
f 6712 6738 6736 6713
f 6734 6737 6739 6735
f 6735 6740 6733 6732
f 6735 6739 6741 6740
f 6742 6731 6733 6740
f 6678 6729 6730 6731
f 6679 6678 6731 6742
f 6649 6648 6728 6729
f 6649 6729 6678 6650
f 6742 6740 6744 6743
f 6681 6679 6742 6743
f 6740 6741 6745 6744
f 6745 6741 6746 6747
f 6748 6746 6741 6739
f 6737 6749 6748 6739
f 6736 6750 6749 6737
f 6738 6751 6750 6736
f 6752 6753 6751 6738
f 6716 6752 6738 6712
f 6751 6754 6755 6750
f 6756 6754 6751 6753
f 6757 6758 6749 6750
f 6755 6759 6757 6750
f 6749 6758 6760 6748
f 6748 6760 6761 6746
f 6761 6762 6763 6746
f 6747 6746 6763 6764
f 6747 6764 6766 6765
f 6767 6745 6747 6765
f 6744 6745 6767 6768
f 6769 6743 6744 6768
f 6770 6768 6767 6771
f 6769 6768 6773 6772
f 6773 6768 6770 6774
f 6767 6765 6775 6771
f 6776 6765 6766 6777
f 6775 6765 6776 6778
f 6764 6779 6780 6766
f 6777 6766 6780 6781
f 6764 6763 6782 6779
f 6762 6783 6782 6763
f 6785 6783 6762 6784
f 6784 6762 6761 6760
f 6758 6786 6784 6760
f 6757 6759 6786 6758
f 6759 6787 6788 6786
f 6789 6787 6759 6755
f 6786 6788 6785 6784
f 6785 6790 6791 6783
f 6788 6792 6790 6785
f 6782 6783 6793 6794
f 6791 6795 6793 6783
f 6782 6794 6796 6779
f 6797 6779 6796 6798
f 6780 6779 6797 6781
f 6799 6781 6797 6800
f 6801 6777 6781 6799
f 6802 6776 6777 6801
f 6803 6778 6776 6802
f 6805 6775 6778 6804
f 6806 6804 6778 6803
f 6807 6803 6802 6753
f 6806 6803 6807 6808
f 6802 6801 6756 6753
f 6801 6799 6809 6756
f 6809 6799 6800 6810
f 6800 6797 6798 6811
f 6800 6811 6812 6810
f 6796 6813 6814 6798
f 6811 6798 6814 6815
f 6796 6794 6816 6813
f 6794 6793 6817 6816
f 6793 6795 6818 6817
f 6819 6820 6818 6795
f 6821 6822 6819 6795
f 6821 6795 6791 6790
f 6818 6820 6823 6824
f 6817 6818 6824 6825
f 6816 6817 6825 6826
f 6813 6816 6826 6827
f 6828 6813 6827 6829
f 6814 6813 6828 6815
f 6815 6828 6831 6830
f 6812 6811 6815 6830
f 6812 6830 6789 6810
f 6754 6810 6789 6755
f 6809 6810 6754 6756
f 6789 6830 6832 6787
f 6830 6831 6833 6832
f 6828 6829 6834 6831
f 6834 6835 6833 6831
f 6829 6827 6836 6837
f 6834 6829 6837 6835
f 6826 6838 6836 6827
f 6826 6825 6839 6838
f 6825 6824 6840 6839
f 6824 6823 6841 6840
f 6842 6843 6841 6823
f 6842 6823 6820 6844
f 6840 6841 6845 6846
f 6847 6845 6841 6843
f 6839 6840 6846 6848
f 6839 6848 6849 6838
f 6850 6838 6849 6851
f 6836 6838 6850 6837
f 6837 6850 6852 6835
f 6835 6852 6853 6854
f 6833 6835 6854 6855
f 6833 6855 6856 6832
f 6832 6856 6857 6787
f 6857 6792 6788 6787
f 6857 6856 6858 6792
f 6856 6855 6859 6858
f 6860 6861 6859 6855
f 6854 6862 6860 6855
f 6854 6853 6863 6862
f 6864 6865 6863 6853
f 6852 6866 6864 6853
f 6850 6851 6866 6852
f 6851 6849 6867 6868
f 6866 6851 6868 6869
f 6849 6848 6870 6867
f 6848 6846 6871 6870
f 6846 6845 6872 6871
f 6845 6847 6873 6872
f 6872 6873 6874 6875
f 6871 6872 6875 6876
f 6870 6871 6876 6877
f 6867 6870 6877 6878
f 6868 6867 6878 6879
f 6869 6868 6879 6880
f 6869 6880 6881 6882
f 6866 6869 6882 6864
f 6864 6882 6883 6865
f 6884 6885 6886 6865
f 6883 6887 6884 6865
f 6863 6865 6886 6888
f 6862 6863 6888 6889
f 6860 6862 6889 6861
f 6888 6843 6842 6889
f 6861 6889 6842 6844
f 6888 6886 6890 6843
f 6885 6891 6890 6886
f 6885 6892 6893 6891
f 6884 6887 6892 6885
f 6887 6894 6895 6892
f 6896 6894 6887 6883
f 6882 6881 6896 6883
f 6897 6898 6896 6881
f 6880 6899 6897 6881
f 6880 6879 6900 6899
f 6879 6878 6901 6900
f 6878 6877 6902 6901
f 6877 6876 6903 6902
f 6902 6903 6904 6905
f 6901 6902 6905 6906
f 6900 6901 6906 6907
f 6899 6900 6907 6908
f 6899 6908 6909 6897
f 6897 6909 6910 6898
f 6910 6911 6912 6898
f 6898 6912 6894 6896
f 6912 6913 6895 6894
f 6895 6913 6914 6915
f 6892 6895 6915 6893
f 6893 6915 6874 6873
f 6893 6873 6847 6891
f 6890 6891 6847 6843
f 6874 6916 6917 6875
f 6915 6914 6916 6874
f 6916 6914 6918 6919
f 6913 6920 6918 6914
f 6911 6920 6913 6912
f 6911 6921 6922 6920
f 6923 6921 6911 6910
f 6909 6924 6923 6910
f 6908 6925 6924 6909
f 6908 6907 6926 6925
f 6906 6927 6926 6907
f 6906 6905 6928 6927
f 6905 6904 6929 6928
f 6929 6930 6931 6928
f 6928 6931 6932 6927
f 6933 6927 6932 6934
f 6926 6927 6933 6935
f 6936 6925 6926 6935
f 6937 6938 6924 6925
f 6936 6939 6937 6925
f 6924 6938 6940 6923
f 6923 6940 6941 6921
f 6921 6942 6943 6922
f 6921 6941 6944 6942
f 6920 6922 6943 6918
f 6919 6918 6943 6942
f 6919 6942 6945 6946
f 6916 6919 6946 6917
f 6944 6947 6945 6942
f 6944 6948 6949 6947
f 6941 6950 6948 6944
f 6951 6950 6941 6940
f 6938 6952 6951 6940
f 6953 6952 6938 6937
f 6939 6954 6953 6937
f 6939 6955 6956 6954
f 6936 6935 6955 6939
f 6933 6934 6955 6935
f 6934 6932 6957 6958
f 6934 6958 6956 6955
f 6931 6959 6957 6932
f 6930 6960 6959 6931
f 6960 6961 6962 6959
f 6959 6962 6963 6957
f 6957 6963 6964 6958
f 6965 6958 6964 6966
f 6956 6958 6965 6967
f 6954 6956 6967 6968
f 6954 6968 6969 6953
f 6969 6970 6952 6953
f 6952 6970 6971 6951
f 6971 6972 6950 6951
f 6950 6972 6973 6948
f 6948 6973 6974 6949
f 6960 6949 6974 6961
f 6930 6947 6949 6960
f 6929 6945 6947 6930
f 6904 6946 6945 6929
f 6903 6917 6946 6904
f 6875 6917 6903 6876
f 6962 6961 6975 6976
f 6977 6961 6974 6973
f 6977 6978 6975 6961
f 6963 6962 6976 6979
f 6964 6963 6979 6980
f 6964 6980 6981 6966
f 6982 6966 6981 6983
f 6965 6966 6982 6967
f 6984 6968 6967 6982
f 6985 6986 6969 6968
f 6984 6987 6985 6968
f 6969 6986 6988 6970
f 6989 6972 6971 6970
f 6988 6990 6989 6970
f 6989 6977 6973 6972
f 6989 6990 6978 6977
f 6978 6991 6992 6975
f 6990 6993 6991 6978
f 6976 6975 6992 6994
f 6976 6994 6995 6979
f 6979 6995 6996 6980
f 6997 6980 6996 6998
f 6981 6980 6997 6999
f 7000 6983 6981 6999
f 6984 6982 6983 6987
f 7001 6987 6983 7000
f 7002 7003 6985 6987
f 7001 7004 7002 6987
f 6985 7003 7005 6986
f 6986 7005 7006 6988
f 7006 6993 6990 6988
f 7007 7008 6991 6993
f 7007 6993 7006 7005
f 7008 6994 6992 6991
f 6995 6994 7009 7010
f 7008 7011 7009 6994
f 6995 7010 7012 6996
f 6996 7012 7013 6998
f 7014 6998 7013 7015
f 6997 6998 7016 6999
f 7016 6998 7014 7017
f 7000 6999 7016 7018
f 7001 7000 7018 7004
f 7019 7020 7002 7004
f 7021 7004 7018 7022
f 7021 7023 7019 7004
f 7020 7024 7003 7002
f 7003 7024 7025 7005
f 7025 7026 7007 7005
f 7007 7026 7011 7008
f 7027 7010 7009 7011
f 7028 7027 7011 7026
f 7012 7010 7029 7030
f 7027 7031 7029 7010
f 7013 7012 7030 7032
f 7015 7013 7032 7033
f 7034 7015 7033 7035
f 7014 7015 7036 7017
f 7036 7015 7034 7037
f 7022 7018 7016 7017
f 7022 7017 7036 7038
f 7021 7022 7038 7023
f 7039 7040 7019 7023
f 7041 7023 7038 7042
f 7041 7043 7039 7023
f 7040 7044 7020 7019
f 7020 7044 7045 7024
f 7028 7026 7025 7024
f 7045 7046 7028 7024
f 7028 7046 7031 7027
f 7047 7030 7029 7031
f 7048 7047 7031 7046
f 7032 7030 7049 7050
f 7047 7051 7049 7030
f 7032 7050 7052 7033
f 7033 7052 7053 7035
f 7054 7035 7053 7055
f 7034 7035 7056 7037
f 7056 7035 7054 7057
f 7042 7038 7036 7037
f 7042 7037 7056 7058
f 7041 7042 7058 7043
f 7059 7060 7039 7043
f 7061 7043 7058 7062
f 7061 7063 7059 7043
f 7060 7064 7040 7039
f 7040 7064 7065 7044
f 7048 7046 7045 7044
f 7065 7066 7048 7044
f 7048 7066 7051 7047
f 7067 7050 7049 7051
f 7068 7067 7051 7066
f 7052 7050 7069 7070
f 7067 7071 7069 7050
f 7052 7070 7072 7053
f 7053 7072 7073 7055
f 7055 7073 7075 7074
f 7054 7055 7074 7076
f 7077 7057 7054 7076
f 7062 7058 7056 7057
f 7062 7057 7077 7078
f 7061 7062 7078 7063
f 7079 7080 7059 7063
f 7081 7063 7078 7082
f 7081 7083 7079 7063
f 7059 7080 7084 7060
f 7060 7084 7085 7064
f 7068 7066 7065 7064
f 7085 7086 7068 7064
f 7068 7086 7071 7067
f 7087 7070 7069 7071
f 7088 7087 7071 7086
f 7089 7072 7070 7087
f 7072 7089 7090 7073
f 7073 7090 7091 7075
f 7075 7091 7093 7092
f 7074 7075 7092 7094
f 7095 7076 7074 7094
f 7077 7076 7082 7078
f 7082 7076 7095 7096
f 7097 7081 7082 7096
f 7098 7083 7081 7097
f 7083 7099 7100 7079
f 7101 7099 7083 7098
f 7079 7100 7102 7080
f 7103 7088 7084 7080
f 7102 7104 7103 7080
f 7088 7086 7085 7084
f 7088 7103 7105 7087
f 7089 7087 7105 7106
f 7090 7089 7106 7107
f 7108 7091 7090 7107
f 7091 7108 7109 7093
f 7093 7109 7111 7110
f 7092 7093 7110 7112
f 7094 7092 7112 7113
f 7095 7094 7113 7114
f 7115 7096 7095 7114
f 7116 7097 7096 7115
f 7117 7098 7097 7116
f 7118 7101 7098 7117
f 7101 7119 7120 7099
f 7118 7121 7119 7101
f 7122 7123 7100 7099
f 7120 7124 7122 7099
f 7123 7104 7102 7100
f 7104 7106 7105 7103
f 7123 7107 7106 7104
f 7108 7107 7125 7126
f 7123 7122 7125 7107
f 7127 7109 7108 7126
f 7128 7111 7109 7127
f 7129 7110 7111 7130
f 7131 7130 7111 7128
f 7112 7110 7129 7132
f 7113 7112 7132 7133
f 7114 7113 7133 7134
f 7135 7115 7114 7134
f 7136 7116 7115 7135
f 7136 7137 7117 7116
f 7138 7118 7117 7137
f 7138 7139 7121 7118
f 7140 7141 7119 7121
f 7139 7142 7140 7121
f 7141 7124 7120 7119
f 7124 7126 7125 7122
f 7141 7127 7126 7124
f 7140 7128 7127 7141
f 7142 7131 7128 7140
f 7143 7144 7130 7131
f 7145 7143 7131 7142
f 7146 7129 7130 7144
f 7147 7132 7129 7146
f 7133 7132 7147 7148
f 7149 7134 7133 7148
f 7150 7135 7134 7149
f 7136 7135 7150 7137
f 7151 7137 7150 7152
f 7151 7153 7138 7137
f 7153 7154 7139 7138
f 7154 7145 7142 7139
f 7155 7156 7143 7145
f 7157 7155 7145 7154
f 7156 7158 7144 7143
f 7159 7146 7144 7158
f 7160 7147 7146 7159
f 7161 7148 7147 7160
f 7149 7148 7152 7150
f 7152 7148 7161 7162
f 7163 7151 7152 7162
f 7163 7164 7153 7151
f 7164 7157 7154 7153
f 7165 7166 7155 7157
f 7167 7165 7157 7164
f 7166 7168 7156 7155
f 7168 7169 7158 7156
f 7170 7159 7158 7169
f 7171 7160 7159 7170
f 7172 7161 7160 7171
f 7173 7162 7161 7172
f 7163 7162 7173 7174
f 7174 7167 7164 7163
f 7175 7176 7165 7167
f 7177 7175 7167 7174
f 7176 7178 7166 7165
f 7178 7179 7168 7166
f 7179 7180 7169 7168
f 7181 7170 7169 7180
f 7182 7171 7170 7181
f 7183 7172 7171 7182
f 7185 7172 7183 7184
f 7173 7172 7185 7186
f 7174 7173 7186 7177
f 7187 7177 7186 7188
f 7189 7190 7175 7177
f 7189 7177 7187 7191
f 7190 7192 7176 7175
f 7192 7193 7178 7176
f 7193 7194 7179 7178
f 7194 7195 7180 7179
f 7196 7181 7180 7195
f 7197 7182 7181 7196
f 7198 7183 7182 7197
f 7199 7184 7183 7198
f 7188 7186 7185 7184
f 7200 7188 7184 7199
f 7187 7188 7200 7191
f 7191 7200 7202 7201
f 7201 7203 7189 7191
f 7203 7204 7190 7189
f 7205 7192 7190 7204
f 7205 7206 7193 7192
f 7206 7207 7194 7193
f 7208 7195 7194 7207
f 7209 7196 7195 7208
f 7210 7197 7196 7209
f 7211 7198 7197 7210
f 7212 7199 7198 7211
f 7202 7200 7199 7212
f 7213 7202 7212 7214
f 7201 7202 7213 7215
f 7216 7203 7201 7215
f 7217 7204 7203 7216
f 7218 7206 7205 7204
f 7217 7219 7218 7204
f 7220 7207 7206 7218
f 7208 7207 7220 7221
f 7222 7209 7208 7221
f 7223 7210 7209 7222
f 7211 7210 7223 7224
f 7214 7212 7211 7224
f 7214 7224 7226 7225
f 7227 7213 7214 7225
f 7228 7215 7213 7227
f 7229 7230 7216 7215
f 7229 7215 7228 7231
f 7230 7232 7217 7216
f 7232 7233 7219 7217
f 7219 7221 7220 7218
f 7234 7221 7219 7233
f 7234 7235 7222 7221
f 7236 7223 7222 7235
f 7237 7224 7223 7236
f 7226 7224 7237 7238
f 7239 7225 7226 7238
f 7240 7227 7225 7239
f 7228 7227 7240 7231
f 7231 7240 7242 7241
f 7243 7229 7231 7241
f 7243 7244 7230 7229
f 7245 7232 7230 7244
f 7245 7246 7233 7232
f 7246 7247 7234 7233
f 7248 7235 7234 7247
f 7236 7235 7248 7249
f 7250 7237 7236 7249
f 7238 7237 7250 7251
f 7252 7239 7238 7251
f 7242 7240 7239 7252
f 7253 7242 7252 7254
f 7255 7241 7242 7253
f 7256 7257 7243 7241
f 7256 7241 7255 7258
f 7259 7244 7243 7257
f 7260 7246 7245 7244
f 7259 7261 7260 7244
f 7260 7262 7247 7246
f 7262 7249 7248 7247
f 7250 7249 7264 7263
f 7264 7249 7262 7265
f 7266 7251 7250 7263
f 7268 7251 7266 7267
f 7252 7251 7268 7254
f 7269 7254 7268 7267
f 7270 7253 7254 7269
f 7255 7253 7270 7258
f 7271 7258 7270 7272
f 7273 7274 7256 7258
f 7273 7258 7271 7275
f 7274 7276 7257 7256
f 7277 7259 7257 7276
f 7277 7278 7261 7259
f 7261 7265 7262 7260
f 7278 7279 7265 7261
f 7280 7264 7265 7279
f 7263 7264 7280 7281
f 7282 7266 7263 7281
f 7283 7267 7266 7282
f 7285 7267 7283 7284
f 7269 7267 7285 7286
f 7272 7270 7269 7286
f 7287 7272 7286 7288
f 7271 7272 7287 7275
f 7275 7287 7290 7289
f 7291 7273 7275 7289
f 7291 7292 7274 7273
f 7293 7276 7274 7292
f 7294 7278 7277 7276
f 7293 7295 7294 7276
f 7294 7296 7279 7278
f 7296 7281 7280 7279
f 7282 7281 7298 7297
f 7298 7281 7296 7299
f 7300 7283 7282 7297
f 7301 7284 7283 7300
f 7288 7286 7285 7284
f 7302 7288 7284 7301
f 7290 7287 7288 7302
f 7303 7290 7302 7304
f 7305 7289 7290 7303
f 7306 7307 7291 7289
f 7308 7306 7289 7305
f 7309 7292 7291 7307
f 7310 7295 7293 7292
f 7309 7311 7310 7292
f 7295 7299 7296 7294
f 7310 7312 7299 7295
f 7312 7297 7298 7299
f 7300 7297 7314 7313
f 7314 7297 7312 7315
f 7316 7301 7300 7313
f 7317 7318 7301 7316
f 7302 7301 7318 7304
f 7304 7318 7320 7319
f 7321 7303 7304 7319
f 7322 7305 7303 7321
f 7308 7305 7322 7323
f 7324 7325 7306 7308
f 7326 7324 7308 7323
f 7327 7307 7306 7325
f 7328 7311 7309 7307
f 7327 7329 7328 7307
f 7311 7315 7312 7310
f 7328 7330 7315 7311
f 7330 7313 7314 7315
f 7316 7313 7332 7331
f 7332 7313 7330 7333
f 7334 7317 7316 7331
f 7320 7318 7317 7335
f 7336 7335 7317 7334
f 7337 7319 7320 7335
f 7338 7321 7319 7337
f 7322 7321 7338 7323
f 7339 7323 7338 7340
f 7326 7323 7339 7341
f 7342 7343 7324 7326
f 7344 7342 7326 7341
f 7345 7325 7324 7343
f 7346 7329 7327 7325
f 7345 7347 7346 7325
f 7329 7333 7330 7328
f 7346 7348 7333 7329
f 7348 7331 7332 7333
f 7334 7331 7350 7349
f 7350 7331 7348 7351
f 7352 7336 7334 7349
f 7354 7335 7336 7353
f 7355 7353 7336 7352
f 7337 7335 7354 7356
f 7340 7338 7337 7356
f 7357 7340 7356 7358
f 7339 7340 7357 7341
f 7359 7341 7357 7360
f 7344 7341 7359 7361
f 7362 7363 7342 7344
f 7364 7362 7344 7361
f 7365 7343 7342 7363
f 7366 7347 7345 7343
f 7365 7367 7366 7343
f 7347 7351 7348 7346
f 7366 7368 7351 7347
f 7368 7349 7350 7351
f 7352 7349 7370 7369
f 7370 7349 7368 7371
f 7372 7355 7352 7369
f 7374 7353 7355 7373
f 7375 7373 7355 7372
f 7358 7356 7354 7353
f 7358 7353 7374 7376
f 7357 7358 7376 7360
f 7360 7376 7378 7377
f 7359 7360 7377 7361
f 7379 7361 7377 7380
f 7381 7364 7361 7379
f 7383 7362 7364 7382
f 7384 7382 7364 7381
f 7385 7386 7363 7362
f 7383 7387 7385 7362
f 7386 7367 7365 7363
f 7367 7371 7368 7366
f 7386 7388 7371 7367
f 7369 7370 7371 7388
f 7389 7372 7369 7388
f 7390 7375 7372 7389
f 7391 7392 7373 7375
f 7393 7391 7375 7390
f 7394 7374 7373 7392
f 7376 7374 7394 7378
f 7395 7378 7394 7392
f 7380 7377 7378 7395
f 7396 7380 7395 7397
f 7398 7379 7380 7396
f 7381 7379 7398 7399
f 7400 7384 7381 7399
f 7401 7402 7382 7384
f 7403 7404 7401 7384
f 7403 7384 7400 7405
f 7402 7387 7383 7382
f 7387 7406 7407 7385
f 7402 7408 7406 7387
f 7407 7388 7386 7385
f 7389 7388 7407 7406
f 7408 7390 7389 7406
f 7409 7393 7390 7408
f 7410 7411 7391 7393
f 7410 7393 7409 7412
f 7413 7392 7391 7411
f 7395 7392 7413 7397
f 7415 7397 7413 7414
f 7396 7397 7415 7416
f 7398 7396 7416 7399
f 7417 7399 7416 7418
f 7400 7399 7417 7419
f 7420 7405 7400 7419
f 7421 7404 7403 7405
f 7422 7423 7421 7405
f 7422 7405 7420 7424
f 7404 7425 7426 7401
f 7421 7427 7425 7404
f 7426 7408 7402 7401
f 7409 7408 7426 7425
f 7427 7412 7409 7425
f 7428 7429 7410 7412
f 7428 7412 7431 7430
f 7431 7412 7427 7432
f 7429 7433 7411 7410
f 7413 7411 7433 7414
f 7434 7414 7433 7435
f 7418 7416 7415 7414
f 7418 7414 7434 7436
f 7437 7417 7418 7436
f 7419 7417 7437 7438
f 7439 7420 7419 7438
f 7440 7424 7420 7439
f 7441 7423 7422 7424
f 7442 7441 7424 7440
f 7423 7432 7427 7421
f 7441 7443 7432 7423
f 7443 7430 7431 7432
f 7444 7445 7428 7430
f 7444 7430 7443 7446
f 7445 7447 7429 7428
f 7447 7435 7433 7429
f 7435 7447 7449 7448
f 7450 7434 7435 7448
f 7436 7434 7450 7451
f 7437 7436 7451 7438
f 7452 7438 7451 7453
f 7439 7438 7452 7454
f 7455 7440 7439 7454
f 7456 7442 7440 7455
f 7442 7446 7443 7441
f 7457 7446 7442 7456
f 7458 7459 7444 7446
f 7458 7446 7457 7460
f 7459 7461 7445 7444
f 7461 7449 7447 7445
f 7462 7463 7449 7461
f 7464 7448 7449 7463
f 7453 7451 7450 7448
f 7453 7448 7464 7465
f 7466 7452 7453 7465
f 7454 7452 7466 7467
f 7468 7455 7454 7467
f 7469 7470 7456 7455
f 7469 7455 7468 7471
f 7470 7460 7457 7456
f 7473 7458 7460 7472
f 7474 7472 7460 7470
f 7473 7475 7459 7458
f 7475 7462 7461 7459
f 7476 7477 7462 7475
f 7463 7462 7477 7478
f 7479 7464 7463 7478
f 7465 7464 7479 7480
f 7466 7465 7480 7467
f 7481 7467 7480 7482
f 7483 7468 7467 7481
f 7484 7471 7468 7483
f 7474 7470 7469 7471
f 7485 7474 7471 7484
f 7486 7472 7474 7485
f 7487 7488 7473 7472
f 7487 7472 7486 7489
f 7488 7476 7475 7473
f 7490 7491 7477 7476
f 7492 7490 7476 7488
f 7493 7478 7477 7491
f 7482 7480 7479 7478
f 7482 7478 7493 7494
f 7495 7481 7482 7494
f 7496 7483 7481 7495
f 7497 7484 7483 7496
f 7498 7499 7485 7484
f 7498 7484 7497 7500
f 7499 7489 7486 7485
f 7501 7502 7487 7489
f 7503 7501 7489 7499
f 7502 7492 7488 7487
f 7504 7505 7490 7492
f 7504 7492 7502 7506
f 7507 7491 7490 7505
f 7493 7491 7507 7508
f 7509 7494 7493 7508
f 7510 7495 7494 7509
f 7496 7495 7510 7511
f 7512 7497 7496 7511
f 7500 7497 7512 7513
f 7503 7499 7498 7500
f 7514 7503 7500 7513
f 7514 7515 7501 7503
f 7515 7506 7502 7501
f 7516 7517 7504 7506
f 7516 7506 7519 7518
f 7519 7506 7515 7520
f 7521 7505 7504 7517
f 7522 7508 7507 7505
f 7522 7505 7521 7523
f 7524 7509 7508 7522
f 7510 7509 7524 7511
f 7525 7511 7524 7526
f 7512 7511 7525 7527
f 7528 7513 7512 7527
f 7529 7530 7514 7513
f 7529 7513 7528 7531
f 7530 7520 7515 7514
f 7532 7518 7519 7520
f 7533 7532 7520 7530
f 7535 7516 7518 7534
f 7536 7534 7518 7532
f 7535 7537 7517 7516
f 7538 7521 7517 7537
f 7523 7521 7538 7539
f 7526 7524 7522 7523
f 7540 7526 7523 7539
f 7541 7525 7526 7540
f 7527 7525 7541 7542
f 7543 7528 7527 7542
f 7531 7528 7543 7544
f 7533 7530 7529 7531
f 7545 7533 7531 7544
f 7545 7536 7532 7533
f 7547 7534 7536 7546
f 7548 7546 7536 7545
f 7549 7550 7535 7534
f 7549 7534 7547 7551
f 7552 7537 7535 7550
f 7553 7539 7538 7537
f 7553 7537 7552 7554
f 7555 7540 7539 7553
f 7541 7540 7555 7542
f 7556 7542 7555 7557
f 7543 7542 7556 7558
f 7559 7544 7543 7558
f 7560 7548 7545 7544
f 7560 7544 7559 7561
f 7562 7563 7546 7548
f 7562 7548 7560 7561
f 7563 7551 7547 7546
f 7565 7549 7551 7564
f 7566 7564 7551 7563
f 7565 7567 7550 7549
f 7568 7552 7550 7567
f 7554 7552 7568 7569
f 7557 7555 7553 7554
f 7570 7557 7554 7569
f 7571 7556 7557 7570
f 7558 7556 7571 7572
f 7573 7559 7558 7572
f 7561 7559 7573 7574
f 7575 7562 7561 7574
f 7575 7566 7563 7562
f 7577 7564 7566 7576
f 7578 7576 7566 7575
f 7579 7580 7565 7564
f 7579 7564 7577 7581
f 7580 7582 7567 7565
f 7583 7569 7568 7567
f 7583 7567 7582 7584
f 7585 7570 7569 7583
f 7571 7570 7585 7572
f 7586 7572 7585 7587
f 7588 7573 7572 7586
f 7589 7574 7573 7588
f 7590 7578 7575 7574
f 7590 7574 7589 7591
f 7592 7593 7576 7578
f 7592 7578 7590 7591
f 7593 7581 7577 7576
f 7596 7594 7581 7593
f 7595 7597 7580 7579
f 7597 7598 7582 7580
f 7584 7582 7598 7599
f 7587 7585 7583 7584
f 7600 7587 7584 7599
f 7601 7586 7587 7600
f 7602 7588 7586 7601
f 7603 7589 7588 7602
f 7605 7592 7591 7604
f 7605 7596 7593 7592
f 7606 7607 7594 7596
f 7606 7596 7605 7608
f 7607 7609 7595 7594
f 7610 7597 7595 7609
f 7598 7597 7610 7611
f 7611 7612 7599 7598
f 7613 7600 7599 7612
f 7614 7601 7600 7613
f 7615 7602 7601 7614
f 7616 7603 7602 7615
f 7617 7604 7603 7616
f 7617 7608 7605 7604
f 7619 7606 7608 7618
f 7620 7618 7608 7617
f 7619 7621 7607 7606
f 7622 7623 7610 7609
f 7623 7624 7611 7610
f 7612 7611 7624 7625
f 7626 7613 7612 7625
f 7614 7613 7626 7627
f 7615 7614 7627 7628
f 7629 7616 7615 7628
f 7620 7617 7616 7629
f 7630 7631 7618 7620
f 7630 7620 7629 7632
f 7631 7633 7619 7618
f 7634 7621 7619 7633
f 7634 7635 7622 7621
f 7636 7623 7622 7635
f 7637 7624 7623 7636
f 7638 7625 7624 7637
f 7638 7639 7640 7625
f 7626 7625 7640 7641
f 7627 7626 7641 7642
f 7628 7627 7642 7643
f 7629 7628 7643 7632
f 7644 7645 7646 7632
f 7644 7632 7643 7647
f 7630 7632 7646 7631
f 7631 7646 7648 7633
f 7648 7635 7634 7633
f 7649 7650 7636 7635
f 7649 7635 7648 7651
f 7652 7637 7636 7650
f 7652 7653 7638 7637
f 7654 7639 7638 7653
f 7655 7641 7640 7639
f 7656 7655 7639 7654
f 7641 7655 7657 7642
f 7658 7642 7657 7659
f 7643 7642 7658 7647
f 7660 7661 7662 7647
f 7660 7647 7658 7663
f 7644 7647 7662 7645
f 7651 7648 7646 7645
f 7664 7651 7645 7662
f 7665 7649 7651 7664
f 7665 7666 7650 7649
f 7667 7652 7650 7666
f 7668 7653 7652 7667
f 7668 7669 7670 7653
f 7654 7653 7670 7671
f 7656 7654 7671 7672
f 7656 7672 7673 7659
f 7657 7655 7656 7659
f 7674 7659 7673 7675
f 7658 7659 7674 7663
f 7663 7674 7677 7676
f 7678 7660 7663 7676
f 7678 7679 7661 7660
f 7679 7680 7681 7661
f 7661 7681 7664 7662
f 7681 7666 7665 7664
f 7682 7683 7667 7666
f 7682 7666 7681 7680
f 7684 7668 7667 7683
f 7684 7685 7669 7668
f 7686 7671 7670 7669
f 7687 7686 7669 7685
f 7688 7672 7671 7686
f 7673 7672 7688 7675
f 7675 7688 7690 7689
f 7677 7674 7675 7689
f 7677 7689 7692 7691
f 7693 7676 7677 7691
f 7693 7694 7695 7676
f 7678 7676 7695 7679
f 7695 7696 7680 7679
f 7696 7683 7682 7680
f 7697 7698 7684 7683
f 7697 7683 7696 7699
f 7700 7685 7684 7698
f 7700 7701 7702 7685
f 7687 7685 7702 7703
f 7690 7687 7703 7704
f 7690 7688 7686 7687
f 7690 7704 7705 7689
f 7692 7689 7705 7706
f 7707 7692 7706 7708
f 7691 7692 7707 7709
f 7710 7693 7691 7709
f 7710 7711 7694 7693
f 7694 7699 7696 7695
f 7711 7712 7699 7694
f 7713 7697 7699 7712
f 7713 7714 7698 7697
f 7715 7700 7698 7714
f 7715 7716 7701 7700
f 7717 7703 7702 7701
f 7718 7717 7701 7716
f 7719 7704 7703 7717
f 7705 7704 7719 7706
f 7706 7719 7720 7708
f 7720 7721 7722 7708
f 7723 7708 7722 7724
f 7707 7708 7723 7725
f 7726 7709 7707 7725
f 7726 7727 7728 7709
f 7710 7709 7728 7711
f 7711 7728 7729 7712
f 7729 7714 7713 7712
f 7730 7731 7715 7714
f 7730 7714 7729 7732
f 7733 7716 7715 7731
f 7733 7734 7718 7716
f 7735 7736 7718 7734
f 7718 7736 7737 7717
f 7719 7717 7737 7720
f 7721 7720 7737 7736
f 7738 7721 7736 7735
f 7722 7721 7738 7724
f 7738 7739 7740 7724
f 7741 7724 7740 7742
f 7723 7724 7741 7743
f 7744 7725 7723 7743
f 7744 7745 7746 7725
f 7726 7725 7746 7727
f 7727 7732 7729 7728
f 7747 7732 7727 7746
f 7747 7748 7730 7732
f 7749 7731 7730 7748
f 7750 7733 7731 7749
f 7751 7734 7733 7750
f 7751 7752 7753 7734
f 7735 7734 7753 7754
f 7738 7735 7754 7739
f 7755 7739 7754 7756
f 7740 7739 7755 7742
f 7742 7755 7758 7757
f 7759 7741 7742 7757
f 7743 7741 7759 7760
f 7761 7744 7743 7760
f 7761 7762 7745 7744
f 7763 7748 7745 7762
f 7745 7748 7747 7746
f 7764 7749 7748 7763
f 7764 7765 7750 7749
f 7766 7751 7750 7765
f 7766 7767 7752 7751
f 7756 7754 7753 7752
f 7768 7756 7752 7767
f 7758 7755 7756 7768
f 7758 7768 7769 7770
f 7758 7770 7771 7757
f 7772 7757 7771 7773
f 7759 7757 7772 7774
f 7775 7760 7759 7774
f 7775 7776 7777 7760
f 7761 7760 7777 7762
f 7762 7777 7778 7763
f 7778 7765 7764 7763
f 7779 7780 7766 7765
f 7779 7765 7778 7781
f 7782 7767 7766 7780
f 7782 7783 7784 7767
f 7768 7767 7784 7769
f 7785 7769 7784 7783
f 7786 7770 7769 7785
f 7771 7770 7786 7773
f 7773 7786 7788 7787
f 7789 7772 7773 7787
f 7774 7772 7789 7790
f 7791 7775 7774 7790
f 7791 7792 7776 7775
f 7776 7781 7778 7777
f 7792 7793 7781 7776
f 7794 7779 7781 7793
f 7794 7795 7780 7779
f 7796 7782 7780 7795
f 7797 7783 7782 7796
f 7798 7785 7783 7797
f 7798 7799 7800 7785
f 7786 7785 7800 7788
f 7801 7788 7800 7799
f 7788 7801 7802 7787
f 7803 7787 7802 7804
f 7789 7787 7803 7805
f 7806 7790 7789 7805
f 7806 7807 7808 7790
f 7791 7790 7808 7792
f 7792 7808 7809 7793
f 7809 7795 7794 7793
f 7810 7811 7796 7795
f 7810 7795 7809 7812
f 7813 7797 7796 7811
f 7814 7798 7797 7813
f 7815 7799 7798 7814
f 7816 7801 7799 7815
f 7802 7801 7816 7804
f 7816 7817 7818 7804
f 7819 7804 7818 7820
f 7821 7803 7804 7819
f 7822 7805 7803 7821
f 7822 7823 7824 7805
f 7806 7805 7824 7807
f 7807 7824 7825 7812
f 7807 7812 7809 7808
f 7825 7811 7810 7812
f 7826 7827 7813 7811
f 7826 7811 7825 7828
f 7829 7814 7813 7827
f 7829 7830 7831 7814
f 7815 7814 7831 7832
f 7816 7815 7832 7817
f 7833 7817 7832 7834
f 7818 7817 7833 7820
f 7833 7835 7836 7820
f 7837 7820 7836 7838
f 7819 7820 7837 7839
f 7821 7819 7839 7840
f 7841 7822 7821 7840
f 7841 7842 7823 7822
f 7823 7828 7825 7824
f 7842 7843 7828 7823
f 7844 7826 7828 7843
f 7844 7845 7827 7826
f 7846 7829 7827 7845
f 7847 7830 7829 7846
f 7847 7848 7849 7830
f 7834 7830 7849 7850
f 7834 7832 7831 7830
f 7833 7834 7850 7835
f 7851 7835 7850 7852
f 7836 7835 7851 7838
f 7838 7851 7854 7853
f 7855 7837 7838 7853
f 7839 7837 7855 7856
f 7857 7840 7839 7856
f 7857 7858 7859 7840
f 7841 7840 7859 7842
f 7842 7859 7860 7843
f 7860 7845 7844 7843
f 7861 7862 7846 7845
f 7861 7845 7860 7863
f 7864 7847 7846 7862
f 7864 7865 7848 7847
f 7852 7850 7849 7848
f 7852 7848 7865 7866
f 7866 7867 7868 7852
f 7851 7852 7868 7854
f 7869 7854 7868 7867
f 7854 7869 7870 7853
f 7871 7853 7870 7872
f 7855 7853 7871 7873
f 7874 7856 7855 7873
f 7874 7875 7876 7856
f 7857 7856 7876 7858
f 7858 7876 7877 7863
f 7858 7863 7860 7859
f 7877 7862 7861 7863
f 7878 7879 7864 7862
f 7878 7862 7877 7880
f 7881 7865 7864 7879
f 7882 7866 7865 7881
f 7882 7883 7884 7866
f 7866 7884 7885 7867
f 7869 7867 7885 7886
f 7870 7869 7886 7872
f 7886 7887 7888 7872
f 7889 7872 7888 7890
f 7871 7872 7889 7891
f 7892 7873 7871 7891
f 7892 7893 7894 7873
f 7874 7873 7894 7875
f 7875 7894 7895 7880
f 7875 7880 7877 7876
f 7895 7879 7878 7880
f 7896 7897 7881 7879
f 7896 7879 7895 7898
f 7899 7882 7881 7897
f 7899 7900 7883 7882
f 7900 7901 7902 7883
f 7883 7902 7903 7884
f 7887 7884 7903 7904
f 7887 7886 7885 7884
f 7887 7904 7905 7888
f 7890 7888 7905 7906
f 7890 7906 7908 7907
f 7889 7890 7907 7909
f 7910 7891 7889 7909
f 7910 7911 7912 7891
f 7892 7891 7912 7893
f 7893 7912 7913 7898
f 7898 7895 7894 7893
f 7913 7897 7896 7898
f 7914 7915 7899 7897
f 7914 7897 7913 7916
f 7917 7900 7899 7915
f 7918 7901 7900 7917
f 7918 7919 7920 7901
f 7921 7901 7920 7922
f 7921 7903 7902 7901
f 7923 7904 7903 7921
f 7905 7904 7923 7906
f 7923 7924 7925 7906
f 7908 7906 7925 7926
f 7908 7926 7928 7927
f 7907 7908 7927 7929
f 7930 7909 7907 7929
f 7930 7931 7932 7909
f 7910 7909 7932 7911
f 7911 7932 7933 7916
f 7911 7916 7913 7912
f 7933 7915 7914 7916
f 7934 7935 7917 7915
f 7934 7915 7933 7936
f 7937 7918 7917 7935
f 7938 7919 7918 7937
f 7938 7939 7940 7919
f 7941 7919 7940 7942
f 7941 7922 7920 7919
f 7943 7924 7922 7941
f 7923 7921 7922 7924
f 7925 7924 7943 7926
f 7943 7944 7945 7926
f 7928 7926 7945 7946
f 7928 7946 7948 7947
f 7949 7927 7928 7947
f 7950 7929 7927 7949
f 7950 7951 7952 7929
f 7930 7929 7952 7931
f 7931 7952 7953 7936
f 7931 7936 7933 7932
f 7953 7935 7934 7936
f 7954 7955 7937 7935
f 7954 7935 7953 7956
f 7955 7957 7938 7937
f 7958 7939 7938 7957
f 7939 7959 7960 7940
f 7961 7959 7939 7958
f 7942 7940 7960 7962
f 7944 7942 7962 7963
f 7943 7941 7942 7944
f 7944 7963 7964 7945
f 7946 7945 7964 7965
f 7946 7965 7966 7948
f 7967 7948 7966 7968
f 7969 7947 7948 7967
f 7969 7970 7971 7947
f 7949 7947 7971 7972
f 7950 7949 7972 7951
f 7951 7972 7973 7956
f 7951 7956 7953 7952
f 7973 7955 7954 7956
f 7974 7957 7955 7973
f 7975 7976 7958 7957
f 7975 7957 7974 7977
f 7976 7978 7961 7958
f 7961 7979 7980 7959
f 7981 7979 7961 7978
f 7982 7959 7980 7983
f 7982 7962 7960 7959
f 7984 7963 7962 7982
f 7964 7963 7984 7965
f 7984 7985 7986 7965
f 7966 7965 7986 7987
f 7966 7987 7988 7968
f 7989 7990 7991 7968
f 7989 7968 7988 7992
f 7967 7968 7991 7993
f 7969 7967 7993 7970
f 7970 7993 7994 7977
f 7970 7977 7974 7971
f 7972 7971 7974 7973
f 7994 7976 7975 7977
f 7994 7995 7978 7976
f 7996 7981 7978 7995
f 7997 7998 7999 7981
f 7999 8000 7979 7981
f 7996 8001 7997 7981
f 8000 8002 8003 7979
f 8003 8004 7980 7979
f 7983 7980 8004 8005
f 7985 7983 8005 8006
f 7984 7982 7983 7985
f 7985 8006 8007 7986
f 7987 7986 8007 8008
f 7988 7987 8008 8009
f 7992 7988 8009 8010
f 7992 8010 8011 8012
f 7989 7992 8012 7990
f 8012 8013 8014 7990
f 8014 7995 7991 7990
f 7991 7995 7994 7993
f 8014 8013 7996 7995
f 8013 8015 8001 7996
f 8016 8017 7997 8001
f 8015 8018 8016 8001
f 8017 8019 7998 7997
f 7998 8019 8020 8002
f 7998 8002 8000 7999
f 8003 8002 8020 8021
f 8021 8022 8004 8003
f 8005 8004 8022 8023
f 8006 8005 8023 8024
f 8006 8024 8025 8007
f 8008 8007 8025 8026
f 8008 8026 8027 8009
f 8009 8027 8028 8010
f 8010 8028 8029 8011
f 8011 8029 8018 8015
f 8012 8011 8015 8013
f 8018 8030 8031 8016
f 8029 8032 8030 8018
f 8031 8033 8017 8016
f 8017 8033 8034 8019
f 8034 8035 8020 8019
f 8021 8020 8035 8036
f 8021 8036 8037 8022
f 8023 8022 8037 8038
f 8024 8023 8038 8039
f 8024 8039 8040 8025
f 8026 8025 8040 8041
f 8026 8041 8042 8027
f 8028 8027 8042 8043
f 8028 8043 8032 8029
f 8032 8044 8045 8030
f 8043 8046 8044 8032
f 8030 8045 8047 8031
f 8031 8047 8048 8033
f 8033 8036 8035 8034
f 8048 8049 8036 8033
f 8037 8036 8049 8050
f 8037 8050 8051 8038
f 8039 8038 8051 8052
f 8040 8039 8052 8041
f 8052 8053 8054 8041
f 8042 8041 8054 8055
f 8043 8042 8055 8046
f 8046 8056 8057 8044
f 8046 8055 8058 8056
f 8045 8044 8057 8059
f 8045 8059 8060 8047
f 8047 8060 8061 8048
f 8048 8061 8062 8049
f 8050 8049 8062 8063
f 8053 8050 8063 8064
f 8053 8052 8051 8050
f 8053 8064 8065 8054
f 8055 8054 8065 8058
f 8058 8065 8066 8067
f 8058 8067 8068 8056
f 8056 8068 8069 8057
f 8057 8069 8070 8059
f 8059 8070 8071 8060
f 8071 8072 8061 8060
f 8061 8072 8073 8062
f 8062 8073 8074 8063
f 8074 8075 8076 8063
f 8064 8063 8076 8077
f 8077 8078 8079 8064
f 8065 8064 8079 8066
f 8066 8079 8080 8081
f 8067 8066 8081 8082
f 8068 8067 8082 8083
f 8068 8083 8084 8069
f 8069 8084 8085 8070
f 8085 8086 8071 8070
f 8071 8086 8087 8072
f 8072 8087 8088 8073
f 8073 8088 8089 8074
f 8074 8089 8090 8075
f 8078 8075 8090 8091
f 8077 8076 8075 8078
f 8079 8078 8091 8080
f 8080 8091 8092 8093
f 8081 8080 8093 8094
f 8082 8081 8094 8095
f 8083 8082 8095 8096
f 8096 8097 8084 8083
f 8084 8097 8098 8085
f 8085 8098 8099 8086
f 8086 8099 8100 8087
f 8087 8100 8101 8088
f 8088 8101 8102 8089
f 8089 8102 8103 8090
f 8091 8090 8103 8092
f 8103 8104 8105 8092
f 8093 8092 8105 8106
f 8094 8093 8106 8107
f 8095 8094 8107 8108
f 8095 8108 8109 8096
f 8109 8110 8097 8096
f 8097 8110 8111 8098
f 8098 8111 8112 8099
f 8099 8112 8113 8100
f 8100 8113 8114 8101
f 8101 8114 8115 8102
f 8103 8102 8115 8104
f 8115 8116 8117 8104
f 8117 8118 8119 8104
f 8105 8104 8119 8120
f 8106 8105 8120 8121
f 8106 8121 8122 8107
f 8107 8122 8123 8108
f 8123 8124 8125 8108
f 8109 8108 8125 8110
f 8110 8125 8126 8111
f 8126 8127 8112 8111
f 8112 8127 8128 8113
f 8113 8128 8129 8114
f 8114 8129 8116 8115
f 8129 8130 8131 8116
f 8116 8131 8132 8117
f 8118 8117 8132 8133
f 8118 8133 8135 8134
f 8119 8118 8134 8120
f 8120 8134 8136 8121
f 8136 8137 8138 8121
f 8122 8121 8138 8139
f 8122 8139 8140 8123
f 8140 8141 8124 8123
f 8124 8141 8142 8127
f 8124 8127 8126 8125
f 8142 8143 8128 8127
f 8143 8130 8129 8128
f 8130 8144 8145 8131
f 8146 8144 8130 8143
f 8131 8145 8147 8132
f 8132 8147 8148 8133
f 8148 8149 8150 8133
f 8135 8133 8150 8151
f 8137 8135 8151 8152
f 8136 8134 8135 8137
f 8138 8137 8152 8153
f 8139 8138 8153 8154
f 8139 8154 8155 8140
f 8155 8156 8141 8140
f 8141 8156 8157 8142
f 8142 8157 8146 8143
f 8158 8144 8146 8157
f 8159 8160 8145 8144
f 8158 8161 8159 8144
f 8145 8160 8162 8147
f 8162 8163 8148 8147
f 8148 8163 8164 8149
f 8149 8164 8166 8165
f 8150 8149 8165 8151
f 8151 8165 8167 8152
f 8167 8168 8169 8152
f 8153 8152 8169 8170
f 8153 8170 8171 8154
f 8171 8172 8173 8154
f 8155 8154 8173 8156
f 8156 8173 8158 8157
f 8173 8172 8161 8158
f 8174 8160 8159 8161
f 8172 8175 8174 8161
f 8176 8177 8162 8160
f 8174 8178 8176 8160
f 8162 8177 8179 8163
f 8163 8179 8180 8181
f 8164 8163 8181 8182
f 8166 8164 8182 8183
f 8166 8183 8184 8168
f 8167 8165 8166 8168
f 8184 8185 8186 8168
f 8169 8168 8186 8187
f 8169 8187 8188 8170
f 8188 8189 8175 8170
f 8171 8170 8175 8172
f 8189 8178 8174 8175
f 8190 8177 8176 8178
f 8191 8192 8190 8178
f 8189 8193 8191 8178
f 8177 8190 8194 8179
f 8179 8194 8195 8180
f 8180 8195 8196 8197
f 8181 8180 8197 8198
f 8181 8198 8199 8182
f 8183 8182 8199 8200
f 8184 8183 8200 8185
f 8200 8201 8202 8185
f 8185 8202 8203 8204
f 8186 8185 8204 8205
f 8186 8205 8206 8187
f 8206 8207 8193 8187
f 8188 8187 8193 8189
f 8207 8192 8191 8193
f 8208 8194 8190 8192
f 8209 8210 8208 8192
f 8207 8211 8209 8192
f 8194 8208 8212 8195
f 8195 8212 8213 8196
f 8196 8213 8214 8215
f 8196 8215 8216 8197
f 8198 8197 8216 8217
f 8201 8198 8217 8218
f 8199 8198 8201 8200
f 8201 8218 8219 8202
f 8219 8220 8203 8202
f 8203 8220 8221 8222
f 8204 8203 8222 8223
f 8204 8223 8224 8205
f 8224 8225 8211 8205
f 8206 8205 8211 8207
f 8225 8210 8209 8211
f 8226 8212 8208 8210
f 8227 8226 8210 8225
f 8228 8229 8213 8212
f 8226 8230 8228 8212
f 8213 8229 8231 8214
f 8214 8231 8232 8233
f 8214 8233 8234 8215
f 8235 8215 8234 8236
f 8216 8215 8235 8217
f 8218 8217 8235 8237
f 8219 8218 8237 8220
f 8237 8238 8239 8220
f 8239 8240 8221 8220
f 8221 8240 8241 8242
f 8221 8242 8243 8222
f 8222 8243 8244 8223
f 8244 8245 8227 8223
f 8224 8223 8227 8225
f 8227 8245 8230 8226
f 8246 8229 8228 8230
f 8247 8246 8230 8245
f 8248 8231 8229 8246
f 8231 8248 8249 8232
f 8233 8232 8250 8251
f 8232 8249 8252 8250
f 8233 8251 8253 8234
f 8236 8234 8253 8254
f 8238 8236 8254 8255
f 8237 8235 8236 8238
f 8238 8255 8256 8239
f 8256 8257 8240 8239
f 8240 8257 8258 8241
f 8258 8259 8260 8241
f 8241 8260 8261 8242
f 8261 8262 8263 8242
f 8243 8242 8263 8247
f 8244 8243 8247 8245
f 8247 8263 8264 8246
f 8264 8265 8248 8246
f 8266 8249 8248 8265
f 8266 8267 8252 8249
f 8250 8252 8268 8269
f 8270 8268 8252 8267
f 8250 8269 8271 8251
f 8272 8251 8271 8273
f 8253 8251 8272 8254
f 8255 8254 8272 8274
f 8256 8255 8274 8257
f 8274 8275 8276 8257
f 8276 8277 8258 8257
f 8277 8278 8259 8258
f 8259 8278 8279 8280
f 8260 8259 8280 8281
f 8261 8260 8281 8262
f 8262 8281 8266 8265
f 8262 8265 8264 8263
f 8280 8267 8266 8281
f 8282 8283 8270 8267
f 8280 8279 8282 8267
f 8268 8270 8284 8285
f 8286 8284 8270 8283
f 8285 8287 8288 8268
f 8269 8268 8288 8289
f 8289 8290 8291 8269
f 8271 8269 8291 8292
f 8273 8271 8292 8293
f 8275 8273 8293 8294
f 8274 8272 8273 8275
f 8276 8275 8294 8295
f 8295 8296 8277 8276
f 8277 8296 8297 8278
f 8298 8299 8279 8278
f 8297 8300 8298 8278
f 8299 8283 8282 8279
f 8299 8301 8286 8283
f 8286 8302 8303 8284
f 8301 8304 8302 8286
f 8285 8284 8303 8305
f 8305 8306 8287 8285
f 8290 8287 8306 8307
f 8289 8288 8287 8290
f 8291 8290 8307 6631
f 8292 8291 6631 6630
f 8293 8292 6630 6632
f 8294 8293 6632 6635
f 8295 8294 6635 8308
f 8295 8308 8309 8296
f 8311 8297 8296 8310
f 8310 8296 8309 8312
f 8313 8314 8300 8297
f 8311 8315 8313 8297
f 8300 8314 8304 8301
f 8298 8300 8301 8299
f 8304 6609 6606 8302
f 8314 8316 6609 8304
f 8302 6606 6605 8303
f 8305 8303 6605 6603
f 8305 6603 8317 8306
f 8307 8306 8317 8318
f 6631 8307 8318 6602
f 8318 8317 6603 6602
f 8316 8319 6607 6609
f 8321 8319 8316 8320
f 8313 8320 8316 8314
f 8322 8320 8313 8315
f 8312 8323 8322 8315
f 8310 8312 8315 8311
f 8309 6666 8323 8312
f 6663 6666 8309 8308
f 8308 6635 6633 6663
f 6666 6665 8321 8320
f 8323 6666 8320 8322
f 8321 6694 6696 8319
f 6664 6694 8321 6665
f 6696 6608 6607 8319
f 6695 6610 6608 6696
f 6844 6820 6819 6822
f 6861 6844 6822 6859
f 6858 6859 6822 6821
f 6792 6858 6821 6790
f 8324 6807 6753 6752
f 8325 8324 6752 6716
f 6808 6807 8324 8326
f 8327 8326 8324 8325
f 8325 6716 8328 8329
f 8327 8325 8329 8330
f 6714 6715 8328 6716
f 6715 6772 6773 8328
f 8329 8328 6773 6774
f 8329 6774 8331 8330
f 8330 8331 8332 8333
f 8327 8330 8333 8326
f 8326 8333 6806 6808
f 8333 8332 6804 6806
f 8332 8334 6805 6804
f 8335 8334 8332 8331
f 6774 6770 8335 8331
f 8335 6770 6771 8334
f 6771 6775 6805 8334
f 6710 6743 6769 6772
f 6715 6711 6710 6772
f 6681 6743 6710 6709
f 6680 6681 6709 6682
f 6614 6727 6647 6616
g Top
f 7595 7579 7581 7594
f 7604 7591 7589 7603
f 7621 7622 7609 7607
o Box
usemtl Box_2
v -1.66674101 -1.9742161 0.283302456 1 1 1
v -1.68788815 -2.0214746 0.293539911 1 1 1
v -1.7570492 -1.97552657 0.298930078 1 1 1
v -1.7333442 -1.93220258 0.288434773 1 1 1
v -1.59519875 -2.00972009 0.278929442 1 1 1
v -1.61708677 -2.05916643 0.299438834 1 1 1
v -1.63255608 -1.90984416 0.270089656 1 1 1
v -1.70122027 -1.87459874 0.275786966 1 1 1
v -1.56510568 -1.94757354 0.266628623 1 1 1
v -1.702245 -2.05898476 0.336446613 1 1 1
v -1.77985501 -2.0300467 0.323872119 1 1 1
v -1.62706017 -2.05931926 0.344885796 1 1 1
v -1.81654239 -1.92645502 0.302929014 1 1 1
v -1.79525793 -1.88747597 0.293917208 1 1 1
v -1.8429631 -1.9782182 0.314968943 1 1 1
v -1.76676011 -1.83606052 0.282136529 1 1 1
v -1.66411793 -1.80656135 0.262211293 1 1 1
v -1.73158133 -1.77070642 0.268173188 1 1 1
v -1.59664822 -1.84242022 0.258077412 1 1 1
v -1.52923894 -1.87835145 0.255399882 1 1 1
v -1.4968344 -1.98037326 0.263798445 1 1 1
v -1.52684939 -2.03903484 0.289407074 1 1 1
v -1.46184063 -1.91432703 0.255008399 1 1 1
v -1.54865396 -2.0800693 0.336516261 1 1 1
v -1.5850625 -2.07121229 0.355833172 1 1 1
v -1.62777305 -2.05830073 0.393291860 1 1 1
v -1.69728327 -2.0340941 0.414257466 1 1 1
v -1.58295012 -2.06601548 0.383767336 1 1 1
v -1.76335728 -2.04509115 0.412419349 1 1 1
v -1.81795001 -2.04568624 0.357003033 1 1 1
v -1.86813068 -2.02594399 0.353942573 1 1 1
v -1.81562495 -2.04427648 0.415260165 1 1 1
v -1.93707263 -1.99725938 0.357636094 1 1 1
v -1.90679324 -1.93588626 0.322970569 1 1 1
v -1.87731361 -1.87993288 0.309547931 1 1 1
v -1.85450912 -1.83641875 0.299214214 1 1 1
v -1.83061957 -1.79234684 0.289294123 1 1 1
v -1.79962409 -1.73532856 0.276443570 1 1 1
v -1.69567966 -1.70330274 0.255391269 1 1 1
v -1.76304662 -1.66737759 0.262535572 1 1 1
v -1.62820339 -1.73914623 0.250704556 1 1 1
v -1.56072044 -1.77498555 0.248110204 1 1 1
v -1.49329054 -1.81086886 0.24728854 1 1 1
v -1.42586875 -1.84681356 0.247888505 1 1 1
v -1.3944149 -1.95031667 0.256610840 1 1 1
v -1.42826951 -2.01465082 0.263866156 1 1 1
v -1.35843217 -1.88269305 0.251162439 1 1 1
v -1.4529115 -2.06340337 0.293315261 1 1 1
v -1.46764171 -2.09443116 0.341127306 1 1 1
v -1.53871429 -2.04966164 0.400806188 1 1 1
v -1.45660949 -2.06890416 0.392957925 1 1 1
v -1.6004622 -2.00967622 0.415758043 1 1 1
v -1.6729008 -1.976143 0.446179270 1 1 1
v -1.72622669 -2.00604391 0.450886607 1 1 1
v -1.77456486 -2.00302935 0.465654790 1 1 1
v -1.71276832 -1.98031723 0.453190386 1 1 1
v -1.81721222 -2.02766609 0.454724997 1 1 1
v -1.8751533 -2.03991461 0.415324658 1 1 1
v -1.86763597 -2.01647305 0.461819112 1 1 1
v -1.95506573 -2.03561139 0.412403374 1 1 1
v -2.0069406 -1.96640992 0.347951293 1 1 1
v -1.97485626 -1.90382457 0.333335220 1 1 1
v -2.0250349 -2.00727296 0.380052596 1 1 1
v -1.94021463 -1.83642316 0.317382901 1 1 1
v -1.91228259 -1.78570569 0.304967075 1 1 1
v -1.8860333 -1.75004697 0.295366674 1 1 1
v -1.86119521 -1.69700062 0.283970594 1 1 1
v -1.83218408 -1.63168752 0.271537870 1 1 1
v -1.92442083 -1.71633935 0.299139082 1 1 1
v -1.913221 -1.66748714 0.292427808 1 1 1
v -1.89111984 -1.60225224 0.282469719 1 1 1
v -1.96531796 -1.73062468 0.312302947 1 1 1
v -2.00281811 -1.80037212 0.326840460 1 1 1
v -2.03755283 -1.86863124 0.342138230 1 1 1
v -2.06510544 -1.92490613 0.354947358 1 1 1
v -2.08972859 -1.96113873 0.381301730 1 1 1
v -2.03804278 -2.0234313 0.412857711 1 1 1
v -2.10920548 -1.99483299 0.412643402 1 1 1
v -1.991606 -2.03621793 0.429558545 1 1 1
v -1.94462526 -2.00537515 0.475322753 1 1 1
v -1.98934948 -2.02576375 0.460959166 1 1 1
v -1.83515084 -1.96602273 0.473455160 1 1 1
v -1.90595233 -1.93755448 0.486994117 1 1 1
v -2.01024175 -1.97060204 0.503229200 1 1 1
v -2.04180694 -2.02346539 0.472669631 1 1 1
v -1.97368681 -1.90143752 0.498835742 1 1 1
v -2.10741615 -1.99176037 0.473894029 1 1 1
v -2.13567495 -1.94465661 0.430228143 1 1 1
v -2.11802435 -1.90464568 0.413302034 1 1 1
v -2.13624644 -1.94810307 0.462533175 1 1 1
v -2.09596848 -1.88960326 0.378504961 1 1 1
v -2.07317352 -1.84079564 0.372014075 1 1 1
v -2.04785514 -1.77697802 0.363083809 1 1 1
v -2.02127028 -1.70392585 0.351953417 1 1 1
v -1.95574248 -1.65341282 0.305830627 1 1 1
v -1.99767709 -1.6342386 0.347693383 1 1 1
v -1.9356885 -1.58029711 0.298786729 1 1 1
v -1.85986483 -1.53085065 0.271714836 1 1 1
v -1.90551937 -1.50728357 0.292520552 1 1 1
v -1.79501963 -1.56406641 0.258703023 1 1 1
v -1.96592295 -1.56284297 0.342672199 1 1 1
v -1.93136573 -1.49236715 0.339369684 1 1 1
v -1.99539077 -1.63146067 0.425468474 1 1 1
v -2.02670622 -1.70118463 0.415387392 1 1 1
v -1.95650196 -1.56483734 0.412396997 1 1 1
v -2.05884552 -1.76909709 0.415253281 1 1 1
v -2.09092307 -1.83784807 0.417340636 1 1 1
v -2.11725378 -1.90335345 0.464400470 1 1 1
v -2.09084487 -1.83934057 0.466650754 1 1 1
v -2.07811427 -1.93393302 0.500475168 1 1 1
v -2.03954458 -1.86588895 0.492485165 1 1 1
v -1.93590379 -1.83260381 0.481665849 1 1 1
v -2.00207639 -1.79726315 0.488314956 1 1 1
v -1.87085021 -1.87101865 0.472131162 1 1 1
v -2.05337667 -1.77071679 0.465910196 1 1 1
v -2.01530933 -1.71122921 0.461018413 1 1 1
v -1.986009 -1.67245972 0.454988092 1 1 1
v -1.89403212 -1.59168327 0.432671964 1 1 1
v -1.92486823 -1.64794004 0.451885849 1 1 1
v -1.93873417 -1.6900847 0.464538484 1 1 1
v -1.91462946 -1.49807703 0.403087347 1 1 1
v -1.85920739 -1.52859628 0.420700490 1 1 1
v -1.89253771 -1.42412627 0.339542478 1 1 1
v -1.8707639 -1.43756294 0.288523167 1 1 1
v -1.8748399 -1.43262684 0.396446704 1 1 1
v -1.82299364 -1.46294594 0.262886196 1 1 1
v -1.78948581 -1.39489877 0.250632613 1 1 1
v -1.83884215 -1.36797488 0.280295640 1 1 1
v -1.85041916 -1.36016011 0.337114483 1 1 1
v -1.83420002 -1.3678664 0.390142828 1 1 1
v -1.82244658 -1.46182978 0.411211520 1 1 1
v -1.78560555 -1.39519775 0.402871757 1 1 1
v -1.79426742 -1.56369746 0.422529459 1 1 1
v -1.82869887 -1.63117337 0.435081183 1 1 1
v -1.75846386 -1.49639547 0.411677122 1 1 1
v -1.85650861 -1.68815446 0.446676582 1 1 1
v -1.8771261 -1.73109329 0.455926597 1 1 1
v -1.9641577 -1.73471677 0.473769813 1 1 1
v -1.90178394 -1.77402651 0.466628909 1 1 1
v -1.84139478 -1.81919885 0.459188103 1 1 1
v -1.80670738 -1.91466486 0.463775426 1 1 1
v -1.78287601 -1.8703264 0.453175336 1 1 1
v -1.81960535 -1.7796886 0.449602335 1 1 1
v -1.76038253 -1.82717299 0.443479269 1 1 1
v -1.79493558 -1.73042822 0.439017176 1 1 1
v -1.76299679 -1.66734982 0.426318377 1 1 1
v -1.72710919 -1.59994411 0.413964331 1 1 1
v -1.69126403 -1.5325433 0.403396993 1 1 1
v -1.72263145 -1.42908752 0.403197109 1 1 1
v -1.65545332 -1.46512687 0.394962251 1 1 1
v -1.74960828 -1.32874691 0.396995037 1 1 1
v -1.79625511 -1.30889106 0.384756147 1 1 1
v -1.6867429 -1.36168706 0.398952752 1 1 1
v -1.80589402 -1.30212677 0.337742567 1 1 1
v -1.79481995 -1.30983829 0.287019014 1 1 1
v -1.75371575 -1.3257221 0.246289879 1 1 1
v -1.73025811 -1.24828947 0.250992298 1 1 1
v -1.76904655 -1.26357067 0.289110094 1 1 1
v -1.77167034 -1.26005888 0.337795019 1 1 1
v -1.76886845 -1.26595438 0.379558503 1 1 1
v -1.71987319 -1.25969934 0.388755738 1 1 1
v -1.65157998 -1.29476094 0.398086190 1 1 1
v -1.61949575 -1.39767301 0.390832513 1 1 1
v -1.5835284 -1.33020282 0.390138149 1 1 1
v -1.58800256 -1.50106692 0.389283508 1 1 1
v -1.62387729 -1.56848657 0.396960973 1 1 1
v -1.55204964 -1.43359792 0.385406762 1 1 1
v -1.65976429 -1.6358943 0.406761556 1 1 1
v -1.69566441 -1.70329773 0.418380826 1 1 1
v -1.73137796 -1.77120638 0.431577771 1 1 1
v -1.69795454 -1.87100351 0.437507033 1 1 1
v -1.72539616 -1.92087519 0.448298752 1 1 1
v -1.66411865 -1.80655837 0.424763202 1 1 1
v -1.62817705 -1.73912835 0.413113147 1 1 1
v -1.59228313 -1.67172635 0.402798861 1 1 1
v -1.5563941 -1.6043328 0.394190877 1 1 1
v -1.52049661 -1.53693509 0.387527376 1 1 1
v -1.48455858 -1.46949542 0.384586811 1 1 1
v -1.51608253 -1.36609375 0.384943515 1 1 1
v -1.44862235 -1.40201247 0.384382247 1 1 1
v -1.54755783 -1.26276565 0.392593890 1 1 1
v -1.61196828 -1.22865212 0.399786889 1 1 1
v -1.4801259 -1.29857612 0.387707710 1 1 1
v -1.66713822 -1.19832182 0.389163881 1 1 1
v -1.74055266 -1.22373831 0.331577301 1 1 1
v -1.6864326 -1.18294024 0.336816489 1 1 1
v -1.67059445 -1.19494104 0.270445138 1 1 1
v -1.63677442 -1.12880898 0.337337255 1 1 1
v -1.62660098 -1.13608074 0.280239015 1 1 1
v -1.62310779 -1.13860512 0.386392623 1 1 1
v -1.57558668 -1.15995312 0.404873400 1 1 1
v -1.51156938 -1.19555819 0.397931844 1 1 1
v -1.44418597 -1.23108137 0.393492966 1 1 1
v -1.41268325 -1.33452535 0.387272328 1 1 1
v -1.37675023 -1.26704478 0.393086999 1 1 1
v -1.3811779 -1.43792224 0.386905044 1 1 1
v -1.41709054 -1.50537097 0.386532932 1 1 1
v -1.3452462 -1.37046564 0.389824658 1 1 1
v -1.45300031 -1.57280433 0.388557553 1 1 1
v -1.4889127 -1.64018309 0.393988698 1 1 1
v -1.52480543 -1.70755529 0.401199936 1 1 1
v -1.56078744 -1.77505004 0.408879995 1 1 1
v -1.59665358 -1.84241247 0.419543057 1 1 1
v -1.49330056 -1.81088185 0.408019632 1 1 1
v -1.52916825 -1.87824237 0.416195213 1 1 1
v -1.45737231 -1.74345219 0.401331901 1 1 1
v -1.42145455 -1.67605972 0.396074205 1 1 1
v -1.38551617 -1.6086899 0.392067283 1 1 1
v -1.34962714 -1.54126358 0.391027867 1 1 1
v -1.3137325 -1.47382641 0.391978561 1 1 1
v -1.27780235 -1.40638375 0.395065814 1 1 1
v -1.30931604 -1.30300462 0.395556092 1 1 1
v -1.24186718 -1.33893275 0.400614202 1 1 1
v -1.34086132 -1.19963241 0.401916950 1 1 1
v -1.40826595 -1.16374254 0.402311086 1 1 1
v -1.27343786 -1.23558962 0.404186427 1 1 1
v -1.47675943 -1.12646997 0.406766802 1 1 1
v -1.54614317 -1.08536935 0.399187833 1 1 1
v -1.59401119 -1.0885396 0.383107066 1 1 1
v -1.5991292 -1.08038306 0.338214278 1 1 1
v -1.56435025 -1.04772174 0.335816562 1 1 1
v -1.49783719 -1.02896035 0.397577881 1 1 1
v -1.51558137 -1.00561738 0.338795214 1 1 1
v -1.44020283 -1.05985904 0.417822659 1 1 1
v -1.37240255 -1.0966984 0.413617551 1 1 1
v -1.30499649 -1.13226402 0.413209915 1 1 1
v -1.23758292 -1.16820192 0.415135502 1 1 1
v -1.20600009 -1.27151477 0.408911287 1 1 1
v -1.170156 -1.20411217 0.419382095 1 1 1
v -1.17442763 -1.37484574 0.407975941 1 1 1
v -1.21036875 -1.44228756 0.402712106 1 1 1
v -1.13857186 -1.3074224 0.415812760 1 1 1
v -1.24628592 -1.50972641 0.399374634 1 1 1
v -1.2821697 -1.5771569 0.397792846 1 1 1
v -1.31804943 -1.6445837 0.397807002 1 1 1
v -1.35399151 -1.71198046 0.399852544 1 1 1
v -1.250646 -1.68044484 0.405820161 1 1 1
v -1.28657186 -1.74785364 0.406318187 1 1 1
v -1.21479619 -1.61302257 0.407006293 1 1 1
v -1.17891085 -1.54560387 0.409091383 1 1 1
v -1.14300358 -1.47818327 0.412578374 1 1 1
v -1.10707891 -1.41075671 0.417639523 1 1 1
v -1.0711869 -1.34333551 0.424626171 1 1 1
v -1.10273731 -1.2400167 0.425695926 1 1 1
v -1.03392017 -1.27536047 0.433934301 1 1 1
v -1.13312566 -1.13589978 0.431628137 1 1 1
v -1.20171285 -1.10080624 0.427649945 1 1 1
v -1.06653607 -1.1740787 0.436914473 1 1 1
v -1.26912737 -1.06490493 0.425990700 1 1 1
v -1.33770561 -1.02704322 0.426703780 1 1 1
v -1.41258383 -0.98148119 0.427535206 1 1 1
v -1.45181084 -0.99001384 0.388246685 1 1 1
v -1.42209804 -0.9397164 0.355025738 1 1 1
v -1.45116544 -0.97882783 0.340556830 1 1 1
v -1.36962438 -0.92300725 0.430527955 1 1 1
v -1.38706994 -0.89859211 0.348459392 1 1 1
v -1.30301476 -0.96612567 0.439398586 1 1 1
v -1.23568869 -1.00196445 0.438970923 1 1 1
v -1.16728854 -1.03750718 0.440632492 1 1 1
v -1.10084605 -1.07753229 0.443253815 1 1 1
v -1.03728914 -1.12189925 0.446828454 1 1 1
v -1.00173855 -1.2183646 0.443095445 1 1 1
v -0.97684443 -1.17370617 0.450802713 1 1 1
v -0.97398889 -1.31339312 0.441890835 1 1 1
v -1.00292885 -1.37939823 0.435061663 1 1 1
v -0.94844651 -1.26115382 0.448888987 1 1 1
v -1.03972375 -1.44666016 0.428589284 1 1 1
v -1.07564867 -1.51407206 0.423870533 1 1 1
v -1.11156642 -1.58147645 0.420442491 1 1 1
v -1.14745164 -1.64888227 0.417927444 1 1 1
v -1.04290414 -1.61767328 0.432854443 1 1 1
v -1.08006799 -1.68476105 0.429866612 1 1 1
v -1.00972712 -1.54918218 0.435742139 1 1 1
v -0.97502369 -1.48080826 0.439903855 1 1 1
v -0.94595271 -1.40921843 0.444474607 1 1 1
v -0.92474705 -1.34309959 0.449300587 1 1 1
v -0.91338909 -1.29482222 0.453206896 1 1 1
v -0.92179042 -1.22544301 0.455583751 1 1 1
v -0.87132114 -1.28210032 0.460939377 1 1 1
v -0.95478451 -1.13012028 0.458637237 1 1 1
v -1.01689112 -1.0830723 0.454447090 1 1 1
v -0.8937887 -1.17450321 0.464350998 1 1 1
v -1.07821667 -1.03637207 0.452016443 1 1 1
v -1.1436044 -0.99392635 0.450087666 1 1 1
v -1.20998478 -0.95377076 0.449461191 1 1 1
v -1.27403831 -0.91444713 0.450692951 1 1 1
v -1.32584393 -0.86662591 0.428410977 1 1 1
v -1.24819076 -0.87713486 0.459488272 1 1 1
v -1.28994524 -0.85742408 0.457383155 1 1 1
v -1.18843341 -0.91332394 0.458513319 1 1 1
v -1.12302315 -0.95435071 0.458774477 1 1 1
v -1.05677223 -0.9947058 0.460843503 1 1 1
v -0.99251485 -1.03422749 0.464187800 1 1 1
v -0.92689914 -1.07421494 0.468937605 1 1 1
v -0.86036843 -1.10961926 0.475497722 1 1 1
v -0.83087128 -1.21353424 0.471810191 1 1 1
v -0.79296094 -1.14550948 0.482740759 1 1 1
v -0.88334852 -1.35805368 0.456189721 1 1 1
v -0.79933041 -1.31682527 0.471622973 1 1 1
v -0.83096629 -1.38450837 0.464753747 1 1 1
v -0.76146364 -1.24881434 0.480910807 1 1 1
v -0.90278661 -1.43189418 0.451938688 1 1 1
v -0.92664802 -1.50635803 0.448740363 1 1 1
v -0.85921979 -1.45543051 0.459651798 1 1 1
v -0.88703954 -1.52766967 0.456168800 1 1 1
v -0.76585233 -1.41951764 0.475630343 1 1 1
v -0.8021431 -1.48637235 0.469847977 1 1 1
v -0.72996432 -1.35211051 0.482354372 1 1 1
v -0.69408089 -1.28470826 0.490097731 1 1 1
v -0.72557956 -1.18140745 0.490553081 1 1 1
v -0.65824163 -1.21732056 0.498781204 1 1 1
v -0.75716299 -1.07815397 0.494565427 1 1 1
v -0.82449478 -1.04222107 0.487826556 1 1 1
v -0.68974221 -1.1140275 0.500945627 1 1 1
v -0.8918978 -1.0063324 0.482202142 1 1 1
v -0.95929337 -0.97043717 0.477372020 1 1 1
v -1.02655649 -0.93565357 0.473452538 1 1 1
v -1.09313393 -0.89683503 0.471473604 1 1 1
v -1.16124773 -0.86148858 0.470156252 1 1 1
v -1.22906327 -0.82488066 0.470067024 1 1 1
v -1.1226691 -0.79754668 0.482127875 1 1 1
v -1.18541026 -0.76143634 0.474518477 1 1 1
v -1.05831885 -0.83137375 0.486004144 1 1 1
v -0.99083066 -0.86716735 0.488178074 1 1 1
v -0.92342752 -0.90305346 0.491502910 1 1 1
v -0.85603994 -0.93895543 0.495737224 1 1 1
v -0.78863382 -0.97483706 0.500460088 1 1 1
v -0.72122884 -1.01071966 0.505592107 1 1 1
v -0.6538713 -1.04663408 0.511189520 1 1 1
v -0.62240422 -1.14994287 0.507909834 1 1 1
v -0.58653188 -1.08255517 0.516801178 1 1 1
v -0.590873 -1.25321603 0.506821155 1 1 1
v -0.62670916 -1.32060242 0.499372303 1 1 1
v -0.55497593 -1.18581378 0.514021933 1 1 1
v -0.6626277 -1.38800597 0.492952942 1 1 1
v -0.69844443 -1.45540619 0.486701726 1 1 1
v -0.59516627 -1.4238888 0.502393126 1 1 1
v -0.63105446 -1.49129164 0.497563719 1 1 1
v -0.55931592 -1.35649109 0.508144974 1 1 1
v -0.52348632 -1.28910208 0.514379322 1 1 1
v -0.48758051 -1.22169566 0.519937753 1 1 1
v -0.52029485 -1.11749029 0.521110177 1 1 1
v -0.4554044 -1.15823269 0.524357557 1 1 1
v -0.55473524 -1.01964843 0.524290323 1 1 1
v -0.61972487 -0.9825024 0.520309448 1 1 1
v -0.49322549 -1.06133056 0.526521682 1 1 1
v -0.68622172 -0.94493574 0.516504943 1 1 1
v -0.75200635 -0.90656477 0.513025701 1 1 1
v -0.82019395 -0.8715933 0.508960068 1 1 1
v -0.88757408 -0.83568639 0.505305469 1 1 1
v -0.95497561 -0.79980409 0.502381622 1 1 1
v -1.02312779 -0.76373285 0.500368416 1 1 1
v -1.08875835 -0.72876877 0.487856954 1 1 1
v -0.99088806 -0.6931603 0.509763777 1 1 1
v -1.057953 -0.66176718 0.477464824 1 1 1
v -0.91890991 -0.73211884 0.515983343 1 1 1
v -0.85349965 -0.77163363 0.517850935 1 1 1
v -0.7860893 -0.80804867 0.520833194 1 1 1
v -0.72014499 -0.84760833 0.523454725 1 1 1
v -0.65578622 -0.88827729 0.525672674 1 1 1
v -0.59293789 -0.93214297 0.527349174 1 1 1
v -0.53212404 -0.97507787 0.528936386 1 1 1
v -0.47299463 -1.02017772 0.529190182 1 1 1
v -0.43191981 -1.10882473 0.528421461 1 1 1
v -0.41114867 -1.06980288 0.529461562 1 1 1
v -0.39246494 -1.19554079 0.527410805 1 1 1
v -0.42098731 -1.25713909 0.524837911 1 1 1
v -0.37873459 -1.15287673 0.529522240 1 1 1
v -0.45561683 -1.32538676 0.521033644 1 1 1
v -0.35229608 -1.29431832 0.525028944 1 1 1
v -0.3875809 -1.36210251 0.521301329 1 1 1
v -0.31961685 -1.22012794 0.529576599 1 1 1
v -0.3370297 -1.176929 0.529772520 1 1 1
v -0.3545129 -1.11130965 0.530481398 1 1 1
v -0.31129545 -1.13825023 0.530406296 1 1 1
v -0.38087061 -1.01814735 0.532465219 1 1 1
v -0.44775507 -0.97595268 0.532705664 1 1 1
v -0.3201859 -1.05298221 0.531858444 1 1 1
v -0.50992477 -0.93551725 0.532560586 1 1 1
v -0.57136637 -0.89167678 0.531292080 1 1 1
v -0.63450181 -0.84874332 0.529976785 1 1 1
v -0.69768631 -0.80605841 0.528896391 1 1 1
v -0.76190233 -0.76303989 0.527679562 1 1 1
v -0.82516658 -0.71879399 0.526644349 1 1 1
v -0.88337815 -0.6625644 0.527976751 1 1 1
v -0.95844197 -0.61763513 0.496492147 1 1 1
v -0.85892493 -0.58828068 0.521864235 1 1 1
v -0.90577352 -0.56708074 0.482831597 1 1 1
v -0.80012816 -0.68284905 0.532524108 1 1 1
v -0.83963227 -0.65294331 0.532340049 1 1 1
v -0.81793833 -0.60581529 0.537524581 1 1 1
v -0.74110955 -0.72357595 0.533661961 1 1 1
v -0.67617649 -0.76504737 0.534754931 1 1 1
v -0.61114997 -0.80447406 0.535652518 1 1 1
v -0.54440844 -0.8410362 0.536477565 1 1 1
v -0.47814626 -0.87905884 0.536501467 1 1 1
v -0.41346079 -0.91685802 0.534962475 1 1 1
v -0.3440057 -0.95209527 0.533697783 1 1 1
v -0.2820431 -0.9850812 0.532356858 1 1 1
v -0.27455568 -1.07559848 0.531174242 1 1 1
v -0.23765074 -1.00872207 0.531383216 1 1 1
v -0.27163434 -1.16380525 0.526010751 1 1 1
v -0.23323962 -1.09771144 0.525554180 1 1 1
v -0.19628718 -1.03077483 0.525554418 1 1 1
v -0.20129853 -0.94156879 0.531656146 1 1 1
v -0.1599668 -0.9634307 0.525043308 1 1 1
v -0.24606183 -0.91772962 0.532764315 1 1 1
v -0.30812067 -0.88468748 0.534484624 1 1 1
v -0.37552091 -0.84880841 0.536490202 1 1 1
v -0.44293231 -0.81294268 0.538617909 1 1 1
v -0.51033121 -0.77706337 0.539631009 1 1 1
v -0.57773721 -0.74117577 0.539881944 1 1 1
v -0.64537388 -0.70628607 0.539539873 1 1 1
v -0.71151823 -0.66742927 0.539242565 1 1 1
v -0.77431005 -0.63218987 0.538231670 1 1 1
v -0.77700222 -0.54806834 0.523653566 1 1 1
v -0.82067764 -0.52081162 0.498189687 1 1 1
v -0.73664457 -0.56968319 0.543000221 1 1 1
v -0.67762911 -0.60141265 0.543573737 1 1 1
v -0.60924089 -0.63787574 0.543462514 1 1 1
v -0.54183388 -0.67375541 0.542845666 1 1 1
v -0.4744305 -0.70964324 0.541693389 1 1 1
v -0.40703055 -0.745525 0.539868414 1 1 1
v -0.33963287 -0.7814045 0.537501990 1 1 1
v -0.27223596 -0.81728655 0.535126566 1 1 1
v -0.21020193 -0.85031629 0.533182084 1 1 1
v -0.1654314 -0.87415028 0.532009542 1 1 1
v -0.12433714 -0.89568025 0.523601174 1 1 1
v -0.09889993 -0.99480331 0.505056202 1 1 1
v -0.13402468 -1.06391931 0.506472468 1 1 1
v -0.06153019 -0.92641324 0.500941455 1 1 1
v -0.17131799 -1.13144231 0.505384385 1 1 1
v -0.20916383 -1.19889617 0.503547310 1 1 1
v -0.20424201 -1.20121682 0.396655231 1 1 1
v -0.1667784 -1.13365436 0.395181387 1 1 1
v -0.12983531 -1.06598461 0.394747853 1 1 1
v -0.09471015 -0.99686182 0.395982772 1 1 1
v -0.05745151 -0.92811948 0.399940729 1 1 1
v -0.02039225 -0.85880709 0.481139570 1 1 1
v -0.02054278 -0.8586542 0.421658754 1 1 1
v -0.08382187 -0.82924783 0.519336044 1 1 1
v -0.12995453 -0.80649847 0.532413601 1 1 1
v -0.17447032 -0.78283662 0.533644199 1 1 1
v -0.23634252 -0.74989367 0.535705924 1 1 1
v -0.30373704 -0.71401238 0.538182139 1 1 1
v -0.37112531 -0.67813492 0.540647447 1 1 1
v -0.43852171 -0.64225352 0.542637705 1 1 1
v -0.50592899 -0.60636115 0.544155955 1 1 1
v -0.57334071 -0.57046479 0.545165121 1 1 1
v -0.63941675 -0.53353894 0.545700609 1 1 1
v -0.54009008 -0.50579512 0.545735597 1 1 1
v -0.60607487 -0.46163481 0.546310246 1 1 1
v -0.47285113 -0.54439825 0.544731497 1 1 1
v -0.40553164 -0.58037919 0.543223857 1 1 1
v -0.33776906 -0.61570537 0.541201651 1 1 1
v -0.2698476 -0.65047073 0.538673043 1 1 1
v -0.20167522 -0.68487364 0.536157190 1 1 1
v -0.14073335 -0.71860456 0.534067452 1 1 1
v -0.09695904 -0.74495029 0.532829344 1 1 1
v -0.05342038 -0.76115674 0.522186458 1 1 1
v 0.002509275 -0.78648901 0.485231727 1 1 1
v 0.027824958 -0.88159275 0.483430981 1 1 1
v 0.027592128 -0.88039249 0.420069158 1 1 1
v 0.064036771 -0.83636463 0.511121273 1 1 1
v -0.10895737 -0.90378284 0.37848562 1 1 1
v -0.07162027 -0.8355034 0.382566899 1 1 1
v 0.001829658 -0.78896421 0.415832310 1 1 1
v -0.04313351 -0.76492941 0.380948931 1 1 1
v 0.052570611 -0.83893365 0.391358345 1 1 1
v 0.111878253 -0.89727324 0.376105636 1 1 1
v 0.072313264 -0.94640082 0.396581053 1 1 1
v 0.080975107 -0.9398405 0.505853295 1 1 1
v 0.125374004 -0.88940966 0.525068402 1 1 1
v 0.089986018 -0.79161233 0.531192064 1 1 1
v 0.036322120 -0.72043437 0.518472135 1 1 1
v 0.149987757 -0.84690523 0.532120287 1 1 1
v -0.03598332 -0.69077462 0.523227393 1 1 1
v -0.07746 -0.69787467 0.530793666 1 1 1
v -0.11491875 -0.66910535 0.531279742 1 1 1
v -0.17444304 -0.63345206 0.533145129 1 1 1
v -0.243295 -0.60077024 0.532293975 1 1 1
v -0.31343895 -0.56885934 0.530019223 1 1 1
v -0.38162607 -0.53262264 0.530289590 1 1 1
v -0.44555953 -0.49265078 0.527515828 1 1 1
v -0.34937561 -0.47018692 0.491071730 1 1 1
v -0.41847247 -0.43287849 0.492748558 1 1 1
v -0.29275343 -0.52530849 0.515674471 1 1 1
v -0.22227375 -0.55774957 0.525538682 1 1 1
v -0.1525218 -0.59173435 0.527572989 1 1 1
v -0.08619696 -0.63241893 0.528223693 1 1 1
v -0.01489426 -0.64319915 0.476879149 1 1 1
v -0.07376586 -0.60537624 0.478750288 1 1 1
v 0.045214340 -0.62424052 0.499682843 1 1 1
v 0.120164580 -0.74810863 0.533201217 1 1 1
v 0.080981425 -0.71486294 0.531722903 1 1 1
v 0.098170347 -0.66407996 0.530259549 1 1 1
v 0.175189793 -0.7939111 0.533475995 1 1 1
v 0.208486974 -0.89220876 0.532522797 1 1 1
v 0.184192001 -0.94049102 0.531399369 1 1 1
v 0.239824131 -0.83039951 0.534122645 1 1 1
v 0.158411979 -0.98203093 0.521970391 1 1 1
v 0.244103401 -0.98833573 0.531785905 1 1 1
v 0.220789149 -1.03506279 0.530821383 1 1 1
v 0.272073447 -0.93362325 0.532952368 1 1 1
v 0.307221829 -0.86628723 0.534902274 1 1 1
v 0.275706678 -0.76300186 0.536425054 1 1 1
v 0.208289369 -0.72711891 0.535439610 1 1 1
v 0.343104898 -0.79888976 0.537196934 1 1 1
v 0.147591903 -0.69472897 0.533979415 1 1 1
v 0.128210708 -0.62563151 0.530124247 1 1 1
v 0.105919666 -0.58686429 0.488876670 1 1 1
v 0.176690131 -0.62745416 0.533049762 1 1 1
v 0.042434580 -0.6237641 0.406200736 1 1 1
v -0.01366485 -0.64257687 0.424199253 1 1 1
v 0.111405223 -0.58284444 0.422790169 1 1 1
v -0.07231364 -0.60481435 0.409851402 1 1 1
v -0.13897149 -0.5697459 0.422240614 1 1 1
v -0.13976319 -0.57005656 0.477044254 1 1 1
v -0.20977451 -0.53586286 0.477021575 1 1 1
v -0.20946267 -0.53636307 0.426235914 1 1 1
v -0.15354505 -0.58509642 0.377701073 1 1 1
v -0.22312306 -0.56208825 0.380521446 1 1 1
v -0.10293277 -0.60420257 0.375266939 1 1 1
v -0.06541404 -0.6665293 0.372912794 1 1 1
v -0.11355087 -0.64856619 0.370944082 1 1 1
v -0.021494 -0.69644427 0.385634690 1 1 1
v 0.029684523 -0.72407669 0.386772215 1 1 1
v 0.094385944 -0.65796697 0.370439291 1 1 1
v 0.066965438 -0.7170276 0.365780979 1 1 1
v 0.145273938 -0.59713 0.375946551 1 1 1
v 0.203305065 -0.53900188 0.403284788 1 1 1
v 0.158045649 -0.56093401 0.437024802 1 1 1
v 0.156101405 -0.56140316 0.497287184 1 1 1
v 0.243927687 -0.66135716 0.537771105 1 1 1
v 0.219653949 -0.58937371 0.528701543 1 1 1
v 0.20272021 -0.53853291 0.498478561 1 1 1
v 0.280691206 -0.59638023 0.535548150 1 1 1
v 0.218111589 -0.59180373 0.37694332 1 1 1
v 0.186811819 -0.63569009 0.370972603 1 1 1
v 0.282087475 -0.5637247 0.381428748 1 1 1
v 0.274519622 -0.61340207 0.372437536 1 1 1
v 0.305184662 -0.49603096 0.410504818 1 1 1
v 0.255804032 -0.51760668 0.436748027 1 1 1
v 0.259286493 -0.52842009 0.516492128 1 1 1
v 0.143187448 -0.69318855 0.366234660 1 1 1
v 0.108872123 -0.75176996 0.363793671 1 1 1
v 0.077162779 -0.79496968 0.371556490 1 1 1
v -0.08620666 -0.74130255 0.363588869 1 1 1
v -0.13759054 -0.71526986 0.364834934 1 1 1
v -0.19951928 -0.68281496 0.366769254 1 1 1
v -0.16936727 -0.62748861 0.372022658 1 1 1
v -0.17145196 -0.78442633 0.364338606 1 1 1
v -0.23635705 -0.74988079 0.366346299 1 1 1
v -0.11730567 -0.81291854 0.362970709 1 1 1
v -0.14872795 -0.88293928 0.362504214 1 1 1
v -0.20611699 -0.85248333 0.363876134 1 1 1
v -0.27223602 -0.81728655 0.365801096 1 1 1
v -0.33963338 -0.7814039 0.368058681 1 1 1
v -0.30375648 -0.71399635 0.368699610 1 1 1
v -0.26985431 -0.6512621 0.369151711 1 1 1
v -0.24263693 -0.60302806 0.374753534 1 1 1
v -0.34035197 -0.62302667 0.371520757 1 1 1
v -0.3178241 -0.58101678 0.377858609 1 1 1
v -0.29706123 -0.53526282 0.390162825 1 1 1
v -0.37069026 -0.67831206 0.371074348 1 1 1
v -0.407031 -0.74552411 0.370348066 1 1 1
v -0.37552106 -0.84880751 0.367110014 1 1 1
v -0.44292939 -0.81293982 0.369164794 1 1 1
v -0.30812061 -0.8846876 0.365208208 1 1 1
v -0.24083667 -0.92050016 0.363470077 1 1 1
v -0.18141015 -0.95209986 0.362156897 1 1 1
v -0.141021 -0.97350502 0.377127856 1 1 1
v -0.1754131 -1.04184842 0.376571208 1 1 1
v -0.21550463 -1.02047241 0.361911028 1 1 1
v -0.27643082 -0.98806345 0.363107860 1 1 1
v -0.34400561 -0.9520942 0.364476203 1 1 1
v -0.41142029 -0.91622233 0.365761637 1 1 1
v -0.4788478 -0.88038123 0.367095887 1 1 1
v -0.54626012 -0.84450638 0.366812735 1 1 1
v -0.51032865 -0.77705717 0.370143085 1 1 1
v -0.47443056 -0.70964211 0.372150659 1 1 1
v -0.44081429 -0.64648366 0.373032063 1 1 1
v -0.4132632 -0.59570444 0.373481333 1 1 1
v -0.39137366 -0.55250502 0.378310442 1 1 1
v -0.35673451 -0.48233667 0.401207774 1 1 1
v -0.27675658 -0.50753844 0.433414310 1 1 1
v -0.32479751 -0.48504218 0.436925441 1 1 1
v -0.45986328 -0.51862508 0.380295932 1 1 1
v -0.42721584 -0.44869041 0.398707896 1 1 1
v -0.32394624 -0.48309222 0.469083488 1 1 1
v -0.48517323 -0.5672738 0.374965697 1 1 1
v -0.50894099 -0.61197108 0.374561309 1 1 1
v -0.54183358 -0.67375493 0.373333007 1 1 1
v -0.57773405 -0.74117142 0.370490312 1 1 1
v -0.61366367 -0.80862224 0.365857869 1 1 1
v -0.58217269 -0.91191918 0.360940247 1 1 1
v -0.64956325 -0.87602371 0.358368039 1 1 1
v -0.51477182 -0.94779569 0.362848758 1 1 1
v -0.44732553 -0.98364049 0.363469362 1 1 1
v -0.37989596 -1.01950252 0.363297939 1 1 1
v -0.31228015 -1.05548465 0.362671792 1 1 1
v -0.25138876 -1.08789515 0.361788660 1 1 1
v -0.34853911 -1.12268996 0.361354589 1 1 1
v -0.4157812 -1.08689344 0.360321551 1 1 1
v -0.28828928 -1.15475607 0.361582905 1 1 1
v -0.48322675 -1.05104053 0.359012454 1 1 1
v -0.55066121 -1.01518261 0.356454223 1 1 1
v -0.61804116 -0.9792887 0.352621942 1 1 1
v -0.68540597 -0.94337362 0.348465323 1 1 1
v -0.75278622 -0.90747106 0.344345837 1 1 1
v -0.7169463 -0.84012049 0.355406522 1 1 1
v -0.68106687 -0.77273417 0.364311516 1 1 1
v -0.64514548 -0.70529461 0.370311141 1 1 1
v -0.60924 -0.63787466 0.374002456 1 1 1
v -0.57573289 -0.57620597 0.375618785 1 1 1
v -0.54897887 -0.53760701 0.375934749 1 1 1
v -0.53216261 -0.49499327 0.377265662 1 1 1
v -0.62908703 -0.54638922 0.376163244 1 1 1
v -0.59791732 -0.5140661 0.376372605 1 1 1
v -0.60687143 -0.46105921 0.378298431 1 1 1
v -0.67128426 -0.60372949 0.374277204 1 1 1
v -0.71236235 -0.66834855 0.369900196 1 1 1
v -0.74847692 -0.73686367 0.362621724 1 1 1
v -0.78434056 -0.80422974 0.352498292 1 1 1
v -0.82017606 -0.87157559 0.340474307 1 1 1
v -0.78863537 -0.97483861 0.33233881 1 1 1
v -0.85603333 -0.93894893 0.327715963 1 1 1
v -0.72123748 -1.01072729 0.337368607 1 1 1
v -0.65387154 -1.04663813 0.342818737 1 1 1
v -0.58651114 -1.08254731 0.348283410 1 1 1
v -0.51914465 -1.11844552 0.353459239 1 1 1
v -0.45170879 -1.15431035 0.356983512 1 1 1
v -0.38485417 -1.1898663 0.359593242 1 1 1
v -0.48761633 -1.2217108 0.352050900 1 1 1
v -0.55498314 -1.18581438 0.345927774 1 1 1
v -0.41947851 -1.25924265 0.356894999 1 1 1
v -0.62237948 -1.14993024 0.339530289 1 1 1
v -0.6897431 -1.1140275 0.332786858 1 1 1
v -0.7571128 -1.0781225 0.326260894 1 1 1
v -0.8261559 -1.04283512 0.319874256 1 1 1
v -0.8907845 -1.00424027 0.315173834 1 1 1
v -0.95692337 -0.96665758 0.310992211 1 1 1
v -0.9234271 -0.90305299 0.323678940 1 1 1
v -0.88756436 -0.83567649 0.336985051 1 1 1
v -0.85172397 -0.76832968 0.349669069 1 1 1
v -0.81565577 -0.69987464 0.360767334 1 1 1
v -0.77891254 -0.62950003 0.369023084 1 1 1
v -0.71944714 -0.57607496 0.373757660 1 1 1
v -0.66560864 -0.51882821 0.376340240 1 1 1
v -0.75879651 -0.54755086 0.376299053 1 1 1
v -0.79032892 -0.58811229 0.375344365 1 1 1
v -0.71316361 -0.48804557 0.378557115 1 1 1
v -0.88491517 -0.66798204 0.358310997 1 1 1
v -0.85136616 -0.61531979 0.365748703 1 1 1
v -0.84095287 -0.57252753 0.386608511 1 1 1
v -0.91900331 -0.73228765 0.347326278 1 1 1
v -0.95496273 -0.79978603 0.334181726 1 1 1
v -0.99105608 -0.86827236 0.320317000 1 1 1
v -1.02208006 -0.92768133 0.30816558 1 1 1
v -0.98113412 -1.01261044 0.301791876 1 1 1
v -1.04371262 -0.96901268 0.299514442 1 1 1
v -0.92100906 -1.05851865 0.304804474 1 1 1
v -0.86421037 -1.11396217 0.307451427 1 1 1
v -0.79484874 -1.14638627 0.315047293 1 1 1
v -0.72560453 -1.18141973 0.322857409 1 1 1
v -0.6582334 -1.21731675 0.330692946 1 1 1
v -0.59085727 -1.25320947 0.338588535 1 1 1
v -0.69410181 -1.28471327 0.322528272 1 1 1
v -0.76205814 -1.24899292 0.3132523 1 1 1
v -0.62670964 -1.32060301 0.331464052 1 1 1
v -0.81716537 -1.22033882 0.306396693 1 1 1
v -0.8668313 -1.19562066 0.300258606 1 1 1
v -0.91496837 -1.17626119 0.294316262 1 1 1
v -0.9049108 -1.12764001 0.300059288 1 1 1
v -0.94693464 -1.09472513 0.297099798 1 1 1
v -1.00232637 -1.05197203 0.294113844 1 1 1
v -1.06576169 -1.00974703 0.291242390 1 1 1
v -1.13196921 -0.97046047 0.289071202 1 1 1
v -1.10907376 -0.92790735 0.298040539 1 1 1
v -1.08830249 -0.88843048 0.306448429 1 1 1
v -1.0574677 -0.82978165 0.318804562 1 1 1
v -1.02225256 -0.76331025 0.332421958 1 1 1
v -0.9860549 -0.69673181 0.345587134 1 1 1
v -0.94951785 -0.632339 0.359580099 1 1 1
v -1.08614564 -0.72738814 0.334134250 1 1 1
v -1.05118823 -0.67090809 0.363103926 1 1 1
v -1.00432944 -0.63824099 0.379459321 1 1 1
v -1.1247077 -0.79067755 0.319447428 1 1 1
v -1.15772581 -0.84825671 0.305933386 1 1 1
v -1.1702044 -0.89332193 0.297232598 1 1 1
v -1.19967508 -0.93650103 0.287468105 1 1 1
v -1.16584623 -1.03342164 0.276094704 1 1 1
v -1.23317814 -0.99732852 0.274722755 1 1 1
v -1.09756744 -1.06838536 0.279395133 1 1 1
v -1.03198349 -1.10704422 0.283488303 1 1 1
v -0.96728247 -1.14548874 0.289059907 1 1 1
v -0.93347168 -1.24426353 0.287104159 1 1 1
v -0.99950522 -1.20852399 0.278985470 1 1 1
v -0.87988687 -1.27321792 0.293483108 1 1 1
v -0.83441257 -1.29735899 0.299875289 1 1 1
v -0.78691554 -1.32214403 0.306547731 1 1 1
v -0.84965891 -1.37358081 0.295434504 1 1 1
v -0.90292388 -1.34663606 0.287128180 1 1 1
v -0.80920905 -1.39399648 0.301720798 1 1 1
v -0.96796054 -1.31183159 0.277633130 1 1 1
v -1.03534949 -1.27592564 0.268811613 1 1 1
v -1.10275793 -1.24002647 0.261269718 1 1 1
v -1.066903 -1.17262375 0.272127717 1 1 1
v -1.13428664 -1.13670504 0.266507178 1 1 1
v -1.20171452 -1.10080755 0.263021320 1 1 1
v -1.26910603 -1.06483185 0.261407166 1 1 1
v -1.33646572 -1.02832794 0.262012600 1 1 1
v -1.29941261 -0.96331674 0.274991124 1 1 1
v -1.25465667 -0.90935403 0.287461549 1 1 1
v -1.22310674 -0.8684395 0.296981483 1 1 1
v -1.24304855 -0.80895168 0.316168338 1 1 1
v -1.18798411 -0.75336897 0.341706335 1 1 1
v -1.13943005 -0.70304686 0.359632402 1 1 1
v -1.19864774 -0.74449039 0.415849208 1 1 1
v -1.25322664 -0.78477895 0.407957911 1 1 1
v -1.14720452 -0.70191878 0.414506048 1 1 1
v -1.2969563 -0.88274562 0.304013580 1 1 1
v -1.33980286 -0.85439295 0.351095020 1 1 1
v -1.29466021 -0.81456524 0.348481267 1 1 1
v -1.28890419 -0.81763011 0.417787194 1 1 1
v -1.36459875 -0.93328494 0.292729109 1 1 1
v -1.39931536 -0.99515283 0.270462423 1 1 1
v -1.37238836 -1.09614372 0.249765515 1 1 1
v -1.43968284 -1.05847657 0.253338784 1 1 1
v -1.30499566 -1.1322403 0.249273136 1 1 1
v -1.23757017 -1.1681844 0.251046329 1 1 1
v -1.1701442 -1.20410013 0.255027830 1 1 1
v -1.13858831 -1.30743039 0.251878738 1 1 1
v -1.20600867 -1.27151644 0.245337307 1 1 1
v -1.07121074 -1.34334397 0.260339766 1 1 1
v -1.27345526 -1.23560393 0.241112977 1 1 1
v -1.34087908 -1.19966018 0.239090055 1 1 1
v -1.40830803 -1.163697 0.239585980 1 1 1
v -1.47870147 -1.12434804 0.243760958 1 1 1
v -1.5522325 -1.07799959 0.261283189 1 1 1
v -1.50149119 -1.01962507 0.274391889 1 1 1
v -1.45165217 -0.96854866 0.289261490 1 1 1
v -1.42027545 -0.93043989 0.297548741 1 1 1
v -1.27511895 -0.82905728 0.457871884 1 1 1
v -1.13843286 -0.70643634 0.467610985 1 1 1
v -1.1037209 -0.67403972 0.453113228 1 1 1
v -1.10579371 -0.672346 0.414627879 1 1 1
v -1.10367334 -0.67229259 0.375622332 1 1 1
v -1.06207204 -0.64489168 0.416799217 1 1 1
v -1.01153934 -0.62447959 0.466625630 1 1 1
v -1.01292443 -0.61535078 0.414643943 1 1 1
v -0.9667666 -0.58860064 0.416578590 1 1 1
v -0.90182459 -0.56439251 0.412428081 1 1 1
v -0.90313882 -0.6021558 0.375642418 1 1 1
v -0.81541795 -0.5184719 0.411004841 1 1 1
v -0.86872387 -0.52860838 0.430584251 1 1 1
v -0.8652336 -0.53241318 0.475140661 1 1 1
v -0.75952035 -0.46832627 0.420361667 1 1 1
v -0.76379323 -0.46758679 0.484850674 1 1 1
v -0.7333802 -0.48015484 0.524485051 1 1 1
v -0.72578329 -0.42321098 0.479669332 1 1 1
v -0.72751933 -0.42157108 0.427382856 1 1 1
v -0.69292051 -0.41106138 0.510520160 1 1 1
v -0.67775452 -0.41298768 0.393395185 1 1 1
v -0.56719732 -0.37472343 0.390039861 1 1 1
v -0.62542987 -0.34620246 0.423117011 1 1 1
v -0.62850451 -0.38926849 0.514098048 1 1 1
v -0.66152495 -0.45717975 0.535879671 1 1 1
v -0.69872755 -0.50664127 0.545692265 1 1 1
v -0.56454313 -0.4339523 0.534853458 1 1 1
v -0.55821085 -0.37144908 0.520784556 1 1 1
v -0.5113005 -0.46412054 0.532382071 1 1 1
v -0.49550185 -0.42017895 0.393134951 1 1 1
v -0.48260051 -0.40025535 0.438500851 1 1 1
v -0.52345824 -0.37431654 0.442503511 1 1 1
v -0.5231334 -0.37181908 0.473461806 1 1 1
v -0.48115942 -0.39785603 0.466856509 1 1 1
v -0.49111819 -0.41343188 0.515056669 1 1 1
v -0.44631192 -0.42057326 0.459909409 1 1 1
v -0.44720137 -0.42170358 0.445516765 1 1 1
v -1.58001971 -1.15548897 0.242631718 1 1 1
v -1.59378242 -1.09174955 0.292597681 1 1 1
v -1.51178527 -1.19493806 0.235659778 1 1 1
v -1.61466265 -1.22604346 0.237649083 1 1 1
v -1.547647 -1.26265144 0.230783358 1 1 1
v -1.65271401 -1.29297686 0.236181929 1 1 1
v -1.5824281 -1.33027887 0.228550583 1 1 1
v -1.47902524 -1.29869032 0.226272344 1 1 1
v -1.50923657 -1.36891174 0.223828524 1 1 1
v -1.44420302 -1.23111737 0.231449455 1 1 1
v -1.37676728 -1.26707089 0.230987906 1 1 1
v -1.4109211 -1.33121061 0.226007252 1 1 1
v -1.44165111 -1.38851833 0.223471179 1 1 1
v -1.49263728 -1.40163934 0.223452195 1 1 1
v -1.50426674 -1.42346299 0.223154485 1 1 1
v -1.542817 -1.43193793 0.224091783 1 1 1
v -1.6181072 -1.39726293 0.229158088 1 1 1
v -1.45793843 -1.41883039 0.223058134 1 1 1
v -1.68733728 -1.36161053 0.236818835 1 1 1
v -1.72320521 -1.42917991 0.240874081 1 1 1
v -1.65539885 -1.46512282 0.233325392 1 1 1
v -1.58660793 -1.50062621 0.228037849 1 1 1
v -1.48854697 -1.47656894 0.223953649 1 1 1
v -1.47066832 -1.44273365 0.222732007 1 1 1
v -1.52107978 -1.53804564 0.226623207 1 1 1
v -1.42605102 -1.44047821 0.223533943 1 1 1
v -1.43709862 -1.46124947 0.223206609 1 1 1
v -1.38879657 -1.43532157 0.225176066 1 1 1
v -1.34654856 -1.37032402 0.228002920 1 1 1
v -1.30933797 -1.30302167 0.233230188 1 1 1
v -1.24189603 -1.33894575 0.237862944 1 1 1
v -1.27782333 -1.406389 0.232864692 1 1 1
v -1.31503165 -1.47367716 0.230096668 1 1 1
v -1.42170811 -1.4971447 0.224895700 1 1 1
v -1.35021722 -1.53978407 0.229455992 1 1 1
v -1.45358217 -1.57131791 0.227520555 1 1 1
v -1.55637825 -1.60432398 0.232925757 1 1 1
v -1.62384152 -1.56846714 0.235369667 1 1 1
v -1.48891079 -1.64018321 0.232904896 1 1 1
v -1.69126213 -1.53254712 0.240895703 1 1 1
v -1.75927114 -1.49657559 0.248440310 1 1 1
v -1.72715962 -1.59997451 0.250602990 1 1 1
v -1.65976024 -1.63588846 0.244414299 1 1 1
v -1.59227562 -1.67172647 0.241041794 1 1 1
v -1.524804 -1.70756114 0.239919006 1 1 1
v -1.42145956 -1.67606473 0.235097736 1 1 1
v -1.45737231 -1.74344563 0.240611732 1 1 1
v -1.38552821 -1.60869014 0.230934962 1 1 1
v -1.28218806 -1.57715821 0.235921368 1 1 1
v -1.31806815 -1.64458811 0.23640351 1 1 1
v -1.24630404 -1.50972664 0.237050250 1 1 1
v -1.21039236 -1.44229245 0.239934906 1 1 1
v -1.17447102 -1.37485754 0.244797110 1 1 1
v -1.10708427 -1.41076362 0.253696203 1 1 1
v -1.1430074 -1.47818673 0.249071508 1 1 1
v -1.17891073 -1.54560888 0.246035277 1 1 1
v -1.21479845 -1.6130296 0.244512006 1 1 1
v -1.2506597 -1.68045211 0.244039014 1 1 1
v -1.35401106 -1.7119751 0.239062711 1 1 1
v -1.2865864 -1.74785602 0.245255544 1 1 1
v -1.38994491 -1.77937496 0.242909282 1 1 1
v -1.32251883 -1.81525624 0.247656211 1 1 1
v -1.21917641 -1.78372383 0.253529399 1 1 1
v -1.25509906 -1.85112333 0.254686087 1 1 1
v -1.18325877 -1.71632564 0.253424167 1 1 1
v -1.14740455 -1.64890456 0.254603058 1 1 1
v -1.11153996 -1.58148706 0.2566652 1 1 1
v -1.07563639 -1.51407635 0.259696632 1 1 1
v -1.03972256 -1.44666302 0.264065355 1 1 1
v -1.00383651 -1.37924719 0.270045727 1 1 1
v -0.93455046 -1.41463184 0.280995607 1 1 1
v -0.97235304 -1.48255622 0.275340914 1 1 1
v -1.00826335 -1.54996204 0.271348327 1 1 1
v -1.04416966 -1.61736476 0.268452376 1 1 1
v -1.08004355 -1.68477297 0.266238272 1 1 1
v -1.11589086 -1.75218916 0.264502793 1 1 1
v -1.15180874 -1.81958306 0.263809591 1 1 1
v -1.18766904 -1.88701022 0.263388752 1 1 1
v -1.29099107 -1.91856015 0.256834775 1 1 1
v -1.22354782 -1.95444822 0.264375805 1 1 1
v -1.32695091 -1.98622859 0.261163711 1 1 1
v -1.25989318 -2.02532721 0.268108874 1 1 1
v -1.15617311 -1.99029553 0.274348080 1 1 1
v -1.19140017 -2.05698705 0.275770157 1 1 1
v -1.12029886 -1.92286861 0.274245470 1 1 1
v -1.0844115 -1.85546124 0.275199830 1 1 1
v -1.04852057 -1.78806126 0.276678532 1 1 1
v -1.01266813 -1.72064877 0.278726398 1 1 1
v -0.97607493 -1.65441537 0.281137317 1 1 1
v -0.94232768 -1.58507788 0.283373057 1 1 1
v -0.90614635 -1.51628649 0.28688851 1 1 1
v -0.87423152 -1.44420743 0.290969044 1 1 1
v -0.82979661 -1.46634209 0.298536151 1 1 1
v -0.85680377 -1.5415473 0.295842498 1 1 1
v -0.88551825 -1.61612463 0.294157087 1 1 1
v -0.91759652 -1.68687558 0.292500168 1 1 1
v -0.95051533 -1.75453842 0.290855616 1 1 1
v -0.98598987 -1.82135987 0.288657397 1 1 1
v -1.02072394 -1.88936985 0.286810874 1 1 1
v -1.05551255 -1.95735765 0.285425543 1 1 1
v -1.09065163 -2.02517223 0.284820586 1 1 1
v -1.12502801 -2.09028769 0.285227745 1 1 1
v -1.22260427 -2.11928272 0.279352575 1 1 1
v -1.29036272 -2.08775115 0.272576510 1 1 1
v -1.15538442 -2.14344549 0.286931335 1 1 1
v -1.36066747 -2.05308485 0.267083078 1 1 1
v -1.38164914 -2.09438443 0.295764237 1 1 1
v -1.30965543 -2.12498569 0.298624485 1 1 1
v -1.24204755 -2.15461183 0.299424916 1 1 1
v -1.1720413 -2.18577313 0.297042399 1 1 1
v -1.070683 -2.11669922 0.294124186 1 1 1
v -1.10225356 -2.15953302 0.294441610 1 1 1
v -1.09286857 -2.1987977 0.298401504 1 1 1
v -1.03639388 -2.05405545 0.294749885 1 1 1
v -1.00313914 -1.98524833 0.295426815 1 1 1
v -0.97127104 -1.91570795 0.296459287 1 1 1
v -0.93982905 -1.84594512 0.297799021 1 1 1
v -0.90879118 -1.77728486 0.299117356 1 1 1
v -0.87790245 -1.70880079 0.300187140 1 1 1
v -0.84648621 -1.63743126 0.301405608 1 1 1
v -0.81789333 -1.56328654 0.302827209 1 1 1
v -0.8024084 -1.66038251 0.309824436 1 1 1
v -0.83676016 -1.72992074 0.308201909 1 1 1
v -0.76658022 -1.59215355 0.31224823 1 1 1
v -0.86922795 -1.79782641 0.306934446 1 1 1
v -0.89941561 -1.86746752 0.305838286 1 1 1
v -0.93084168 -1.93723571 0.304317623 1 1 1
v -0.96268487 -2.00678539 0.302931636 1 1 1
v -0.99593014 -2.07559276 0.301852315 1 1 1
v -1.03516972 -2.14132023 0.300585776 1 1 1
v -1.13787496 -2.26547384 0.315669983 1 1 1
v -1.19946218 -2.22760487 0.324041873 1 1 1
v -1.02705371 -2.23416162 0.308929473 1 1 1
v -1.07689822 -2.31034851 0.315231591 1 1 1
v -0.98494405 -2.16795301 0.309545397 1 1 1
v -1.25802815 -2.18275952 0.326859623 1 1 1
v -1.32460535 -2.15167975 0.326547682 1 1 1
v -1.39438188 -2.1209085 0.336852312 1 1 1
v -1.31879067 -2.13464999 0.390569359 1 1 1
v -1.38654339 -2.09927416 0.392596662 1 1 1
v -1.25403631 -2.16946602 0.395329833 1 1 1
v -1.19668305 -2.21799684 0.408863008 1 1 1
v -1.14679837 -2.26095605 0.423195719 1 1 1
v -1.10277414 -2.31708479 0.414053559 1 1 1
v -0.9994899 -2.33653736 0.319696754 1 1 1
v -1.0405457 -2.39863873 0.339757770 1 1 1
v -1.06914604 -2.35260129 0.358024865 1 1 1
v -0.95828241 -2.26868224 0.319799631 1 1 1
v -1.07016063 -2.35814834 0.414347112 1 1 1
v -0.92250896 -2.20119166 0.320278495 1 1 1
v -0.94920939 -2.10047221 0.310717284 1 1 1
v -0.8866725 -2.13377047 0.321943968 1 1 1
v -0.91405886 -2.03268003 0.312333315 1 1 1
v -0.8792668 -1.96469975 0.314341157 1 1 1
v -0.84453791 -1.89668953 0.316514939 1 1 1
v -0.81492841 -1.99896109 0.326362967 1 1 1
v -0.85080391 -2.066365 0.324043422 1 1 1
v -0.77907586 -1.93154883 0.328709185 1 1 1
v -0.8193261 -2.16964078 0.333453595 1 1 1
v -0.85517389 -2.23705053 0.331334322 1 1 1
v -0.78346246 -2.10223484 0.335820674 1 1 1
v -0.8910436 -2.30445337 0.330038130 1 1 1
v -0.92837942 -2.37312102 0.329418420 1 1 1
v -0.97759587 -2.44520974 0.335101991 1 1 1
v -1.04164469 -2.40361285 0.413616985 1 1 1
v -1.00555086 -2.45612979 0.413000106 1 1 1
v -1.02040589 -2.38847232 0.469171375 1 1 1
v -1.05254638 -2.34836054 0.455110669 1 1 1
v -1.05954087 -2.29880309 0.470446795 1 1 1
v -1.09967732 -2.25251031 0.460495829 1 1 1
v -1.122774 -2.18367147 0.453549206 1 1 1
v -1.16871762 -2.15620375 0.446167379 1 1 1
v -1.07952929 -2.19741297 0.460250943 1 1 1
v -1.02431226 -2.23280907 0.470541507 1 1 1
v -0.99278075 -2.33230639 0.483075827 1 1 1
v -0.95853806 -2.26847363 0.482231706 1 1 1
v -0.9690488 -2.43946981 0.478258341 1 1 1
v -0.92849237 -2.37233329 0.492586940 1 1 1
v -0.9689005 -2.49636006 0.363950610 1 1 1
v -0.97589213 -2.50025177 0.414073199 1 1 1
v -0.96722466 -2.49337816 0.461654037 1 1 1
v -0.89623588 -2.47719121 0.336524844 1 1 1
v -0.9230687 -2.54354429 0.359620839 1 1 1
v -0.85952508 -2.4077282 0.336937308 1 1 1
v -0.82368344 -2.34033012 0.338644385 1 1 1
v -0.78782612 -2.27292562 0.340938985 1 1 1
v -0.75196075 -2.20552182 0.343391418 1 1 1
v -0.71608931 -2.13811803 0.345890760 1 1 1
v -0.7475912 -2.03482819 0.338184863 1 1 1
v -0.68021303 -2.07071066 0.348236113 1 1 1
v -0.64869386 -2.17401314 0.353732466 1 1 1
v -0.68455672 -2.24142313 0.350981801 1 1 1
v -0.6119945 -2.10680032 0.355844706 1 1 1
v -0.72040951 -2.30882406 0.347967416 1 1 1
v -0.75625563 -2.37622809 0.344889789 1 1 1
v -0.7921322 -2.44362807 0.342454433 1 1 1
v -0.82803518 -2.51131654 0.340188860 1 1 1
v -0.86237663 -2.57636786 0.342034697 1 1 1
v -0.8876034 -2.62659311 0.360875427 1 1 1
v -0.91674179 -2.59260297 0.375048786 1 1 1
v -0.94463056 -2.55029154 0.415047705 1 1 1
v -0.91664362 -2.59670043 0.420541375 1 1 1
v -0.93134362 -2.53683782 0.476368427 1 1 1
v -0.8979333 -2.47482657 0.495553225 1 1 1
v -0.85989493 -2.40767956 0.501307666 1 1 1
v -0.83117092 -2.51227975 0.505255281 1 1 1
v -0.8780039 -2.58266783 0.484320461 1 1 1
v -0.79212648 -2.44362545 0.507393062 1 1 1
v -0.89109576 -2.64027762 0.415019333 1 1 1
v -0.88223976 -2.63960457 0.467345297 1 1 1
v -0.79646534 -2.61359859 0.343701541 1 1 1
v -0.8334353 -2.67435765 0.354923814 1 1 1
v -0.85092676 -2.70630336 0.412715822 1 1 1
v -0.76058173 -2.54692769 0.344654232 1 1 1
v -0.72470951 -2.47951579 0.346726894 1 1 1
v -0.688824 -2.41211462 0.349473357 1 1 1
v -0.6529327 -2.34469843 0.352528780 1 1 1
v -0.61643857 -2.27870274 0.355719804 1 1 1
v -0.58367908 -2.20800495 0.358006477 1 1 1
v -0.55402845 -2.13730955 0.365008324 1 1 1
v -0.57938361 -2.03771091 0.357147663 1 1 1
v -0.64432466 -2.00330806 0.350102543 1 1 1
v -0.5242818 -2.06614327 0.364382445 1 1 1
v -0.5067578 -2.16017032 0.376326024 1 1 1
v -0.52716118 -2.23583508 0.364748716 1 1 1
v -0.48134586 -2.0877533 0.384842962 1 1 1
v -0.55918127 -2.31019211 0.357484519 1 1 1
v -0.5882349 -2.37978315 0.355250537 1 1 1
v -0.62043864 -2.44821286 0.352957934 1 1 1
v -0.6572426 -2.5153966 0.350678026 1 1 1
v -0.6931811 -2.58280444 0.348935753 1 1 1
v -0.7300306 -2.65068746 0.347665637 1 1 1
v -0.76844674 -2.71238279 0.346789062 1 1 1
v -0.80003899 -2.76024032 0.375175327 1 1 1
v -0.80203986 -2.78111601 0.424917131 1 1 1
v -0.824022 -2.73664427 0.437794685 1 1 1
v -0.83616477 -2.69192314 0.485588401 1 1 1
v -0.81713766 -2.73045993 0.460534066 1 1 1
v -0.8012175 -2.61868739 0.504486501 1 1 1
v -0.77101976 -2.71912622 0.513355851 1 1 1
v -0.79465306 -2.76829195 0.483028888 1 1 1
v -0.72945094 -2.65014458 0.514230549 1 1 1
v -0.75248653 -2.84655213 0.419857740 1 1 1
v -0.73373175 -2.80892277 0.357049644 1 1 1
v -0.74578917 -2.82163095 0.499732226 1 1 1
v -0.69876325 -2.75167131 0.351233899 1 1 1
v -0.66429949 -2.68463039 0.351664155 1 1 1
v -0.62959343 -2.61646938 0.352588117 1 1 1
v -0.59406465 -2.54853296 0.354048252 1 1 1
v -0.55363446 -2.48260593 0.365978270 1 1 1
v -0.53572047 -2.40686679 0.372892618 1 1 1
v -0.51862478 -2.33190584 0.383069962 1 1 1
v -0.48030767 -2.25660062 0.407367169 1 1 1
v -0.47056592 -2.17537022 0.417572319 1 1 1
v -0.46900454 -2.29127741 0.422545462 1 1 1
v -0.47785589 -2.34834409 0.422216028 1 1 1
v -0.46638033 -2.29017544 0.478639155 1 1 1
v -0.49145323 -2.2496376 0.501194059 1 1 1
v -0.47021034 -2.17423868 0.486177295 1 1 1
v -0.4925133 -2.41585135 0.419118106 1 1 1
v -0.5115518 -2.47930956 0.419890493 1 1 1
v -0.52778405 -2.52574563 0.373773902 1 1 1
v -0.55275029 -2.57547045 0.373613864 1 1 1
v -0.51341099 -2.52592373 0.416640728 1 1 1
v -0.57756931 -2.64284348 0.367953211 1 1 1
v -0.6060006 -2.71456361 0.363870501 1 1 1
v -0.63609868 -2.78175116 0.360111951 1 1 1
v -0.6739074 -2.83417296 0.359491050 1 1 1
v -0.66695398 -2.86917973 0.413945525 1 1 1
v -0.67832375 -2.86941552 0.489707082 1 1 1
v -0.69920605 -2.75264835 0.518313467 1 1 1
v -0.62395984 -2.79877663 0.511034727 1 1 1
v -0.5984568 -2.81226158 0.420747757 1 1 1
v -0.56410015 -2.7343955 0.419230371 1 1 1
v -0.54100066 -2.65921712 0.418497413 1 1 1
v -0.52192014 -2.58563471 0.419549673 1 1 1
v -0.51784813 -2.52689171 0.468295514 1 1 1
v -0.53142357 -2.58122325 0.488563835 1 1 1
v -0.52800333 -2.48931575 0.502306699 1 1 1
v -0.50757074 -2.41145658 0.509684264 1 1 1
v -0.48659933 -2.34081674 0.495751172 1 1 1
v -0.54586649 -2.31255007 0.517274558 1 1 1
v -0.57645369 -2.21109676 0.525445938 1 1 1
v -0.61662239 -2.27756429 0.522114813 1 1 1
v -0.54196268 -2.14297748 0.519488275 1 1 1
v -0.44865558 -2.10733294 0.478732079 1 1 1
v -0.45046186 -2.10740733 0.423851609 1 1 1
v -0.50396329 -2.07634163 0.516938448 1 1 1
v -0.61275977 -2.10657597 0.522544145 1 1 1
v -0.648664 -2.17402172 0.519906520 1 1 1
v -0.5760386 -2.03942204 0.524657309 1 1 1
v -0.68453896 -2.24142122 0.516853451 1 1 1
v -0.72040522 -2.30882359 0.513609826 1 1 1
v -0.6527983 -2.34463668 0.519085049 1 1 1
v -0.58433121 -2.37973547 0.522196114 1 1 1
v -0.61526251 -2.44973063 0.520276129 1 1 1
v -0.65742314 -2.51539874 0.517582297 1 1 1
v -0.5835647 -2.55196714 0.521891892 1 1 1
v -0.56027681 -2.64935398 0.493808627 1 1 1
v -0.62552166 -2.61836672 0.520080924 1 1 1
v -0.58896428 -2.72150326 0.502071082 1 1 1
v -0.66056442 -2.68598032 0.519040763 1 1 1
v -0.69330037 -2.58277726 0.515536487 1 1 1
v -0.72470838 -2.47951627 0.512858390 1 1 1
v -0.76070547 -2.54693508 0.510806024 1 1 1
v -0.68884271 -2.41211629 0.515844285 1 1 1
v -0.75626552 -2.37622643 0.510424137 1 1 1
v -0.78783727 -2.27292418 0.505793273 1 1 1
v -0.82370138 -2.34032798 0.503173649 1 1 1
v -0.75197959 -2.20551944 0.508752763 1 1 1
v -0.71610743 -2.13811707 0.511797368 1 1 1
v -0.68023193 -2.07070994 0.514680743 1 1 1
v -0.64438558 -2.00328302 0.517116606 1 1 1
v -0.53737068 -1.97329056 0.523366808 1 1 1
v -0.60849684 -1.93577802 0.518743217 1 1 1
v -0.4600862 -2.01271582 0.497786283 1 1 1
v -0.71175015 -1.96741581 0.506881773 1 1 1
v -0.7476083 -2.0348289 0.504043877 1 1 1
v -0.6758725 -1.90000582 0.508889019 1 1 1
v -0.78347725 -2.10223579 0.500982344 1 1 1
v -0.819336 -2.16964102 0.497935980 1 1 1
v -0.85516715 -2.23705411 0.495215147 1 1 1
v -0.89108813 -2.30443716 0.493521958 1 1 1
v -0.92249501 -2.20119548 0.483130693 1 1 1
v -0.88666749 -2.13377357 0.485447377 1 1 1
v -0.85080266 -2.06636691 0.488320589 1 1 1
v -0.81493407 -1.99896193 0.491472721 1 1 1
v -0.77909565 -1.93154633 0.494643330 1 1 1
v -0.74319237 -1.86414993 0.496973723 1 1 1
v -0.63999385 -1.83259332 0.510270595 1 1 1
v -0.70727569 -1.79675794 0.498710572 1 1 1
v -0.57227147 -1.86809528 0.519851028 1 1 1
v -0.50498939 -1.90223968 0.509075045 1 1 1
v -0.45536065 -1.93521702 0.476214051 1 1 1
v -0.45792598 -1.83839607 0.496193051 1 1 1
v -0.53436214 -1.80112052 0.520423889 1 1 1
v -0.44219792 -1.88465548 0.469769686 1 1 1
v -0.60407186 -1.7651732 0.511463940 1 1 1
v -0.6713624 -1.72936773 0.500228226 1 1 1
v -0.77464724 -1.76088333 0.486128032 1 1 1
v -0.81057268 -1.82827139 0.484072566 1 1 1
v -0.7387436 -1.69348919 0.488153398 1 1 1
v -0.84646493 -1.89567006 0.481398761 1 1 1
v -0.88230586 -1.96308351 0.478094279 1 1 1
v -0.9181748 -2.03048825 0.474945306 1 1 1
v -0.95459843 -2.09625244 0.472097247 1 1 1
v -0.98936528 -2.1655941 0.470547854 1 1 1
v -1.04948437 -2.1322391 0.458978474 1 1 1
v -1.01363456 -2.06257224 0.460193157 1 1 1
v -0.98015034 -1.99613869 0.462216287 1 1 1
v -0.94517213 -1.92960572 0.465133041 1 1 1
v -0.91081816 -1.86140013 0.468144208 1 1 1
v -0.87639791 -1.79322219 0.470798730 1 1 1
v -0.84290433 -1.72417724 0.472719341 1 1 1
v -0.80614114 -1.65760422 0.475374162 1 1 1
v -0.70283604 -1.6260947 0.490506142 1 1 1
v -0.77022815 -1.59021008 0.478212684 1 1 1
v -0.63548046 -1.66196811 0.502205193 1 1 1
v -0.56830055 -1.69778514 0.512481331 1 1 1
v -0.49972159 -1.73118162 0.518584311 1 1 1
v -0.45415545 -1.75960612 0.477164804 1 1 1
v -0.44846895 -1.66875708 0.508898258 1 1 1
v -0.52957946 -1.63016486 0.514742910 1 1 1
v -0.43861854 -1.70984852 0.473328322 1 1 1
v -0.59964532 -1.59456062 0.504730463 1 1 1
v -0.66694611 -1.55869329 0.493629068 1 1 1
v -0.73433191 -1.52280951 0.481933683 1 1 1
v -0.8344385 -1.55601501 0.466157525 1 1 1
v -0.86911124 -1.62371004 0.463060915 1 1 1
v -0.90164542 -1.69229174 0.460843265 1 1 1
v -0.93330944 -1.76255095 0.458996713 1 1 1
v -0.96235508 -1.83395278 0.457353144 1 1 1
v -0.99231565 -1.90449977 0.455350667 1 1 1
v -1.0219183 -1.97299814 0.453644067 1 1 1
v -1.05295336 -2.04028964 0.452342271 1 1 1
v -1.08824182 -2.11069894 0.451676249 1 1 1
v -1.09328687 -2.02016497 0.444913148 1 1 1
v -1.12905359 -2.08980918 0.444620728 1 1 1
v -1.06154358 -1.95279443 0.445976257 1 1 1
v -1.03272569 -1.88297737 0.447201907 1 1 1
v -1.00276339 -1.81243062 0.448993384 1 1 1
v -0.97252333 -1.74142373 0.450854420 1 1 1
v -0.94225794 -1.67030013 0.452559739 1 1 1
v -0.91335237 -1.59990358 0.454306989 1 1 1
v -0.56344438 -1.52735412 0.507874369 1 1 1
v -0.49563265 -1.56260192 0.514102876 1 1 1
v -0.43046325 -1.5927943 0.494011372 1 1 1
v -0.45964247 -1.49618685 0.51541394 1 1 1
v -0.52744985 -1.46006095 0.511652112 1 1 1
v -0.3986702 -1.5264653 0.490884482 1 1 1
v -0.49150515 -1.39274001 0.516044855 1 1 1
v -0.42369899 -1.42919517 0.517961919 1 1 1
v -0.36447549 -1.4603616 0.490817517 1 1 1
v -0.40561816 -1.60498989 0.418127924 1 1 1
v -0.38313666 -1.53423381 0.419156849 1 1 1
v -0.35349017 -1.46505451 0.416648954 1 1 1
v -0.42417964 -1.68027472 0.412369042 1 1 1
v -0.47025463 -1.65978777 0.362844854 1 1 1
v -0.4443152 -1.58895743 0.366558253 1 1 1
v -0.4151949 -1.5186125 0.369656533 1 1 1
v -0.38447765 -1.44924855 0.373764723 1 1 1
v -0.31801546 -1.40011144 0.413635194 1 1 1
v -0.35652289 -1.38018036 0.377427607 1 1 1
v -0.32666728 -1.39480639 0.492096900 1 1 1
v -0.28808641 -1.33168089 0.495770424 1 1 1
v -0.28474331 -1.33501899 0.399742513 1 1 1
v -0.32282493 -1.31471002 0.377812147 1 1 1
v -0.42943299 -1.42529631 0.354343056 1 1 1
v -0.39366314 -1.35921657 0.357438981 1 1 1
v -0.3601301 -1.29291713 0.359507411 1 1 1
v -0.46450293 -1.49317026 0.351154059 1 1 1
v -0.4993507 -1.56124139 0.348496556 1 1 1
v -0.53352553 -1.62963998 0.346356511 1 1 1
v -0.5058229 -1.72802126 0.357370287 1 1 1
v -0.56636339 -1.69772959 0.345018714 1 1 1
v -0.45485526 -1.74910522 0.375358670 1 1 1
v -0.43144947 -1.71308506 0.430567920 1 1 1
v -0.44228953 -1.76308525 0.419415950 1 1 1
v -0.48315305 -1.82636774 0.365117967 1 1 1
v -0.53837496 -1.79881644 0.352503091 1 1 1
v -0.44130161 -1.84682679 0.407432705 1 1 1
v -0.60397494 -1.76525247 0.343718051 1 1 1
v -0.6713596 -1.72936869 0.332994222 1 1 1
v -0.63545901 -1.66197407 0.334593981 1 1 1
v -0.5995692 -1.59457505 0.336875200 1 1 1
v -0.56366646 -1.52717662 0.339925497 1 1 1
v -0.52772921 -1.45978332 0.343642830 1 1 1
v -0.49184951 -1.39238012 0.348128676 1 1 1
v -0.45600513 -1.32496107 0.352755606 1 1 1
v -0.32406646 -1.22343934 0.360885381 1 1 1
v -0.28781185 -1.24410856 0.379260569 1 1 1
v -0.24531659 -1.26788127 0.398613274 1 1 1
v -0.25016248 -1.26425946 0.500070273 1 1 1
v -0.2485127 -1.17616463 0.376755029 1 1 1
v -0.21145549 -1.10922885 0.376772552 1 1 1
v -0.52347869 -1.28909898 0.346094071 1 1 1
v -0.55931658 -1.35649014 0.340108364 1 1 1
v -0.59516871 -1.42388868 0.334566205 1 1 1
v -0.63105524 -1.49129188 0.329958677 1 1 1
v -0.66694385 -1.55869424 0.326241165 1 1 1
v -0.73396987 -1.52146924 0.315012365 1 1 1
v -0.69845039 -1.45540535 0.319484680 1 1 1
v -0.66257977 -1.38800275 0.325056821 1 1 1
v -0.7304002 -1.35203898 0.315153479 1 1 1
v -0.76098186 -1.42058361 0.309630364 1 1 1
v -0.78907233 -1.4895699 0.305580824 1 1 1
v -0.70283604 -1.62609518 0.323398977 1 1 1
v -0.73874038 -1.69349015 0.321344018 1 1 1
v -0.77620763 -1.76084232 0.319442182 1 1 1
v -0.70726734 -1.79675996 0.331762462 1 1 1
v -0.63990515 -1.83263099 0.342804461 1 1 1
v -0.74317783 -1.86415184 0.330445557 1 1 1
v -0.80973834 -1.82871008 0.318271249 1 1 1
v -0.67581135 -1.90002477 0.341752409 1 1 1
v -0.71171349 -1.96742189 0.340263366 1 1 1
v -0.60824549 -1.93590724 0.351353287 1 1 1
v -0.5730384 -1.86974418 0.352098971 1 1 1
v -0.51716155 -1.90194786 0.364033490 1 1 1
v -0.54623133 -1.97013891 0.358082801 1 1 1
v -0.49799666 -1.99647832 0.371435314 1 1 1
v -0.47527698 -1.92235148 0.384719073 1 1 1
v -0.45382592 -1.9400177 0.422197431 1 1 1
v -0.45178083 -2.01974702 0.409901648 1 1 1
v -0.4430964 -1.88701999 0.430556029 1 1 1
v -0.44593599 -2.05834365 0.433660298 1 1 1
v -0.4450044 -2.05808783 0.468838244 1 1 1
v -0.95283681 -1.57911468 0.446533709 1 1 1
v -0.98337859 -1.64876425 0.444310843 1 1 1
v -1.01659191 -1.71819723 0.441999703 1 1 1
v -1.11591566 -1.75217414 0.427340209 1 1 1
v -1.05226099 -1.78606868 0.439186155 1 1 1
v -1.1832881 -1.71630299 0.415903449 1 1 1
v -1.21920633 -1.78369915 0.415288329 1 1 1
v -1.15181971 -1.81956947 0.425728857 1 1 1
v -1.08664024 -1.85426939 0.436997801 1 1 1
v -1.18773854 -1.88696182 0.425074756 1 1 1
v -1.12106049 -1.92245352 0.435393661 1 1 1
v -1.25513554 -1.85109007 0.415886759 1 1 1
v -1.32251573 -1.81525815 0.408242315 1 1 1
v -1.38993239 -1.77939677 0.403256565 1 1 1
v -1.42587543 -1.8468318 0.408334434 1 1 1
v -1.35845125 -1.88269675 0.411697924 1 1 1
v -1.29104006 -1.91851187 0.417743980 1 1 1
v -1.22359729 -1.95439911 0.425213366 1 1 1
v -1.15426421 -1.9899565 0.434874713 1 1 1
v -1.25957251 -2.02155805 0.426882982 1 1 1
v -1.19220901 -2.05747819 0.435210585 1 1 1
v -1.32689309 -1.98572183 0.420652389 1 1 1
v -1.3942529 -1.94992626 0.416665285 1 1 1
v -1.46174359 -1.91404879 0.415111213 1 1 1
v -1.56434083 -1.94592583 0.426881343 1 1 1
v -1.49850464 -1.98229718 0.424412906 1 1 1
v -1.42887902 -2.01493311 0.423541158 1 1 1
v -1.36164451 -2.05029488 0.426101982 1 1 1
v -1.29519486 -2.08602619 0.430999517 1 1 1
v -1.22896039 -2.12233114 0.438060045 1 1 1
v -1.63366354 -1.90961158 0.431700289 1 1 1
v -1.75159168 -1.95458901 0.457487225 1 1 1
v -0.27593336 -0.50508696 0.470681637 1 1 1
v 0.138390302 -0.84963351 0.362776815 1 1 1
v 0.203217729 -0.89848053 0.363195508 1 1 1
v 0.173432439 -0.9528808 0.362908422 1 1 1
v 0.148161470 -0.99787742 0.378823489 1 1 1
v 0.170149743 -0.79518449 0.364150345 1 1 1
v 0.239824816 -0.83039796 0.364852845 1 1 1
v 0.271344065 -0.93367726 0.363758355 1 1 1
v 0.236583352 -0.99900985 0.362444222 1 1 1
v 0.307222038 -0.86628681 0.365597993 1 1 1
v 0.207192301 -1.05088961 0.368176907 1 1 1
v 0.179309666 -1.09213567 0.383822590 1 1 1
v 0.113425083 -1.04897094 0.397310376 1 1 1
v 0.073779046 -0.99431032 0.417560637 1 1 1
v 0.076336093 -0.99415779 0.486234873 1 1 1
v 0.116489008 -1.04144132 0.504739105 1 1 1
v 0.148445531 -1.1383599 0.416040211 1 1 1
v 0.123156733 -1.09161806 0.428308337 1 1 1
v 0.125610172 -1.09055495 0.474278777 1 1 1
v 0.238451600 -1.14457691 0.374366849 1 1 1
v 0.266594946 -1.09620845 0.361804246 1 1 1
v 0.201987415 -1.19335783 0.395699083 1 1 1
v 0.300735712 -1.03770733 0.362682044 1 1 1
v 0.338736444 -0.96956968 0.363835930 1 1 1
v 0.374616295 -0.90218323 0.366135656 1 1 1
v 0.343105286 -0.79888898 0.367768973 1 1 1
v 0.275708049 -0.76300097 0.367022126 1 1 1
v 0.410511404 -0.83478504 0.367977559 1 1 1
v 0.208313047 -0.72708142 0.366101354 1 1 1
v 0.242830798 -0.66301054 0.368239998 1 1 1
v 0.311534464 -0.69451296 0.369282186 1 1 1
v 0.378989815 -0.73149115 0.370056331 1 1 1
v 0.446387380 -0.76738846 0.370512545 1 1 1
v 0.477932184 -0.87071234 0.367516756 1 1 1
v 0.442027807 -0.93806916 0.364442765 1 1 1
v 0.513805747 -0.80328 0.368850380 1 1 1
v 0.406150698 -1.00547683 0.363408386 1 1 1
v 0.370262891 -1.07286239 0.362051308 1 1 1
v 0.332458108 -1.1415807 0.361384213 1 1 1
v 0.303164452 -1.19548738 0.362759828 1 1 1
v 0.281009882 -1.24016345 0.380799174 1 1 1
v 0.248131543 -1.29437387 0.414651930 1 1 1
v 0.208321258 -1.2359848 0.418073386 1 1 1
v 0.212191805 -1.18504226 0.506978511 1 1 1
v 0.208894372 -1.23868644 0.483968228 1 1 1
v 0.151075825 -1.13504803 0.492827504 1 1 1
v 0.367217689 -1.24131155 0.359452843 1 1 1
v 0.338140040 -1.29257584 0.367764681 1 1 1
v 0.312052100 -1.33254862 0.385211676 1 1 1
v 0.401819109 -1.17615843 0.359655916 1 1 1
v 0.437699168 -1.10877025 0.359445631 1 1 1
v 0.473575711 -1.04137182 0.359863281 1 1 1
v 0.509481132 -0.97400099 0.361460685 1 1 1
v 0.545343756 -0.90658748 0.362985611 1 1 1
v 0.581243038 -0.83920133 0.365477532 1 1 1
v 0.549687385 -0.73588622 0.371411502 1 1 1
v 0.482275545 -0.69998717 0.372513711 1 1 1
v 0.617120266 -0.77179676 0.367892831 1 1 1
v 0.414811402 -0.66300708 0.372216939 1 1 1
v 0.347648680 -0.62482607 0.371637821 1 1 1
v 0.455756455 -0.6010282 0.374095499 1 1 1
v 0.406432777 -0.57449836 0.373761981 1 1 1
v 0.335876762 -0.58402967 0.376012593 1 1 1
v 0.368804246 -0.54381102 0.382205367 1 1 1
v 0.518162727 -0.63258058 0.374243825 1 1 1
v 0.585573971 -0.66849339 0.373738616 1 1 1
v 0.652982413 -0.70436823 0.369978934 1 1 1
v 0.684542238 -0.80769873 0.361249059 1 1 1
v 0.648667335 -0.87510312 0.358543455 1 1 1
v 0.720444083 -0.74032271 0.364506125 1 1 1
v 0.612774372 -0.94248968 0.35603863 1 1 1
v 0.576878964 -1.00987434 0.354181230 1 1 1
v 0.541028022 -1.07728338 0.353593140 1 1 1
v 0.505141198 -1.14467025 0.353608608 1 1 1
v 0.469227522 -1.21205115 0.354057222 1 1 1
v 0.431393176 -1.28000116 0.355718910 1 1 1
v 0.536572039 -1.24791586 0.345506668 1 1 1
v 0.500747025 -1.31532133 0.348327755 1 1 1
v 0.572446584 -1.1805135 0.343896329 1 1 1
v 0.608365893 -1.11312962 0.343649357 1 1 1
v 0.644242107 -1.04572773 0.344074428 1 1 1
v 0.680143833 -0.97834444 0.345840036 1 1 1
v 0.716046750 -0.91096359 0.348442286 1 1 1
v 0.751927316 -0.8435638 0.351519942 1 1 1
v 0.787834465 -0.77619457 0.355356812 1 1 1
v 0.755141258 -0.67490798 0.366935044 1 1 1
v 0.687458038 -0.63661343 0.373132139 1 1 1
v 0.823050558 -0.70673561 0.359408408 1 1 1
v 0.621760726 -0.6010052 0.374822557 1 1 1
v 0.552144467 -0.57185662 0.375569194 1 1 1
v 0.498115867 -0.54823112 0.375407993 1 1 1
v 0.584833562 -0.52385539 0.376222103 1 1 1
v 0.532669127 -0.51072633 0.376154393 1 1 1
v 0.649980247 -0.54576737 0.376164466 1 1 1
v 0.716053724 -0.57804704 0.373771458 1 1 1
v 0.784198224 -0.61380452 0.369991958 1 1 1
v 0.852222621 -0.64595139 0.363323718 1 1 1
v 0.891077518 -0.74463516 0.348604977 1 1 1
v 0.855190277 -0.81202942 0.343883574 1 1 1
v 0.923991441 -0.6788137 0.353760898 1 1 1
v 0.819285988 -0.8794058 0.339637398 1 1 1
v 0.783401906 -0.94680715 0.336317509 1 1 1
v 0.747482121 -1.01418078 0.333620011 1 1 1
v 0.711606204 -1.0815897 0.332353860 1 1 1
v 0.675676822 -1.14897013 0.331913352 1 1 1
v 0.639824509 -1.21638846 0.333258211 1 1 1
v 0.603948831 -1.28379619 0.335599660 1 1 1
v 0.707206010 -1.25227177 0.321708530 1 1 1
v 0.671334564 -1.3196789 0.324820309 1 1 1
v 0.743095159 -1.18486559 0.320036381 1 1 1
v 0.778958678 -1.11744893 0.319574713 1 1 1
v 0.814853131 -1.05004621 0.320705711 1 1 1
v 0.850748240 -0.98264652 0.323114842 1 1 1
v 0.886650085 -0.91525644 0.326709091 1 1 1
v 0.922559678 -0.84787953 0.331354677 1 1 1
v 0.958418369 -0.78043771 0.336530298 1 1 1
v 0.992404282 -0.71577853 0.342407435 1 1 1
v 0.947868585 -0.62695664 0.364276170 1 1 1
v 0.875730872 -0.60001957 0.371722787 1 1 1
v 1.020013093 -0.66373754 0.359690159 1 1 1
v 0.802329242 -0.57534069 0.382937699 1 1 1
v 0.738717198 -0.53644645 0.374878644 1 1 1
v 0.669963836 -0.50645053 0.376426607 1 1 1
v 0.599786341 -0.48237476 0.376703232 1 1 1
v 0.698667109 -0.45917985 0.384243816 1 1 1
v 0.626737773 -0.41943872 0.388560682 1 1 1
v 0.769217550 -0.48829818 0.406691819 1 1 1
v 0.830654084 -0.5315395 0.406809091 1 1 1
v 0.898864805 -0.56337458 0.409636467 1 1 1
v 0.971521556 -0.59067559 0.411254018 1 1 1
v 1.038007378 -0.63001955 0.413688838 1 1 1
v 1.093226313 -0.6876263 0.342164337 1 1 1
v 1.060079097 -0.75074524 0.330504536 1 1 1
v 1.105315208 -0.67185557 0.412242263 1 1 1
v 1.025794625 -0.81628871 0.324164181 1 1 1
v 0.990693628 -0.88336551 0.318171650 1 1 1
v 0.950672090 -0.94933474 0.314072936 1 1 1
v 0.912926435 -1.01574779 0.310776650 1 1 1
v 0.875923752 -1.08256197 0.308728903 1 1 1
v 0.839690506 -1.14978623 0.308012932 1 1 1
v 0.804340660 -1.21747983 0.308583885 1 1 1
v 0.881196141 -1.17188585 0.299886554 1 1 1
v 0.847601890 -1.24051714 0.300443381 1 1 1
v 0.918368876 -1.10516119 0.300279468 1 1 1
v 0.958690702 -1.04011405 0.301621437 1 1 1
v 1.003517150 -0.97669554 0.303610056 1 1 1
v 1.048056244 -0.91261107 0.307106524 1 1 1
v 1.090234518 -0.84971046 0.312267482 1 1 1
v 1.128731012 -0.78636175 0.320065826 1 1 1
v 1.160518646 -0.72849536 0.347400248 1 1 1
v 1.167599916 -0.71795446 0.413794636 1 1 1
v 1.098124861 -0.69164497 0.480352610 1 1 1
v 1.033652424 -0.64924806 0.486982315 1 1 1
v 1.162571549 -0.73213595 0.473011493 1 1 1
v 0.965752005 -0.61285031 0.491189748 1 1 1
v 0.899735331 -0.57335591 0.494587123 1 1 1
v 0.836374402 -0.53053349 0.500538468 1 1 1
v 0.774823904 -0.48338982 0.495781600 1 1 1
v 0.754570424 -0.53013724 0.536956131 1 1 1
v 0.808573901 -0.58058715 0.529386043 1 1 1
v 0.861884176 -0.63819939 0.532010853 1 1 1
v 0.929345965 -0.67828172 0.521636784 1 1 1
v 0.996659219 -0.71302342 0.510882139 1 1 1
v 1.062587261 -0.75199068 0.498070985 1 1 1
v 1.128999710 -0.78764987 0.481871157 1 1 1
v 1.211374521 -0.78098023 0.455279558 1 1 1
v 1.226414799 -0.76733321 0.412125855 1 1 1
v 1.191344738 -0.82575554 0.473799049 1 1 1
v 1.221953749 -0.77729338 0.354972660 1 1 1
v 1.196717023 -0.82486367 0.306587487 1 1 1
v 1.139839410 -0.87671059 0.302747041 1 1 1
v 1.090867877 -0.93463796 0.299006670 1 1 1
v 1.043273568 -0.99735242 0.295781105 1 1 1
v 0.999122321 -1.06163871 0.293440252 1 1 1
v 0.958792448 -1.12668395 0.292178630 1 1 1
v 1.054432749 -1.09107673 0.282338589 1 1 1
v 1.017446517 -1.15791512 0.280764311 1 1 1
v 1.091514349 -1.02353406 0.286076575 1 1 1
v 1.133901715 -0.95831388 0.290698021 1 1 1
v 1.175155282 -0.90283203 0.295199245 1 1 1
v 1.207736969 -0.86764199 0.298418611 1 1 1
v 1.274347543 -0.84149557 0.319529622 1 1 1
v 1.256456494 -0.8839798 0.291528314 1 1 1
v 1.285016775 -0.80739993 0.359692841 1 1 1
v 1.283881545 -0.81062084 0.417265713 1 1 1
v 1.258740901 -0.80471128 0.456072568 1 1 1
v 1.240886926 -0.85189933 0.463920950 1 1 1
v 1.093423128 -0.85238206 0.478720128 1 1 1
v 1.158193826 -0.88641906 0.466008037 1 1 1
v 1.205503821 -0.91102225 0.457399278 1 1 1
v 1.025920748 -0.81647938 0.491927981 1 1 1
v 0.958563625 -0.78066254 0.504763066 1 1 1
v 0.893636167 -0.74609339 0.516855180 1 1 1
v 0.854390263 -0.81141227 0.512545585 1 1 1
v 0.922571182 -0.84789246 0.499529480 1 1 1
v 0.989926874 -0.88372505 0.485787004 1 1 1
v 1.058018922 -0.91938853 0.471826165 1 1 1
v 1.115401029 -0.94899768 0.460521727 1 1 1
v 1.158696770 -0.97146165 0.451870560 1 1 1
v 1.201764226 -0.99492705 0.443237990 1 1 1
v 1.245381116 -0.93302113 0.449991166 1 1 1
v 1.287906885 -0.86726922 0.456142246 1 1 1
v 1.318009853 -0.84052145 0.399296373 1 1 1
v 1.320415616 -0.83860087 0.367558300 1 1 1
v 1.342807650 -0.88304222 0.426236420 1 1 1
v 1.347559571 -0.86160791 0.343407213 1 1 1
v 1.320302844 -0.91306037 0.298944026 1 1 1
v 1.228117227 -0.93058693 0.286132782 1 1 1
v 1.292839646 -0.96344328 0.275503367 1 1 1
v 1.191408157 -0.99015063 0.279664427 1 1 1
v 1.259443998 -1.02706373 0.267972797 1 1 1
v 1.360776543 -0.99859101 0.268390089 1 1 1
v 1.32690382 -1.06282699 0.257533699 1 1 1
v 1.391178250 -0.94594109 0.288512349 1 1 1
v 1.408811688 -0.91841686 0.342146694 1 1 1
v 1.404855132 -0.93229276 0.410288035 1 1 1
v 1.300373792 -0.95990056 0.440597653 1 1 1
v 1.365930438 -0.99669915 0.431160777 1 1 1
v 1.258881807 -1.02633142 0.432954788 1 1 1
v 1.110490441 -1.03343618 0.447973609 1 1 1
v 1.158916950 -1.05959141 0.43829602 1 1 1
v 1.223572850 -1.09456754 0.426050961 1 1 1
v 1.070714473 -1.01265764 0.456324905 1 1 1
v 1.018050670 -0.98520136 0.467366397 1 1 1
v 0.954031705 -0.95112222 0.480739742 1 1 1
v 0.886653780 -0.91526014 0.494665414 1 1 1
v 0.850745558 -0.98264456 0.490887343 1 1 1
v 0.918138265 -1.01852298 0.476925849 1 1 1
v 0.980215907 -1.05157161 0.463831692 1 1 1
v 1.025761365 -1.07580698 0.453952312 1 1 1
v 1.066209554 -1.0973444 0.445583909 1 1 1
v 1.121712565 -1.12688839 0.434293121 1 1 1
v 1.187610745 -1.16193998 0.421128481 1 1 1
v 1.290957570 -1.13040078 0.414415001 1 1 1
v 1.255066871 -1.19787097 0.409941971 1 1 1
v 1.326905131 -1.06324995 0.421732544 1 1 1
v 1.429532289 -1.03622353 0.421828717 1 1 1
v 1.394327998 -1.0992763 0.412611991 1 1 1
v 1.452555179 -0.9914369 0.389757007 1 1 1
v 1.455154538 -0.98437554 0.338846981 1 1 1
v 1.460779547 -0.98094535 0.283935666 1 1 1
v 1.429541945 -1.03355527 0.260634809 1 1 1
v 1.516945838 -1.02333784 0.288255900 1 1 1
v 1.498752355 -1.06637204 0.252417117 1 1 1
v 1.523934006 -1.0113126 0.337751448 1 1 1
v 1.515610575 -1.02516651 0.384219527 1 1 1
v 1.495391845 -1.07246506 0.403360158 1 1 1
v 1.461830973 -1.13501489 0.405742436 1 1 1
v 1.358387231 -1.16629279 0.404911607 1 1 1
v 1.425823569 -1.2021476 0.397427737 1 1 1
v 1.322459578 -1.23371744 0.399800747 1 1 1
v 1.151762008 -1.22942257 0.419552475 1 1 1
v 1.219125866 -1.26528609 0.407607853 1 1 1
v 1.286550641 -1.30118728 0.397844165 1 1 1
v 1.084695458 -1.1937108 0.432146072 1 1 1
v 1.026016116 -1.16247189 0.444335579 1 1 1
v 0.985579013 -1.14093888 0.452709645 1 1 1
v 0.943233549 -1.11839533 0.461646795 1 1 1
v 0.882242143 -1.08592629 0.474520593 1 1 1
v 0.846350371 -1.15333188 0.473690629 1 1 1
v 0.907153010 -1.18570542 0.461292177 1 1 1
v 0.949022650 -1.2080003 0.452592909 1 1 1
v 0.989425897 -1.22951889 0.444223672 1 1 1
v 1.048603057 -1.26103449 0.432478040 1 1 1
v 1.115836739 -1.29684365 0.419779330 1 1 1
v 1.183258175 -1.33274698 0.408551633 1 1 1
v 1.250668406 -1.36863923 0.398756504 1 1 1
v 1.354015111 -1.33709109 0.390422523 1 1 1
v 1.318046331 -1.40453577 0.390657335 1 1 1
v 1.389889955 -1.26959944 0.392166942 1 1 1
v 1.493286728 -1.23808074 0.393401861 1 1 1
v 1.457383632 -1.30554044 0.387898504 1 1 1
v 1.529343724 -1.16989374 0.40145275 1 1 1
v 1.570129394 -1.0984478 0.400637447 1 1 1
v 1.563775420 -1.04800785 0.383811295 1 1 1
v 1.565060019 -1.04838777 0.338338851 1 1 1
v 1.600157260 -1.08135641 0.337985456 1 1 1
v 1.630843043 -1.15227354 0.396450728 1 1 1
v 1.642830371 -1.13479137 0.337234973 1 1 1
v 1.596436381 -1.20922506 0.400831401 1 1 1
v 1.560708999 -1.27405488 0.391947090 1 1 1
v 1.524859070 -1.34143722 0.386448711 1 1 1
v 1.421438455 -1.37298107 0.384853631 1 1 1
v 1.488930940 -1.40894377 0.384330362 1 1 1
v 1.385561585 -1.44046152 0.386693984 1 1 1
v 1.214757561 -1.43608427 0.402074664 1 1 1
v 1.282216310 -1.47197628 0.394912153 1 1 1
v 1.349612832 -1.50790644 0.389404356 1 1 1
v 1.147356629 -1.40018046 0.411629468 1 1 1
v 1.079982042 -1.36428523 0.422820717 1 1 1
v 1.013541579 -1.32890296 0.434647023 1 1 1
v 0.956869542 -1.29872084 0.445337295 1 1 1
v 0.916509032 -1.27720916 0.453621536 1 1 1
v 0.928633928 -1.37131977 0.448100417 1 1 1
v 0.978478789 -1.39742875 0.438981056 1 1 1
v 0.889138937 -1.3498385 0.455388069 1 1 1
v 1.044123649 -1.43171227 0.427866786 1 1 1
v 1.111518621 -1.46760619 0.417243331 1 1 1
v 1.178898930 -1.50350702 0.407799273 1 1 1
v 1.246338009 -1.53940272 0.400443851 1 1 1
v 1.313758611 -1.57529652 0.395233035 1 1 1
v 1.417090416 -1.54380488 0.388133555 1 1 1
v 1.381185174 -1.61123025 0.392418503 1 1 1
v 1.453008651 -1.47640121 0.384193629 1 1 1
v 1.556441187 -1.44485426 0.385999977 1 1 1
v 1.520475149 -1.51231205 0.386955708 1 1 1
v 1.592346906 -1.37738657 0.388744205 1 1 1
v 1.627915144 -1.31008768 0.394695341 1 1 1
v 1.661649584 -1.24831975 0.402098447 1 1 1
v 1.678633928 -1.20562112 0.378003239 1 1 1
v 1.732066988 -1.27894592 0.388672143 1 1 1
v 1.695899248 -1.34495783 0.400303572 1 1 1
v 1.728962183 -1.22972441 0.379048794 1 1 1
v 1.659718036 -1.41332936 0.394903838 1 1 1
v 1.623910784 -1.48078442 0.392271876 1 1 1
v 1.587953805 -1.54819405 0.392932981 1 1 1
v 1.484579920 -1.57971716 0.389563530 1 1 1
v 1.552046179 -1.61563945 0.394465148 1 1 1
v 1.448651433 -1.64713919 0.393332511 1 1 1
v 1.277882576 -1.64270318 0.401755720 1 1 1
v 1.345277905 -1.67863429 0.398100584 1 1 1
v 1.412746667 -1.71453059 0.398337423 1 1 1
v 1.210446953 -1.60680938 0.407220453 1 1 1
v 1.143080472 -1.57090473 0.415247440 1 1 1
v 1.075657606 -1.5350163 0.424345910 1 1 1
v 1.007139325 -1.49920034 0.434788435 1 1 1
v 0.977947831 -1.56790769 0.441835522 1 1 1
v 1.039810419 -1.60241401 0.432698041 1 1 1
v 1.107164502 -1.63831544 0.423113852 1 1 1
v 1.174622774 -1.67419255 0.415426015 1 1 1
v 1.241955995 -1.71011889 0.408482372 1 1 1
v 1.309381008 -1.74602401 0.404648840 1 1 1
v 1.376856565 -1.78190243 0.404062867 1 1 1
v 1.480207443 -1.7504127 0.402116715 1 1 1
v 1.444306016 -1.81781888 0.406472325 1 1 1
v 1.516094565 -1.6829716 0.398496091 1 1 1
v 1.619410038 -1.65145087 0.404244840 1 1 1
v 1.583582043 -1.718925 0.405743897 1 1 1
v 1.655439257 -1.58412802 0.401859462 1 1 1
v 1.691300988 -1.51668131 0.402403026 1 1 1
v 1.727021575 -1.44906092 0.404701113 1 1 1
v 1.763291239 -1.38338196 0.404243975 1 1 1
v 1.796028733 -1.48323357 0.417206555 1 1 1
v 1.758459925 -1.55251801 0.415107995 1 1 1
v 1.837098956 -1.41623437 0.399055928 1 1 1
v 1.722758173 -1.6199646 0.41515854 1 1 1
v 1.686962246 -1.68743217 0.415294915 1 1 1
v 1.650930404 -1.75474644 0.417840033 1 1 1
v 1.547673225 -1.78632259 0.408869832 1 1 1
v 1.615097403 -1.82219326 0.419616788 1 1 1
v 1.511727452 -1.85366869 0.413140237 1 1 1
v 1.340922355 -1.84934223 0.409344106 1 1 1
v 1.408395886 -1.88516223 0.412298053 1 1 1
v 1.475706815 -1.92088509 0.416437774 1 1 1
v 1.273522138 -1.81339335 0.411774754 1 1 1
v 1.206093907 -1.77750587 0.416492164 1 1 1
v 1.138678669 -1.74161088 0.423298358 1 1 1
v 1.071359276 -1.70569456 0.432382106 1 1 1
v 1.007109761 -1.66861522 0.441145956 1 1 1
v 0.981918990 -1.72144639 0.448222219 1 1 1
v 1.038266539 -1.77208197 0.440934985 1 1 1
v 1.102827906 -1.80899847 0.432258188 1 1 1
v 1.170200109 -1.84490263 0.424406230 1 1 1
v 1.237571001 -1.88082933 0.418537765 1 1 1
v 1.305077195 -1.91667497 0.416846275 1 1 1
v 1.372407078 -1.95247245 0.416466385 1 1 1
v 1.441098570 -1.99191511 0.422343492 1 1 1
v 1.542675852 -1.95778036 0.425763696 1 1 1
v 1.507817745 -2.02106452 0.411535859 1 1 1
v 1.579087615 -1.88944221 0.422392576 1 1 1
v 1.680234789 -1.85684717 0.432976692 1 1 1
v 1.646196603 -1.92575192 0.435523986 1 1 1
v 1.716546535 -1.78967488 0.431420713 1 1 1
v 1.752721548 -1.7224288 0.430323660 1 1 1
v 1.788736581 -1.65510738 0.429511666 1 1 1
v 1.826288938 -1.58893561 0.430341839 1 1 1
v 1.846748232 -1.68685973 0.444471210 1 1 1
v 1.808562517 -1.75214899 0.444303423 1 1 1
v 1.897650480 -1.62495494 0.442183375 1 1 1
v 1.771577477 -1.8189714 0.444620668 1 1 1
v 1.736912250 -1.88717699 0.446338057 1 1 1
v 1.713957071 -1.97014487 0.452171981 1 1 1
v 1.609318614 -1.99450839 0.420823067 1 1 1
v 1.676895260 -2.03995824 0.416029185 1 1 1
v 1.568462014 -2.05561662 0.399588197 1 1 1
v 1.409591674 -2.06929278 0.407527178 1 1 1
v 1.481299161 -2.07153988 0.389827519 1 1 1
v 1.524973154 -2.0754056 0.384945750 1 1 1
v 1.338084578 -2.02243805 0.424003899 1 1 1
v 1.269126057 -1.9840647 0.423368305 1 1 1
v 1.201719641 -1.94820476 0.426783889 1 1 1
v 1.134290456 -1.91231072 0.432728588 1 1 1
v 1.101129412 -1.97917843 0.441128373 1 1 1
v 1.165840387 -2.01559305 0.435375154 1 1 1
v 1.233444452 -2.05111599 0.431430995 1 1 1
v 1.301455855 -2.08844447 0.430871069 1 1 1
v 1.350086689 -2.11188269 0.393017798 1 1 1
v 1.363213777 -2.13212776 0.345750212 1 1 1
v 1.422302126 -2.10865068 0.340748816 1 1 1
v 1.481150031 -2.09114122 0.348729938 1 1 1
v 1.523864746 -2.08045983 0.360982656 1 1 1
v 1.562851905 -2.07738066 0.339142382 1 1 1
v 1.629477381 -2.05825233 0.386029422 1 1 1
v 1.628451347 -2.05890536 0.338981270 1 1 1
v 1.695603728 -2.0575695 0.329944849 1 1 1
v 1.734865307 -2.0459168 0.401543468 1 1 1
v 1.742393851 -2.05232072 0.349272191 1 1 1
v 1.775082230 -2.04105496 0.428428441 1 1 1
v 1.794899821 -1.98758268 0.467869848 1 1 1
v 1.756149292 -1.95111454 0.457944512 1 1 1
v 1.777684092 -1.90324557 0.456300675 1 1 1
v 1.793805003 -2.01997924 0.322178155 1 1 1
v 1.850222468 -2.04055429 0.419859111 1 1 1
v 1.860803246 -2.02746272 0.348448097 1 1 1
v 1.856530070 -2.01394224 0.467806458 1 1 1
v 1.747948169 -1.98651636 0.299758821 1 1 1
v 1.628954172 -2.05234218 0.295425266 1 1 1
v 1.662404060 -2.01945901 0.289491981 1 1 1
v 1.704986453 -1.95548773 0.286426931 1 1 1
v 1.580126166 -2.04372454 0.291433483 1 1 1
v 1.491784930 -2.07021189 0.305447489 1 1 1
v 1.513698220 -2.0180974 0.277768433 1 1 1
v 1.407642602 -2.06599832 0.281216651 1 1 1
v 1.336698174 -2.11575818 0.300746679 1 1 1
v 1.320420861 -2.15443707 0.353256583 1 1 1
v 1.281864285 -2.1745286 0.329910218 1 1 1
v 1.315200924 -2.1430738 0.385217428 1 1 1
v 1.289530396 -2.08970022 0.272774070 1 1 1
v 1.337434291 -2.02272511 0.264383822 1 1 1
v 1.237179160 -2.14905953 0.293034076 1 1 1
v 1.441017746 -1.99176466 0.262028902 1 1 1
v 1.372519254 -1.95274293 0.257090836 1 1 1
v 1.543678045 -1.95844245 0.265680521 1 1 1
v 1.475896477 -1.92124295 0.256185680 1 1 1
v 1.609238266 -1.98789167 0.277232289 1 1 1
v 1.647475600 -1.92545629 0.273700863 1 1 1
v 1.745736241 -1.8911854 0.285548120 1 1 1
v 1.682511329 -1.85808659 0.270955324 1 1 1
v 1.790169835 -1.91460729 0.296617358 1 1 1
v 1.831940174 -1.93927979 0.307728022 1 1 1
v 1.890869617 -1.96957684 0.323970705 1 1 1
v 1.947002172 -1.99797297 0.357701897 1 1 1
v 1.903020858 -2.01978397 0.378030777 1 1 1
v 1.901550889 -2.03592324 0.419659078 1 1 1
v 1.923502445 -1.89987957 0.321825295 1 1 1
v 1.869551777 -1.87112856 0.306800663 1 1 1
v 1.985150575 -1.93358767 0.339354038 1 1 1
v 1.829117655 -1.84960198 0.295831024 1 1 1
v 1.781508326 -1.82426226 0.283608347 1 1 1
v 1.718421459 -1.79068923 0.268575578 1 1 1
v 1.579235911 -1.88964665 0.261055797 1 1 1
v 1.615089774 -1.82219148 0.257997304 1 1 1
v 1.651008844 -1.75481284 0.254908293 1 1 1
v 1.511772513 -1.85373175 0.251734942 1 1 1
v 1.408404827 -1.88523006 0.251118034 1 1 1
v 1.444302201 -1.81779766 0.246139973 1 1 1
v 1.269152164 -1.98417342 0.263557463 1 1 1
v 1.305036306 -1.91674781 0.255744516 1 1 1
v 1.340939402 -1.849334 0.249061316 1 1 1
v 1.376864552 -1.78188574 0.243663147 1 1 1
v 1.480198502 -1.75040114 0.241356730 1 1 1
v 1.412750363 -1.7145226 0.2376488 1 1 1
v 1.547641634 -1.7863003 0.247985869 1 1 1
v 1.583585619 -1.71893942 0.244043424 1 1 1
v 1.686937451 -1.68742251 0.252630084 1 1 1
v 1.619423270 -1.65146148 0.242127284 1 1 1
v 1.75426054 -1.72324622 0.267248541 1 1 1
v 1.817754864 -1.75704515 0.282514661 1 1 1
v 1.866312265 -1.78289723 0.295066565 1 1 1
v 1.906815528 -1.8044349 0.306203156 1 1 1
v 1.962365150 -1.83211923 0.321559488 1 1 1
v 2.023546695 -1.86799335 0.339109063 1 1 1
v 2.044479370 -1.95908427 0.354906022 1 1 1
v 2.007578849 -2.00276232 0.369634002 1 1 1
v 2.075697898 -1.89593053 0.358293235 1 1 1
v 2.057872295 -1.81279683 0.353124320 1 1 1
v 2.017274141 -1.761922 0.328268706 1 1 1
v 2.079389572 -1.85017121 0.376065790 1 1 1
v 1.946015000 -1.73382425 0.306867927 1 1 1
v 1.901927232 -1.71275401 0.294142067 1 1 1
v 1.855698347 -1.68920946 0.281991124 1 1 1
v 1.790261983 -1.65589046 0.265976995 1 1 1
v 1.722815394 -1.61999094 0.251689463 1 1 1
v 1.655408382 -1.58411717 0.239816963 1 1 1
v 1.516092777 -1.68297577 0.237313091 1 1 1
v 1.552032947 -1.61563206 0.233215808 1 1 1
v 1.587930440 -1.54818356 0.231588244 1 1 1
v 1.448652148 -1.64713705 0.232364177 1 1 1
v 1.309403538 -1.7460146 0.243749976 1 1 1
v 1.345292210 -1.67863166 0.237081751 1 1 1
v 1.381194353 -1.61122966 0.231271132 1 1 1
v 1.484574556 -1.57971132 0.228544771 1 1 1
v 1.417941093 -1.54382741 0.227004259 1 1 1
v 1.521310448 -1.51232672 0.225984662 1 1 1
v 1.623872160 -1.48077488 0.230840519 1 1 1
v 1.557518124 -1.44439709 0.225021883 1 1 1
v 1.691291809 -1.51666749 0.240069061 1 1 1
v 1.758861780 -1.5526104 0.251756876 1 1 1
v 1.828723669 -1.58805335 0.266682863 1 1 1
v 1.888510108 -1.61719811 0.282212644 1 1 1
v 1.938982963 -1.63628352 0.299801081 1 1 1
v 1.991562366 -1.65451527 0.317353427 1 1 1
v 2.018161535 -1.69883704 0.345510721 1 1 1
v 2.072594881 -1.79627872 0.418711721 1 1 1
v 2.048382759 -1.74173677 0.412211388 1 1 1
v 2.020695924 -1.69217288 0.418815374 1 1 1
v 1.992630720 -1.63338554 0.429839462 1 1 1
v 1.981305956 -1.59966767 0.344626307 1 1 1
v 1.963858366 -1.55849636 0.329291492 1 1 1
v 1.981801629 -1.58845747 0.401496112 1 1 1
v 1.914428830 -1.55008876 0.292390525 1 1 1
v 1.858696103 -1.52276003 0.271364599 1 1 1
v 1.797859072 -1.48461604 0.254094511 1 1 1
v 1.727420449 -1.44923282 0.242044240 1 1 1
v 1.659795999 -1.41330934 0.233103066 1 1 1
v 1.592328906 -1.37739289 0.227408319 1 1 1
v 1.455750346 -1.47596335 0.223196491 1 1 1
v 1.491921544 -1.40803063 0.223350003 1 1 1
v 1.525949120 -1.34100068 0.225270941 1 1 1
v 1.313767075 -1.57529879 0.233579054 1 1 1
v 1.350420117 -1.50790453 0.227886632 1 1 1
v 1.388252377 -1.44000244 0.225250721 1 1 1
v 1.424396514 -1.37205398 0.223630562 1 1 1
v 1.458435535 -1.30507469 0.226395934 1 1 1
v 1.560851812 -1.27391565 0.230203211 1 1 1
v 1.493304133 -1.23808753 0.231446757 1 1 1
v 1.628415465 -1.30981767 0.232884228 1 1 1
v 1.697403430 -1.3444941 0.238205403 1 1 1
v 1.766761660 -1.38223374 0.246870860 1 1 1
v 1.837743043 -1.41904318 0.276078730 1 1 1
v 1.886280298 -1.46993709 0.291242450 1 1 1
v 1.919930696 -1.50379574 0.299064815 1 1 1
v 1.935295581 -1.49976468 0.337478905 1 1 1
v 1.938889622 -1.55226803 0.412466704 1 1 1
v 1.936020374 -1.49799633 0.389544874 1 1 1
v 1.861739039 -1.5212611 0.418135613 1 1 1
v 1.894529938 -1.46260762 0.399512708 1 1 1
v 1.909069895 -1.45031464 0.340812623 1 1 1
v 1.877130985 -1.40073526 0.337815642 1 1 1
v 1.842971563 -1.36190772 0.285226523 1 1 1
v 1.795371294 -1.32570684 0.272394776 1 1 1
v 1.848972678 -1.35825443 0.337750464 1 1 1
v 1.745201587 -1.26960826 0.249897524 1 1 1
v 1.665791392 -1.24350512 0.240218147 1 1 1
v 1.597334265 -1.20681894 0.238268598 1 1 1
v 1.531334519 -1.16735101 0.239300444 1 1 1
v 1.389906168 -1.2696234 0.230156168 1 1 1
v 1.425837993 -1.20218849 0.235072404 1 1 1
v 1.461836576 -1.13436043 0.242678284 1 1 1
v 1.355075717 -1.33661747 0.228547558 1 1 1
v 1.318863868 -1.40454054 0.228786155 1 1 1
v 1.250691294 -1.36864638 0.236198693 1 1 1
v 1.286575317 -1.30120242 0.235319137 1 1 1
v 1.322480320 -1.23374343 0.237113490 1 1 1
v 1.358406662 -1.16633141 0.241930589 1 1 1
v 1.394341111 -1.09859598 0.248834803 1 1 1
v 1.571334362 -1.09426379 0.265964567 1 1 1
v 1.630872249 -1.14840484 0.272775828 1 1 1
v 1.685647606 -1.19763041 0.281348139 1 1 1
v 1.734299302 -1.22480917 0.284530371 1 1 1
v 1.811778545 -1.30950558 0.336467772 1 1 1
v 1.770783305 -1.25882804 0.330932617 1 1 1
v 1.739266276 -1.22223902 0.337035685 1 1 1
v 1.837987899 -1.36374903 0.388769060 1 1 1
v 1.790288209 -1.32809877 0.389344006 1 1 1
v 1.691639661 -1.18764162 0.336393177 1 1 1
v 1.558021187 -1.05278039 0.295918017 1 1 1
v 1.290957927 -1.13040268 0.250434070 1 1 1
v 1.223575353 -1.09457576 0.261483997 1 1 1
v 1.255069851 -1.19787562 0.246328100 1 1 1
v 1.187631487 -1.16196907 0.256954997 1 1 1
v 1.120273709 -1.12612474 0.269529610 1 1 1
v 1.156177043 -1.05870605 0.273516923 1 1 1
v 1.151704669 -1.22939038 0.254913181 1 1 1
v 1.084368705 -1.19354177 0.267535239 1 1 1
v 1.219141006 -1.26529562 0.244183570 1 1 1
v 1.183264732 -1.3327477 0.245063081 1 1 1
v 1.115862369 -1.29684973 0.255722791 1 1 1
v 1.048472762 -1.26096272 0.267735272 1 1 1
v 0.981182158 -1.22512996 0.280576497 1 1 1
v 0.921621799 -1.19341302 0.292041003 1 1 1
v 0.945800066 -1.29282105 0.281959325 1 1 1
v 0.888019323 -1.26204312 0.292838454 1 1 1
v 1.012585759 -1.32839096 0.269927948 1 1 1
v 1.079991102 -1.36428475 0.258563071 1 1 1
v 1.147361040 -1.40018094 0.248013049 1 1 1
v 1.214782834 -1.4360857 0.239367380 1 1 1
v 1.282234430 -1.47197771 0.232890516 1 1 1
v 1.178903818 -1.50350976 0.244685411 1 1 1
v 1.111521840 -1.46760666 0.253441423 1 1 1
v 1.246346592 -1.5394057 0.238117098 1 1 1
v 1.044113993 -1.4317131 0.263321131 1 1 1
v 0.976713419 -1.39581656 0.274150550 1 1 1
v 0.911502540 -1.36108053 0.285335570 1 1 1
v 0.858491957 -1.332847 0.294690638 1 1 1
v 0.818095922 -1.31132293 0.302077084 1 1 1
v 0.770027518 -1.28572369 0.310602039 1 1 1
v 0.834770679 -1.39839423 0.297539681 1 1 1
v 0.792913675 -1.38290334 0.304487377 1 1 1
v 0.736860871 -1.3545686 0.314055949 1 1 1
v 0.879360139 -1.42895234 0.289968460 1 1 1
v 0.940871775 -1.46323252 0.280256599 1 1 1
v 1.008266091 -1.49912453 0.269914120 1 1 1
v 1.075650572 -1.5350194 0.260243654 1 1 1
v 1.143070936 -1.57091069 0.251850277 1 1 1
v 1.210449218 -1.6068157 0.244651153 1 1 1
v 1.277890205 -1.64270639 0.239989876 1 1 1
v 1.241986513 -1.71011198 0.246910587 1 1 1
v 1.174582839 -1.67421341 0.252424627 1 1 1
v 1.107178330 -1.63831615 0.259710580 1 1 1
v 1.039807558 -1.60241663 0.268442452 1 1 1
v 0.972415924 -1.56652641 0.277799010 1 1 1
v 0.906262278 -1.52948689 0.287239819 1 1 1
v 0.853586256 -1.48322082 0.294905573 1 1 1
v 0.818338632 -1.44860888 0.300279885 1 1 1
v 0.776696264 -1.46002877 0.307203263 1 1 1
v 0.704729437 -1.42244363 0.318367034 1 1 1
v 0.635497093 -1.38708627 0.329296529 1 1 1
v 0.666977703 -1.49037218 0.324766486 1 1 1
v 0.599593699 -1.45448637 0.334178209 1 1 1
v 0.736766219 -1.52572 0.314669787 1 1 1
v 0.824688732 -1.5259223 0.300771623 1 1 1
v 0.796753525 -1.57455873 0.306685537 1 1 1
v 0.878204941 -1.58332705 0.293835610 1 1 1
v 0.937127232 -1.63373554 0.286454618 1 1 1
v 1.003939747 -1.6698153 0.277365028 1 1 1
v 1.071348309 -1.70570087 0.268781393 1 1 1
v 1.138681769 -1.74161851 0.260615468 1 1 1
v 1.206109046 -1.77750587 0.254721820 1 1 1
v 1.273509264 -1.8134191 0.250484973 1 1 1
v 1.237624049 -1.88080692 0.258134305 1 1 1
v 1.170194625 -1.84491408 0.262695282 1 1 1
v 1.102858066 -1.80899155 0.269902974 1 1 1
v 1.035462617 -1.77309966 0.278005063 1 1 1
v 0.969113051 -1.73707342 0.286836415 1 1 1
v 0.909242987 -1.68739474 0.293910384 1 1 1
v 0.852855145 -1.63120592 0.300121337 1 1 1
v 0.766626238 -1.62942755 0.313961088 1 1 1
v 0.698472082 -1.59366465 0.322647184 1 1 1
v 0.827335357 -1.67838264 0.306749075 1 1 1
v 0.631112635 -1.55777073 0.331520617 1 1 1
v 0.563718855 -1.52188396 0.339855432 1 1 1
v 0.494296282 -1.48648834 0.348096668 1 1 1
v 0.532239556 -1.41859865 0.343320518 1 1 1
v 0.568074524 -1.35119879 0.338967084 1 1 1
v 0.525142490 -1.59022069 0.34628883 1 1 1
v 0.459231674 -1.54508138 0.352401465 1 1 1
v 0.595199644 -1.62517858 0.338413596 1 1 1
v 0.662639737 -1.66105044 0.330916106 1 1 1
v 0.730034291 -1.6969378 0.322873026 1 1 1
v 0.798097372 -1.7324934 0.314488321 1 1 1
v 0.885102868 -1.73435998 0.300502687 1 1 1
v 0.860006094 -1.78143764 0.307555526 1 1 1
v 0.941915810 -1.79049349 0.294292569 1 1 1
v 1.001173496 -1.84020841 0.287325263 1 1 1
v 1.066957473 -1.87639594 0.279002368 1 1 1
v 1.134313345 -1.91230917 0.271483689 1 1 1
v 1.201713442 -1.94822407 0.266099214 1 1 1
v 1.165873527 -2.0155952 0.275386691 1 1 1
v 1.098417639 -1.97971272 0.280622690 1 1 1
v 1.233709931 -2.05428743 0.272458940 1 1 1
v 1.033308744 -1.94347167 0.288005322 1 1 1
v 0.974583506 -1.89350545 0.294726282 1 1 1
v 0.918257474 -1.83721173 0.300932735 1 1 1
v 0.830180406 -1.83561409 0.315346807 1 1 1
v 0.761604905 -1.80020177 0.324202865 1 1 1
v 0.892701327 -1.88447869 0.307878524 1 1 1
v 0.694180727 -1.76432443 0.331823825 1 1 1
v 0.626758337 -1.72844827 0.338982999 1 1 1
v 0.557433664 -1.69332814 0.345849812 1 1 1
v 0.492294937 -1.65674233 0.351731717 1 1 1
v 0.429692506 -1.61462402 0.384443581 1 1 1
v 0.398851633 -1.4878664 0.374887704 1 1 1
v 0.427684158 -1.43851697 0.354576081 1 1 1
v 0.382747620 -1.53313386 0.415933907 1 1 1
v 0.473464399 -1.73025954 0.36974895 1 1 1
v 0.429667919 -1.70973408 0.412541806 1 1 1
v 0.424177765 -1.67364252 0.431395977 1 1 1
v 0.409668207 -1.62214649 0.426822841 1 1 1
v 0.397660642 -1.5724771 0.430809468 1 1 1
v 0.526946842 -1.76163554 0.352125108 1 1 1
v 0.590820670 -1.79587281 0.346689522 1 1 1
v 0.658341527 -1.83170545 0.340537697 1 1 1
v 0.725718617 -1.86760223 0.333138227 1 1 1
v 0.793133199 -1.90348542 0.325158923 1 1 1
v 0.862229883 -1.93879354 0.315799087 1 1 1
v 0.951351583 -1.94025087 0.301066219 1 1 1
v 0.925631463 -1.98745751 0.307921797 1 1 1
v 1.007691741 -1.99657476 0.295311510 1 1 1
v 1.065808057 -2.04339027 0.289702683 1 1 1
v 1.039330244 -2.09412479 0.296888321 1 1 1
v 0.985351085 -2.03979802 0.301095157 1 1 1
v 0.894506037 -2.04183388 0.315979689 1 1 1
v 0.824612617 -2.00678396 0.325268268 1 1 1
v 0.957949399 -2.08744836 0.308483570 1 1 1
v 0.757238924 -1.97088909 0.333814382 1 1 1
v 0.689854562 -1.93499649 0.341529339 1 1 1
v 0.622430980 -1.89912009 0.348186016 1 1 1
v 0.554782331 -1.86293793 0.353489637 1 1 1
v 0.491433799 -1.8254981 0.361524462 1 1 1
v 0.461034089 -1.78220952 0.372619986 1 1 1
v 0.436460524 -1.78214979 0.413746476 1 1 1
v 0.447235256 -1.72275698 0.488759607 1 1 1
v 0.442082703 -1.78389573 0.47228387 1 1 1
v 0.426802068 -1.67606902 0.465092659 1 1 1
v 0.413251966 -1.62326348 0.483805298 1 1 1
v 0.397346735 -1.57260251 0.465086013 1 1 1
v 0.389834284 -1.52046657 0.488932937 1 1 1
v 0.456453532 -1.55513203 0.504365265 1 1 1
v 0.484174341 -1.65764475 0.512765824 1 1 1
v 0.527046740 -1.58930123 0.514122664 1 1 1
v 0.516803324 -1.76037312 0.519041538 1 1 1
v 0.469332426 -1.83027339 0.498682349 1 1 1
v 0.559107661 -1.69226539 0.513162791 1 1 1
v 0.438733875 -1.83894956 0.416337251 1 1 1
v 0.528242409 -1.92583573 0.364807069 1 1 1
v 0.485863655 -1.88808048 0.378349125 1 1 1
v 0.448384076 -1.91213226 0.408088326 1 1 1
v 0.584635019 -1.96691287 0.354700774 1 1 1
v 0.653990805 -2.00239396 0.348909437 1 1 1
v 0.721355080 -2.03829193 0.341668635 1 1 1
v 0.788767695 -2.0741725 0.333959162 1 1 1
v 0.856087446 -2.11008215 0.325221687 1 1 1
v 0.752855181 -2.14158344 0.341156899 1 1 1
v 0.685507535 -2.10568643 0.348624646 1 1 1
v 0.820253193 -2.17746758 0.333622098 1 1 1
v 0.616835176 -2.07012534 0.354784846 1 1 1
v 0.553068697 -2.03249311 0.358867883 1 1 1
v 0.488706231 -1.99210918 0.374228835 1 1 1
v 0.453208446 -1.99931872 0.421023994 1 1 1
v 0.458081483 -1.95450068 0.427714079 1 1 1
v 0.447888493 -1.90619552 0.485613077 1 1 1
v 0.458764404 -1.94983006 0.464647531 1 1 1
v 0.551298141 -1.8628087 0.521955370 1 1 1
v 0.510231733 -1.92991757 0.515985786 1 1 1
v 0.591036796 -1.79574025 0.514270424 1 1 1
v 0.626778602 -1.72844231 0.506454289 1 1 1
v 0.595378935 -1.62513268 0.506505727 1 1 1
v 0.662644326 -1.66104937 0.498298436 1 1 1
v 0.694190621 -1.76432204 0.498922616 1 1 1
v 0.658356845 -1.83170331 0.507807612 1 1 1
v 0.730040133 -1.69693577 0.489749521 1 1 1
v 0.622573554 -1.89905763 0.515446543 1 1 1
v 0.586371779 -1.96613193 0.522048175 1 1 1
v 0.457670748 -1.99326754 0.492912977 1 1 1
v 0.543211937 -2.03156137 0.527140319 1 1 1
v 0.481005877 -2.08622694 0.384714722 1 1 1
v 0.446723908 -2.0730536 0.419173419 1 1 1
v 0.444997638 -2.07104111 0.480446457 1 1 1
v 0.531909763 -2.11201525 0.369290679 1 1 1
v 0.584785163 -2.13891125 0.358172416 1 1 1
v 0.649596393 -2.173105 0.353626370 1 1 1
v 0.716993868 -2.20898557 0.347317576 1 1 1
v 0.784370124 -2.24486947 0.340395271 1 1 1
v 0.681118369 -2.27639365 0.351432055 1 1 1
v 0.611414432 -2.24106717 0.356575787 1 1 1
v 0.748487174 -2.31227756 0.345451027 1 1 1
v 0.552600204 -2.20442438 0.360526382 1 1 1
v 0.506279468 -2.17703605 0.374669015 1 1 1
v 0.466563701 -2.16270161 0.413197785 1 1 1
v 0.454009234 -2.12130117 0.436590999 1 1 1
v 0.453338831 -2.12212372 0.464399397 1 1 1
v 0.508345186 -2.10402966 0.513218402 1 1 1
v 0.468467772 -2.16888022 0.488965034 1 1 1
v 0.618062615 -2.0698576 0.521375298 1 1 1
v 0.581261634 -2.13750958 0.524907350 1 1 1
v 0.654013812 -2.00239015 0.515789687 1 1 1
v 0.689893424 -1.9349879 0.508448898 1 1 1
v 0.725732982 -1.86760008 0.499822735 1 1 1
v 0.761622846 -1.80019796 0.490727007 1 1 1
v 0.793148100 -1.90348482 0.491011053 1 1 1
v 0.757253348 -1.97088861 0.499819874 1 1 1
v 0.828985691 -1.83609724 0.481275975 1 1 1
v 0.721363067 -2.03829336 0.507730364 1 1 1
v 0.685554742 -2.1056819 0.515197038 1 1 1
v 0.649495720 -2.17317533 0.519811570 1 1 1
v 0.538179516 -2.20538163 0.524231016 1 1 1
v 0.613618373 -2.24053383 0.522933483 1 1 1
v 0.466810137 -2.22773266 0.412249237 1 1 1
v 0.466009229 -2.22868776 0.470110863 1 1 1
v 0.493663162 -2.27754498 0.498813688 1 1 1
v 0.494627267 -2.22371936 0.377977579 1 1 1
v 0.520015239 -2.25632572 0.367684453 1 1 1
v 0.568572580 -2.3094871 0.357081979 1 1 1
v 0.643052816 -2.34440279 0.353146553 1 1 1
v 0.610490381 -2.41228437 0.353771746 1 1 1
v 0.553568959 -2.38426018 0.364185094 1 1 1
v 0.523344695 -2.3206687 0.377650231 1 1 1
v 0.506953358 -2.37319517 0.385869205 1 1 1
v 0.481449127 -2.28873158 0.404150158 1 1 1
v 0.477982044 -2.34926105 0.422791183 1 1 1
v 0.477993965 -2.35104775 0.480867266 1 1 1
v 0.573427021 -2.30813193 0.524389803 1 1 1
v 0.536155045 -2.37679219 0.511573970 1 1 1
v 0.681108593 -2.27639818 0.517472863 1 1 1
v 0.645230293 -2.34381294 0.519571542 1 1 1
v 0.717009425 -2.20898461 0.513028979 1 1 1
v 0.752869427 -2.14158273 0.506581664 1 1 1
v 0.788785755 -2.07417202 0.499174475 1 1 1
v 0.824620485 -2.00678468 0.490220844 1 1 1
v 0.86048913 -1.93938804 0.480895131 1 1 1
v 0.891983270 -2.04267955 0.480190217 1 1 1
v 0.856085240 -2.1100831 0.489265859 1 1 1
v 0.930236041 -1.97457409 0.470006078 1 1 1
v 0.820260703 -2.17746806 0.498072683 1 1 1
v 0.784379124 -2.24486923 0.505294084 1 1 1
v 0.74849087 -2.31227612 0.510794222 1 1 1
v 0.712595462 -2.37968493 0.514536619 1 1 1
v 0.606834054 -2.41180348 0.521254122 1 1 1
v 0.676669955 -2.44708562 0.516369462 1 1 1
v 0.487713694 -2.39256716 0.460287571 1 1 1
v 0.501394689 -2.43344951 0.487181514 1 1 1
v 0.549323856 -2.48549724 0.523597717 1 1 1
v 0.488019377 -2.39644694 0.439163565 1 1 1
v 0.497486203 -2.43393087 0.418120354 1 1 1
v 0.532066524 -2.4519794 0.374447584 1 1 1
v 0.579647898 -2.4779222 0.359061598 1 1 1
v 0.547093927 -2.52830577 0.365464329 1 1 1
v 0.518252730 -2.49555755 0.374949067 1 1 1
v 0.519916176 -2.49534369 0.429163217 1 1 1
v 0.518807172 -2.56214285 0.408999025 1 1 1
v 0.536985337 -2.55605841 0.493997752 1 1 1
v 0.639257490 -2.51514769 0.518761932 1 1 1
v 0.600561976 -2.58498263 0.519592464 1 1 1
v 0.744058728 -2.48296738 0.511473596 1 1 1
v 0.708204209 -2.55036378 0.514348566 1 1 1
v 0.779964625 -2.41556549 0.508359193 1 1 1
v 0.815921425 -2.34814787 0.504388749 1 1 1
v 0.851763606 -2.2807548 0.497662872 1 1 1
v 0.887579381 -2.21337581 0.489142447 1 1 1
v 0.923463821 -2.14597607 0.480047941 1 1 1
v 0.962261021 -2.07764411 0.469608932 1 1 1
v 0.992648363 -2.18128443 0.471397429 1 1 1
v 0.955047190 -2.24922538 0.481670647 1 1 1
v 1.026407957 -2.12239003 0.461727857 1 1 1
v 0.919280469 -2.31658125 0.490653187 1 1 1
v 0.883733451 -2.38421059 0.498095423 1 1 1
v 0.848108291 -2.45135951 0.503131985 1 1 1
v 0.812589228 -2.52027988 0.506793379 1 1 1
v 0.776322245 -2.58675456 0.510097384 1 1 1
v 0.672075212 -2.61774373 0.517167329 1 1 1
v 0.744640827 -2.65680718 0.513493120 1 1 1
v 0.523679971 -2.60838366 0.474410772 1 1 1
v 0.558554112 -2.65164375 0.493252813 1 1 1
v 0.632354855 -2.68585062 0.514698803 1 1 1
v 0.526359677 -2.60503483 0.421944171 1 1 1
v 0.568528711 -2.62059712 0.369360894 1 1 1
v 0.602545321 -2.57402635 0.353587299 1 1 1
v 0.543545305 -2.665797 0.408695310 1 1 1
v 0.555481374 -2.7094512 0.418517082 1 1 1
v 0.552284777 -2.70989799 0.476850897 1 1 1
v 0.585559845 -2.75794291 0.502358317 1 1 1
v 0.704006433 -2.72275972 0.517356276 1 1 1
v 0.664432227 -2.78871274 0.516092956 1 1 1
v 0.826885640 -2.69914603 0.491663426 1 1 1
v 0.775451302 -2.76231074 0.492657184 1 1 1
v 0.845518946 -2.62536645 0.496867299 1 1 1
v 0.878393650 -2.55487275 0.499720782 1 1 1
v 0.912697136 -2.48679662 0.492414414 1 1 1
v 0.947255015 -2.41739416 0.487512201 1 1 1
v 0.984242975 -2.35065937 0.485143154 1 1 1
v 1.017850637 -2.28223491 0.475132644 1 1 1
v 1.051775693 -2.21711349 0.465569168 1 1 1
v 1.070091962 -2.30943036 0.469928324 1 1 1
v 1.033390522 -2.37678194 0.467779398 1 1 1
v 1.099555611 -2.24603987 0.460082531 1 1 1
v 0.996107161 -2.44423604 0.466920912 1 1 1
v 0.955604732 -2.50906205 0.463128686 1 1 1
v 0.918782591 -2.57710457 0.461647719 1 1 1
v 0.883726358 -2.63914084 0.461290240 1 1 1
v 0.857711911 -2.68063593 0.460296034 1 1 1
v 0.802436828 -2.78144526 0.416537702 1 1 1
v 0.847602605 -2.71188498 0.412296623 1 1 1
v 0.861794948 -2.68256092 0.432127654 1 1 1
v 0.736245274 -2.83007646 0.503605663 1 1 1
v 0.756853938 -2.84243298 0.421190023 1 1 1
v 0.597602784 -2.8093698 0.472036808 1 1 1
v 0.631966829 -2.84672809 0.479682624 1 1 1
v 0.688476979 -2.86638021 0.474235445 1 1 1
v 0.577428519 -2.76944208 0.409971028 1 1 1
v 0.595476329 -2.8083899 0.422904461 1 1 1
v 0.627211988 -2.84886694 0.417688310 1 1 1
v 0.689355373 -2.86386633 0.415271550 1 1 1
v 0.684375882 -2.84818673 0.369815111 1 1 1
v 0.717730999 -2.81775355 0.36122334 1 1 1
v 0.764518022 -2.75770545 0.348500609 1 1 1
v 0.805343747 -2.69270945 0.349437415 1 1 1
v 0.879509747 -2.64583039 0.380778342 1 1 1
v 0.839802682 -2.62592459 0.342111408 1 1 1
v 0.888508081 -2.64327455 0.421435475 1 1 1
v 0.926854193 -2.58090997 0.414828628 1 1 1
v 0.965933442 -2.5157001 0.415110647 1 1 1
v 1.007903814 -2.45225334 0.414643973 1 1 1
v 1.052850484 -2.38821673 0.413464039 1 1 1
v 1.094321847 -2.32753778 0.414399206 1 1 1
v 1.004267573 -2.45259714 0.354205399 1 1 1
v 1.046184897 -2.388237 0.349151849 1 1 1
v 1.092684626 -2.32901573 0.333936423 1 1 1
v 0.955614209 -2.51050711 0.366199344 1 1 1
v 0.922006964 -2.57960248 0.365625441 1 1 1
v 0.876293778 -2.55455494 0.338779777 1 1 1
v 0.739710390 -2.65471148 0.347234755 1 1 1
v 0.776087522 -2.58765745 0.344057500 1 1 1
v 0.811467111 -2.51929855 0.341346770 1 1 1
v 0.696921885 -2.72199321 0.350734502 1 1 1
v 0.661384344 -2.77753377 0.353432297 1 1 1
v 0.632805049 -2.81693649 0.372633993 1 1 1
v 0.602156162 -2.72436523 0.370233833 1 1 1
v 0.632176816 -2.67523456 0.352984458 1 1 1
v 0.668283164 -2.61897349 0.350618779 1 1 1
v 0.708161771 -2.55036998 0.347886204 1 1 1
v 0.744048833 -2.48296881 0.345493704 1 1 1
v 0.847342431 -2.45141506 0.338458418 1 1 1
v 0.779973864 -2.41556525 0.343367636 1 1 1
v 0.910695076 -2.48670435 0.336312383 1 1 1
v 0.948292017 -2.42062831 0.331948041 1 1 1
v 0.986018180 -2.35288644 0.322089016 1 1 1
v 1.023124814 -2.28757858 0.315505951 1 1 1
v 1.137569665 -2.25746751 0.315506279 1 1 1
v 1.055699229 -2.22314858 0.304622232 1 1 1
v 1.147893786 -2.26537824 0.415991634 1 1 1
v 1.179185152 -2.2479372 0.394270658 1 1 1
v 1.184314131 -2.25415897 0.356158256 1 1 1
v 1.211586117 -2.21039152 0.403148949 1 1 1
v 1.160708189 -2.18760276 0.448638469 1 1 1
v 1.115652203 -2.1954484 0.455063015 1 1 1
v 1.070400953 -2.17763972 0.299321144 1 1 1
v 1.114935874 -2.2047205 0.299517422 1 1 1
v 1.182372331 -2.20310831 0.308016598 1 1 1
v 1.144482255 -2.17405963 0.290837854 1 1 1
v 1.221226692 -2.22368312 0.347727775 1 1 1
v 0.954960882 -2.24928856 0.319185733 1 1 1
v 0.989373505 -2.1840713 0.310348808 1 1 1
v 1.017225503 -2.13367081 0.302501380 1 1 1
v 0.919031858 -2.31672215 0.327311128 1 1 1
v 0.883205950 -2.38420582 0.334262788 1 1 1
v 0.815892875 -2.34815335 0.339729607 1 1 1
v 0.676625788 -2.44708037 0.349826425 1 1 1
v 0.712583005 -2.37968397 0.348416894 1 1 1
v 0.851765811 -2.28075218 0.333669990 1 1 1
v 0.887594282 -2.21337008 0.325764387 1 1 1
v 0.924997389 -2.14546251 0.316897630 1 1 1
v 1.094828963 -2.13881373 0.293443769 1 1 1
v 1.187827110 -2.1188221 0.282236844 1 1 1
v 1.129473209 -2.08551908 0.284390896 1 1 1
v 1.265285491 -2.15270352 0.402881473 1 1 1
v 1.199166655 -2.11925983 0.440490394 1 1 1
v 1.133886456 -2.07835484 0.443096458 1 1 1
v 1.107936382 -2.1272409 0.450557917 1 1 1
v 1.076053738 -2.03222561 0.448394507 1 1 1
v 1.054275989 -2.07468295 0.454357445 1 1 1
v 1.081088185 -2.16301465 0.457379937 1 1 1
v 1.020192503 -1.97562277 0.454052984 1 1 1
v 0.99389112 -2.02307749 0.461086154 1 1 1
v 1.043481111 -1.92860806 0.447703093 1 1 1
v 1.069420337 -1.87552381 0.440755158 1 1 1
v 1.012632250 -1.82503748 0.447861909 1 1 1
v 0.988937735 -1.87184823 0.454448372 1 1 1
v 0.961837112 -1.91970181 0.461622625 1 1 1
v 0.899053335 -1.87121665 0.470790058 1 1 1
v 0.931059539 -1.81616521 0.462099462 1 1 1
v 0.958432138 -1.76818883 0.454753160 1 1 1
v 0.927962184 -1.66441476 0.454753041 1 1 1
v 0.900273621 -1.71255505 0.462189823 1 1 1
v 0.867893457 -1.76779056 0.470994323 1 1 1
v 0.797457158 -1.7328155 0.480898857 1 1 1
v 0.836759448 -1.66438425 0.470518231 1 1 1
v 0.875935018 -1.59857118 0.460675954 1 1 1
v 0.954543292 -1.62250948 0.44805637 1 1 1
v 0.916796386 -1.58737636 0.453238219 1 1 1
v 0.803619563 -1.56158888 0.471485674 1 1 1
v 0.765909194 -1.6295408 0.480718374 1 1 1
v 0.886724650 -1.52046049 0.456101059 1 1 1
v 0.928370475 -1.53537333 0.449246525 1 1 1
v 0.834744453 -1.49389458 0.464436739 1 1 1
v 0.698470473 -1.59366465 0.489783793 1 1 1
v 0.734349608 -1.52626348 0.482011407 1 1 1
v 0.770220994 -1.45885849 0.474931478 1 1 1
v 0.861979246 -1.42301106 0.459125667 1 1 1
v 0.806101083 -1.39213169 0.468832373 1 1 1
v 0.905142724 -1.44667602 0.451679378 1 1 1
v 0.949437558 -1.46958375 0.444281786 1 1 1
v 0.838117420 -1.32198822 0.464893966 1 1 1
v 0.738713860 -1.35556483 0.480797708 1 1 1
v 0.702818930 -1.42297006 0.485866844 1 1 1
v 0.774572312 -1.28815281 0.476771146 1 1 1
v 0.666974961 -1.49037147 0.492168664 1 1 1
v 0.631121695 -1.55776858 0.499146938 1 1 1
v 0.563912570 -1.52184832 0.507750868 1 1 1
v 0.599595308 -1.45448577 0.501982450 1 1 1
v 0.635494351 -1.38708627 0.497060000 1 1 1
v 0.671317637 -1.31967819 0.492439538 1 1 1
v 0.707262277 -1.25229001 0.489750862 1 1 1
v 0.810515344 -1.22076309 0.474783957 1 1 1
v 0.743089675 -1.18486166 0.487698823 1 1 1
v 0.872089982 -1.25355649 0.462341010 1 1 1
v 0.779010355 -1.1174798 0.487648367 1 1 1
v 0.675662636 -1.14896321 0.499924480 1 1 1
v 0.639833629 -1.21638954 0.50135535 1 1 1
v 0.711628854 -1.08160138 0.500663816 1 1 1
v 0.603952407 -1.28379679 0.503664135 1 1 1
v 0.568070173 -1.3511976 0.506977677 1 1 1
v 0.532322883 -1.41859889 0.511461317 1 1 1
v 0.495336085 -1.48680317 0.515910089 1 1 1
v 0.425568133 -1.45293248 0.513345301 1 1 1
v 0.464443922 -1.38309777 0.518869459 1 1 1
v 0.500733375 -1.31532454 0.516374826 1 1 1
v 0.536562800 -1.24791288 0.513565659 1 1 1
v 0.572454869 -1.18051922 0.512170493 1 1 1
v 0.60838902 -1.11314237 0.512108027 1 1 1
v 0.644243359 -1.04572594 0.512413024 1 1 1
v 0.747478008 -1.01417685 0.501765608 1 1 1
v 0.679259896 -0.97759956 0.514684140 1 1 1
v 0.814847588 -1.05004001 0.488388001 1 1 1
v 0.783406376 -0.94681191 0.504580795 1 1 1
v 0.717805385 -0.91189653 0.516640007 1 1 1
v 0.620227694 -0.94568622 0.523770868 1 1 1
v 0.580033719 -1.01126957 0.522327780 1 1 1
v 0.661929130 -0.88187742 0.525759637 1 1 1
v 0.543134689 -1.07840395 0.521342635 1 1 1
v 0.506301939 -1.14530063 0.521583020 1 1 1
v 0.467997014 -1.21229315 0.522429525 1 1 1
v 0.433428049 -1.2794205 0.523189544 1 1 1
v 0.394025087 -1.34970379 0.526079714 1 1 1
v 0.349300652 -1.42028511 0.494192510 1 1 1
v 0.357555419 -1.47390687 0.472485691 1 1 1
v 0.357331901 -1.47228932 0.425017446 1 1 1
v 0.335875392 -1.43269444 0.410809040 1 1 1
v 0.295672804 -1.36734653 0.478901296 1 1 1
v 0.296505719 -1.36726773 0.421693265 1 1 1
v 0.327030986 -1.31173265 0.513028502 1 1 1
v 0.364437192 -1.24384189 0.528265774 1 1 1
v 0.396241635 -1.17708468 0.528041183 1 1 1
v 0.447704821 -1.11499393 0.527282774 1 1 1
v 0.489851921 -1.05003691 0.527100324 1 1 1
v 0.533134818 -0.9861064 0.528180003 1 1 1
v 0.577904403 -0.92287588 0.529374063 1 1 1
v 0.622223258 -0.86050862 0.530182719 1 1 1
v 0.755044758 -0.84503448 0.519863724 1 1 1
v 0.707525432 -0.81957555 0.526896536 1 1 1
v 0.667910039 -0.79863137 0.532207071 1 1 1
v 0.819304585 -0.87942606 0.508115351 1 1 1
v 0.796096265 -0.7800439 0.522638678 1 1 1
v 0.753580153 -0.75720656 0.529075503 1 1 1
v 0.711581289 -0.7350651 0.534619092 1 1 1
v 0.614285469 -0.77027965 0.537214458 1 1 1
v 0.577041029 -0.83667344 0.53509444 1 1 1
v 0.653751671 -0.70458436 0.539245128 1 1 1
v 0.536579370 -0.90113485 0.532467722 1 1 1
v 0.493588924 -0.96525067 0.531739890 1 1 1
v 0.449407160 -1.02850091 0.530606329 1 1 1
v 0.411034941 -1.09028924 0.529343605 1 1 1
v 0.380396813 -1.14001822 0.529922962 1 1 1
v 0.323484808 -1.16721225 0.530338704 1 1 1
v 0.294795632 -1.21635485 0.522069215 1 1 1
v 0.336734861 -1.12769771 0.530221521 1 1 1
v 0.256076097 -1.2833147 0.497169584 1 1 1
v 0.270311802 -1.32843685 0.467425435 1 1 1
v 0.270490884 -1.3278743 0.431835979 1 1 1
v 0.257563471 -1.13075972 0.526984334 1 1 1
v 0.280288279 -1.09025323 0.530994415 1 1 1
v 0.364843964 -1.07086825 0.531253933 1 1 1
v 0.305263102 -1.03661358 0.531834304 1 1 1
v 0.401553511 -1.00302696 0.532615125 1 1 1
v 0.439362585 -0.93664211 0.533620476 1 1 1
v 0.478714734 -0.87085027 0.536826610 1 1 1
v 0.513808846 -0.80328631 0.538310229 1 1 1
v 0.549688875 -0.73588878 0.540871560 1 1 1
v 0.585575938 -0.66849577 0.543222785 1 1 1
v 0.690570831 -0.63660568 0.542437553 1 1 1
v 0.621456682 -0.60106844 0.544273614 1 1 1
v 0.751837909 -0.6725921 0.536307036 1 1 1
v 0.518159329 -0.63257986 0.543778181 1 1 1
v 0.482275545 -0.69998771 0.54205966 1 1 1
v 0.553215444 -0.56286782 0.545180857 1 1 1
v 0.446387231 -0.76739007 0.540018141 1 1 1
v 0.410512089 -0.83478731 0.537387073 1 1 1
v 0.374614656 -0.90218544 0.535453140 1 1 1
v 0.338737219 -0.96956927 0.533025145 1 1 1
v 0.192436844 -1.08144724 0.518085062 1 1 1
v 0.378989189 -0.73149097 0.539574563 1 1 1
v 0.414865672 -0.66409725 0.541761517 1 1 1
v 0.449360787 -0.59435701 0.543701469 1 1 1
v 0.493890255 -0.52823949 0.545212030 1 1 1
v 0.589925944 -0.50169361 0.545919358 1 1 1
v 0.533720314 -0.47190014 0.538786888 1 1 1
v 0.657386958 -0.5361796 0.545623123 1 1 1
v 0.445879787 -0.50034881 0.530154407 1 1 1
v 0.386522352 -0.55618471 0.538377940 1 1 1
v 0.496646642 -0.44174507 0.522911071 1 1 1
v 0.346692174 -0.62895697 0.541119515 1 1 1
v 0.311575353 -0.69561648 0.538763821 1 1 1
v 0.324975997 -0.56066841 0.529671490 1 1 1
v 0.362125605 -0.49418971 0.513452768 1 1 1
v 0.309531480 -0.50879157 0.513705670 1 1 1
v 0.410805046 -0.45988071 0.510469675 1 1 1
v 0.452950805 -0.41339654 0.488374203 1 1 1
v 0.548103511 -0.37591702 0.522031307 1 1 1
v 0.498243212 -0.38632989 0.479670107 1 1 1
v 0.566667735 -0.43264109 0.535126447 1 1 1
v 0.619303703 -0.45256206 0.540338873 1 1 1
v 0.686168015 -0.48566476 0.544879853 1 1 1
v 0.725223422 -0.57754463 0.542944610 1 1 1
v 0.709723413 -0.44381458 0.522405922 1 1 1
v 0.636502325 -0.40955204 0.520400345 1 1 1
v 0.544149756 -0.36508656 0.404830366 1 1 1
v 0.500487029 -0.3890166 0.436708957 1 1 1
v 0.603654980 -0.34839332 0.481068998 1 1 1
v 0.603019654 -0.35109985 0.435573995 1 1 1
v 0.670562982 -0.36366162 0.483558595 1 1 1
v 0.458161026 -0.41895375 0.412464439 1 1 1
v 0.405579507 -0.47733814 0.397877842 1 1 1
v 0.355522483 -0.47169745 0.427736133 1 1 1
v 0.459122210 -0.52010155 0.379992038 1 1 1
v 0.518191337 -0.46121284 0.385032892 1 1 1
v 0.674590110 -0.36335695 0.421266704 1 1 1
v 0.718391358 -0.41665289 0.475150167 1 1 1
v 0.720892310 -0.41632003 0.429577589 1 1 1
v 0.759114086 -0.45344064 0.471410691 1 1 1
v 0.755810260 -0.45276007 0.433360368 1 1 1
v 0.782422661 -0.61681342 0.539050042 1 1 1
v 0.819727301 -0.65059274 0.533878207 1 1 1
v 0.795155286 -0.69836926 0.531829237 1 1 1
v 0.834787011 -0.71412677 0.526309788 1 1 1
v 0.367033869 -1.38728154 0.372053444 1 1 1
v 0.396404862 -1.33855593 0.357222676 1 1 1
v 0.461728096 -1.38355267 0.351646691 1 1 1
v 0.638647615 -2.51504874 0.351729512 1 1 1
v 1.907961010 -1.67213893 0.455700248 1 1 1
v 1.882592320 -1.71295428 0.455009013 1 1 1
v 1.951852917 -1.68010664 0.466267049 1 1 1
v 1.928138136 -1.73390627 0.467480003 1 1 1
v 1.849003315 -1.77368009 0.454990357 1 1 1
v 1.894089937 -1.79769707 0.467820614 1 1 1
v 2.001415491 -1.75856304 0.481255054 1 1 1
v 1.957133173 -1.82913268 0.485984474 1 1 1
v 2.004586935 -1.70284486 0.469802111 1 1 1
v 2.057502985 -1.80589175 0.487255543 1 1 1
v 2.023355960 -1.86730301 0.496574848 1 1 1
v 1.857934474 -1.86492825 0.468520611 1 1 1
v 1.919620394 -1.89789951 0.486318677 1 1 1
v 1.987113356 -1.9364264 0.506294786 1 1 1
v 1.811939120 -1.8404516 0.45557639 1 1 1
v 1.822440028 -1.92888725 0.468877703 1 1 1
v 1.884148240 -1.96425176 0.483231514 1 1 1
v 1.948510408 -2.00441599 0.476697623 1 1 1
v 2.058510303 -1.96972048 0.504097521 1 1 1
v 2.028475284 -2.02531648 0.472492098 1 1 1
v 2.099340677 -1.90080941 0.489445924 1 1 1
v 2.093640565 -1.84620559 0.467472374 1 1 1
v 2.093871355 -1.84524775 0.414897114 1 1 1
v 2.119862556 -1.90876186 0.410253852 1 1 1
v 2.133522272 -1.94231093 0.472753852 1 1 1
v 2.136157512 -1.94593203 0.434361696 1 1 1
v 2.103440284 -1.9959619 0.471804022 1 1 1
v 2.070259571 -2.02121234 0.459350675 1 1 1
v 1.954117178 -2.03268003 0.418494463 1 1 1
v 2.030103921 -2.02539039 0.415533065 1 1 1
v 2.069845676 -2.02373242 0.441332221 1 1 1
v 1.902857065 -2.01907015 0.453434944 1 1 1
v 2.088216066 -1.98496628 0.388532310 1 1 1
v 2.108902216 -1.99809313 0.433039516 1 1 1
s 1
g Front
f 8387 8361 8363 8385
f 8387 8388 8362 8361
f 8389 8390 8364 8362
f 8389 8362 8388 8391
f 8418 8415 8394 8417
f 8417 8394 8392 8390
f 8418 8421 8419 8415
f 8445 8443 8425 8422
f 8445 8422 8420 8419
f 8421 8446 8445 8419
f 8447 8448 8446 8421
f 8449 8447 8421 8418
f 8446 8444 8443 8445
f 8448 8450 8444 8446
f 8440 8438 8454 8453
f 8454 8438 8452 8455
f 8456 8440 8453 8457
f 8466 8460 8456 8457
f 8467 8465 8460 8466
f 8468 8457 8453 8469
f 8470 8466 8457 8468
f 8469 8453 8454 8471
f 8471 8454 8455 8472
f 8452 8451 8473 8455
f 8472 8455 8473 8474
f 8451 8450 8448 8473
f 8473 8448 8447 8474
f 8475 8474 8447 8449
f 8449 8418 8417 8476
f 8477 8475 8449 8476
f 8478 8472 8474 8475
f 8479 8478 8475 8477
f 8480 8471 8472 8478
f 8481 8469 8471 8480
f 8482 8468 8469 8481
f 8483 8470 8468 8482
f 8484 8467 8466 8470
f 8485 8484 8470 8483
f 8487 8465 8467 8486
f 8488 8486 8467 8484
f 8495 8487 8486 8496
f 8497 8496 8486 8488
f 8498 8488 8484 8485
f 8499 8497 8488 8498
f 8500 8485 8483 8501
f 8502 8498 8485 8500
f 8501 8483 8482 8503
f 8503 8482 8481 8504
f 8504 8481 8480 8505
f 8505 8480 8478 8479
f 8506 8479 8477 8507
f 8508 8505 8479 8506
f 8509 8504 8505 8508
f 8510 8503 8504 8509
f 8511 8501 8503 8510
f 8512 8500 8501 8511
f 8513 8502 8500 8512
f 8514 8499 8498 8502
f 8515 8514 8502 8513
f 8517 8497 8499 8516
f 8518 8516 8499 8514
f 8519 8496 8497 8517
f 8525 8519 8517 8526
f 8527 8526 8517 8516
f 8528 8527 8516 8518
f 8529 8518 8514 8515
f 8530 8528 8518 8529
f 8531 8515 8513 8532
f 8533 8529 8515 8531
f 8532 8513 8512 8534
f 8534 8512 8511 8535
f 8535 8511 8510 8536
f 8536 8510 8509 8537
f 8537 8509 8508 8538
f 8539 8537 8538 8540
f 8541 8536 8537 8539
f 8542 8535 8536 8541
f 8543 8534 8535 8542
f 8544 8532 8534 8543
f 8545 8531 8532 8544
f 8546 8533 8531 8545
f 8547 8530 8529 8533
f 8548 8547 8533 8546
f 8549 8550 8528 8530
f 8551 8549 8530 8547
f 8550 8552 8527 8528
f 8552 8553 8526 8527
f 8554 8525 8526 8553
f 8557 8553 8552 8559
f 8560 8559 8552 8550
f 8561 8560 8550 8549
f 8562 8561 8549 8551
f 8563 8551 8547 8548
f 8564 8562 8551 8563
f 8565 8548 8546 8566
f 8567 8563 8548 8565
f 8566 8546 8545 8568
f 8568 8545 8544 8569
f 8569 8544 8543 8570
f 8570 8543 8542 8571
f 8572 8570 8571 8573
f 8574 8569 8570 8572
f 8575 8568 8569 8574
f 8576 8566 8568 8575
f 8577 8565 8566 8576
f 8578 8567 8565 8577
f 8579 8564 8563 8567
f 8579 8567 8578 8580
f 8581 8582 8562 8564
f 8583 8581 8564 8579
f 8582 8584 8561 8562
f 8584 8585 8560 8561
f 8585 8586 8559 8560
f 8592 8590 8586 8585
f 8593 8592 8585 8584
f 8594 8593 8584 8582
f 8595 8594 8582 8581
f 8596 8595 8581 8583
f 8597 8583 8579 8580
f 8598 8596 8583 8597
f 8599 8580 8578 8600
f 8601 8597 8580 8599
f 8600 8578 8577 8602
f 8602 8577 8576 8603
f 8603 8576 8575 8604
f 8604 8575 8574 8605
f 8606 8604 8605 8607
f 8608 8603 8604 8606
f 8609 8602 8603 8608
f 8610 8600 8602 8609
f 8611 8599 8600 8610
f 8612 8601 8599 8611
f 8613 8598 8597 8601
f 8613 8601 8612 8614
f 8615 8616 8596 8598
f 8617 8615 8598 8613
f 8616 8618 8595 8596
f 8618 8619 8594 8595
f 8619 8620 8593 8594
f 8620 8621 8592 8593
f 8621 8622 8590 8592
f 8624 8622 8621 8623
f 8625 8623 8621 8620
f 8626 8625 8620 8619
f 8627 8626 8619 8618
f 8628 8627 8618 8616
f 8629 8628 8616 8615
f 8630 8629 8615 8617
f 8631 8617 8613 8614
f 8632 8630 8617 8631
f 8612 8611 8633 8614
f 8634 8614 8633 8635
f 8631 8614 8634 8636
f 8633 8611 8610 8637
f 8637 8610 8609 8638
f 8639 8637 8638 8640
f 8635 8633 8637 8639
f 8641 8635 8639 8642
f 8643 8634 8635 8641
f 8636 8634 8643 8644
f 8632 8631 8636 8645
f 8646 8645 8636 8644
f 8647 8648 8630 8632
f 8649 8647 8632 8645
f 8648 8650 8629 8630
f 8650 8651 8628 8629
f 8651 8652 8627 8628
f 8652 8653 8626 8627
f 8653 8654 8625 8626
f 8654 8655 8623 8625
f 8657 8655 8654 8656
f 8656 8654 8653 8658
f 8659 8658 8653 8652
f 8660 8659 8652 8651
f 8661 8660 8651 8650
f 8662 8661 8650 8648
f 8663 8662 8648 8647
f 8664 8663 8647 8649
f 8665 8649 8645 8646
f 8666 8664 8649 8665
f 8667 8646 8644 8668
f 8669 8665 8646 8667
f 8668 8644 8643 8670
f 8670 8643 8641 8671
f 8672 8670 8671 8673
f 8674 8668 8670 8672
f 8675 8667 8668 8674
f 8676 8669 8667 8675
f 8677 8666 8665 8669
f 8678 8677 8669 8676
f 8679 8680 8664 8666
f 8681 8679 8666 8677
f 8680 8682 8663 8664
f 8682 8683 8662 8663
f 8683 8684 8661 8662
f 8684 8685 8660 8661
f 8685 8686 8659 8660
f 8686 8687 8658 8659
f 8687 8688 8656 8658
f 8689 8690 8688 8687
f 8691 8689 8687 8686
f 8692 8691 8686 8685
f 8693 8692 8685 8684
f 8694 8693 8684 8683
f 8695 8694 8683 8682
f 8696 8695 8682 8680
f 8697 8696 8680 8679
f 8698 8697 8679 8681
f 8699 8681 8677 8678
f 8700 8698 8681 8699
f 8701 8678 8676 8702
f 8703 8699 8678 8701
f 8702 8676 8675 8704
f 8705 8702 8704 8706
f 8707 8701 8702 8705
f 8708 8703 8701 8707
f 8709 8700 8699 8703
f 8710 8709 8703 8708
f 8711 8712 8698 8700
f 8713 8711 8700 8709
f 8712 8714 8697 8698
f 8714 8715 8696 8697
f 8715 8716 8695 8696
f 8716 8717 8694 8695
f 8717 8718 8693 8694
f 8718 8719 8692 8693
f 8719 8720 8691 8692
f 8720 8721 8689 8691
f 8725 8720 8719 8724
f 8722 8720 8725 8726
f 8727 8724 8719 8718
f 8728 8727 8718 8717
f 8729 8728 8717 8716
f 8730 8729 8716 8715
f 8731 8730 8715 8714
f 8732 8731 8714 8712
f 8733 8732 8712 8711
f 8734 8733 8711 8713
f 8735 8713 8709 8710
f 8734 8713 8735 8736
f 8708 8707 8737 8710
f 8735 8710 8737 8738
f 8736 8735 8738 8739
f 8740 8736 8739 8741
f 8740 8742 8734 8736
f 8742 8743 8733 8734
f 8743 8744 8732 8733
f 8744 8745 8731 8732
f 8745 8746 8730 8731
f 8746 8747 8729 8730
f 8747 8748 8728 8729
f 8748 8749 8727 8728
f 8749 8750 8724 8727
f 8750 8726 8725 8724
f 8751 8752 8722 8726
f 8751 8726 8750 8753
f 8754 8753 8750 8749
f 8755 8754 8749 8748
f 8756 8755 8748 8747
f 8757 8756 8747 8746
f 8758 8757 8746 8745
f 8759 8758 8745 8744
f 8760 8759 8744 8743
f 8761 8760 8743 8742
f 8762 8761 8742 8740
f 8762 8740 8741 8763
f 8764 8741 8739 8765
f 8763 8741 8764 8766
f 8765 8739 8738 8767
f 8767 8738 8737 8768
f 8776 8763 8766 8774
f 8777 8762 8763 8776
f 8777 8778 8761 8762
f 8778 8779 8760 8761
f 8779 8780 8759 8760
f 8780 8781 8758 8759
f 8781 8782 8757 8758
f 8782 8783 8756 8757
f 8783 8784 8755 8756
f 8784 8785 8754 8755
f 8786 8787 8785 8784
f 8788 8786 8784 8783
f 8789 8788 8783 8782
f 8790 8789 8782 8781
f 8791 8790 8781 8780
f 8792 8791 8780 8779
f 8793 8792 8779 8778
f 8794 8793 8778 8777
f 8794 8777 8776 8795
f 8796 8795 8776 8774
f 8799 8796 8774 8797
f 8808 8799 8797 8807
f 8809 8810 8796 8799
f 8811 8809 8799 8808
f 8813 8794 8795 8812
f 8813 8814 8793 8794
f 8814 8815 8792 8793
f 8816 8791 8792 8815
f 8817 8790 8791 8816
f 8817 8818 8789 8790
f 8818 8819 8788 8789
f 8820 8821 8819 8818
f 8822 8820 8818 8817
f 8816 8823 8822 8817
f 8815 8824 8823 8816
f 8814 8825 8824 8815
f 8813 8812 8825 8814
f 8830 8810 8809 8829
f 8831 8828 8810 8830
f 8832 8829 8809 8811
f 8833 8811 8808 8834
f 8835 8832 8811 8833
f 8808 8807 8836 8834
f 8837 8834 8836 8838
f 8839 8833 8834 8837
f 8840 8835 8833 8839
f 8841 8842 8832 8835
f 8843 8841 8835 8840
f 8842 8844 8829 8832
f 8844 8831 8830 8829
f 8845 8846 8828 8831
f 8845 8831 8844 8847
f 8868 8846 8845 8847
f 8869 8847 8844 8842
f 8870 8871 8868 8847
f 8870 8847 8869 8872
f 9079 8624 8623 8655
f 9080 8657 8656 8688
f 9081 9080 8688 8690
f 9085 8690 8689 8721
f 9092 8723 8722 8752
f 9094 8752 8751 9095
f 9103 9098 9095 9104
f 9102 9098 9103 8787
f 9104 9095 8751 8753
f 9104 8753 8754 8785
f 9103 9104 8785 8787
f 9105 9106 9102 8787
f 9105 8787 8786 9107
f 9113 9106 9105 9107
f 8819 8821 9113 9107
f 9107 8786 8788 8819
f 9286 9287 9257 9258
f 9286 9258 9285 9288
f 9289 9288 9285 9284
f 9290 9284 9283 9282
f 9291 9289 9284 9290
f 9293 9290 9282 9292
f 9319 9292 9296 9318
f 9293 9292 9319 9320
f 9321 9319 9318 9322
f 9323 9320 9319 9321
f 9354 9322 9325 9352
f 9354 9352 9355 9357
f 9386 9355 9356 9360
f 9387 9386 9360 9385
f 9398 9399 9397 9373
f 9374 9400 9398 9373
f 9401 9403 9400 9374
f 9400 9404 9405 9398
f 9406 9404 9400 9403
f 9405 9407 9399 9398
f 9399 9407 9408 9409
f 9399 9409 9410 9397
f 9396 9397 9410 9395
f 9395 9410 9411 9394
f 9411 9412 9413 9394
f 9393 9413 9415 9414
f 9416 9417 9386 9387
f 9414 9415 9417 9416
f 9415 9418 9357 9417
f 9412 9418 9415 9413
f 9412 9419 9420 9418
f 9421 9419 9412 9411
f 9410 9409 9421 9411
f 9409 9408 9422 9421
f 9408 9423 9424 9422
f 9407 9425 9423 9408
f 9405 9426 9425 9407
f 9404 9427 9426 9405
f 9406 9428 9427 9404
f 9429 9430 9428 9406
f 9429 9406 9403 9431
f 9428 9432 9433 9427
f 9430 9434 9432 9428
f 9427 9433 9435 9426
f 9426 9435 9436 9425
f 9425 9436 9437 9423
f 9423 9437 9438 9424
f 9424 9438 9293 9320
f 9422 9424 9320 9323
f 9421 9422 9323 9419
f 9323 9321 9420 9419
f 9321 9322 9354 9420
f 9420 9354 9357 9418
f 9357 9355 9386 9417
f 9438 9291 9290 9293
f 9437 9439 9291 9438
f 9436 9440 9439 9437
f 9435 9441 9440 9436
f 9433 9442 9441 9435
f 9432 9443 9442 9433
f 9434 9444 9443 9432
f 9445 9446 9444 9434
f 9447 9445 9434 9430
f 9448 9447 9430 9429
f 9449 9448 9429 9431
f 9451 9447 9448 9450
f 9452 9450 9448 9449
f 9451 9453 9445 9447
f 9453 9454 9446 9445
f 9446 9455 9456 9444
f 9454 9457 9455 9446
f 9444 9456 9458 9443
f 9443 9458 9459 9442
f 9442 9459 9460 9441
f 9441 9460 9461 9440
f 9440 9461 9462 9439
f 9439 9462 9289 9291
f 9462 9463 9288 9289
f 9461 9464 9463 9462
f 9460 9465 9464 9461
f 9459 9466 9465 9460
f 9458 9467 9466 9459
f 9456 9468 9467 9458
f 9455 9469 9468 9456
f 9457 9470 9469 9455
f 9471 9472 9470 9457
f 9473 9471 9457 9454
f 9474 9473 9454 9453
f 9475 9474 9453 9451
f 9476 9475 9451 9450
f 9478 9474 9475 9477
f 9480 9473 9474 9478
f 9480 9481 9471 9473
f 9481 9482 9472 9471
f 9472 9483 9484 9470
f 9482 8642 9483 9472
f 9470 9484 9485 9469
f 9469 9485 9486 9468
f 9468 9486 9487 9467
f 9467 9487 9488 9466
f 9466 9488 9489 9465
f 9465 9489 9490 9464
f 9464 9490 9491 9463
f 9490 9492 9493 9491
f 9489 9494 9492 9490
f 9488 9495 9494 9489
f 9487 9496 9495 9488
f 9486 9497 9496 9487
f 9485 9498 9497 9486
f 9484 9499 9498 9485
f 9483 8640 9499 9484
f 8642 8639 8640 9483
f 8671 8641 8642 9482
f 8673 8671 9482 9481
f 9500 8673 9481 9480
f 9501 9500 9480 9478
f 9502 9501 9478 9477
f 9503 9504 9500 9501
f 9503 9501 9502 9505
f 9504 8672 8673 9500
f 9506 8674 8672 9504
f 9507 9506 9504 9503
f 9508 9507 9503 9505
f 9519 8706 9507 9508
f 8706 8704 9506 9507
f 8704 8675 8674 9506
f 9520 8705 8706 9519
f 9548 8707 8705 9520
f 8737 8707 9548 8768
f 8640 8638 9582 9499
f 8638 8609 8608 9582
f 9582 8608 8606 9583
f 9499 9582 9583 9498
f 9583 8606 8607 9584
f 9498 9583 9584 9497
f 9584 8607 9585 9586
f 9497 9584 9586 9496
f 8607 8605 9587 9585
f 9585 9587 9588 9589
f 9586 9585 9589 9590
f 9496 9586 9590 9495
f 9590 9589 9591 9592
f 9495 9590 9592 9494
f 9589 9588 9593 9591
f 9588 8573 9594 9593
f 9587 8572 8573 9588
f 8605 8574 8572 9587
f 8573 8571 9595 9594
f 9594 9595 9596 9597
f 9593 9594 9597 9598
f 9591 9593 9598 9599
f 9592 9591 9599 9600
f 9494 9592 9600 9492
f 9600 9599 9601 9602
f 9600 9602 9493 9492
f 9599 9598 9603 9601
f 9598 9597 9604 9603
f 9597 9596 9605 9604
f 9596 8539 8540 9605
f 9595 8541 8539 9596
f 8571 8542 8541 9595
f 9605 8540 9606 9607
f 9605 9607 9608 9604
f 9603 9604 9608 9609
f 9601 9603 9609 9610
f 9602 9601 9610 9611
f 9602 9611 9287 9493
f 9491 9493 9287 9286
f 9287 9611 9256 9257
f 9610 9254 9256 9611
f 9610 9609 9255 9254
f 9608 8386 9255 9609
f 9607 8385 8386 9608
f 9607 9606 8387 8385
f 9612 8388 8387 9606
f 8540 8538 9612 9606
f 9612 8506 8507 8388
f 8538 8508 8506 9612
f 8391 8388 8507 9613
f 8507 8477 8476 9613
f 9613 8476 8417 8390
f 9613 8390 8389 8391
f 9463 9491 9286 9288
f 9770 9771 9772 9773
f 9769 9770 9773 9774
f 9768 9775 9776 9766
f 9765 9766 9776 9777
f 9765 9777 9778 9767
f 9779 9767 9778 9781
f 9799 9779 9781 9800
f 9781 9778 9801 9802
f 9800 9781 9802 9803
f 9778 9777 9804 9801
f 9777 9776 9805 9804
f 9776 9775 9806 9805
f 9805 9806 9807 9808
f 9804 9805 9808 9809
f 9801 9804 9809 9810
f 9801 9810 9811 9802
f 9802 9811 9812 9803
f 9803 9812 9813 9814
f 9800 9803 9814 9815
f 9799 9800 9815 9798
f 9815 9814 9830 9818
f 9829 9818 9830 9831
f 9814 9813 9832 9830
f 9812 9833 9834 9813
f 9832 9813 9834 9835
f 9811 9836 9833 9812
f 9810 9837 9836 9811
f 9810 9809 9838 9837
f 9809 9808 9839 9838
f 9838 9839 9840 9841
f 9837 9838 9841 9842
f 9837 9842 9843 9836
f 9836 9843 9844 9833
f 9833 9844 9845 9834
f 9835 9834 9845 9846
f 9847 9835 9846 9848
f 9849 9832 9835 9847
f 9831 9830 9832 9849
f 9850 9831 9849 9851
f 9852 9829 9831 9850
f 9859 9852 9850 9860
f 9860 9850 9851 9861
f 9851 9849 9847 9862
f 9861 9851 9862 9863
f 9862 9847 9848 9864
f 9848 9846 9865 9866
f 9864 9848 9866 9867
f 9846 9845 9868 9865
f 9844 9869 9868 9845
f 9843 9870 9869 9844
f 9842 9871 9870 9843
f 9842 9841 9872 9871
f 9871 9872 9873 9874
f 9870 9871 9874 9875
f 9870 9875 9876 9869
f 9868 9869 9876 9877
f 9865 9868 9877 9878
f 9866 9865 9878 9879
f 9867 9866 9879 9880
f 9881 9867 9880 9882
f 9883 9864 9867 9881
f 9863 9862 9864 9883
f 9884 9863 9883 9885
f 9886 9861 9863 9884
f 9860 9861 9886 9887
f 9888 9859 9860 9887
f 9891 9887 9886 9893
f 9893 9886 9884 9894
f 9894 9884 9885 9895
f 9885 9883 9881 9896
f 9895 9885 9896 9897
f 9896 9881 9882 9898
f 9882 9880 9899 9900
f 9898 9882 9900 9901
f 9880 9879 9902 9899
f 9879 9878 9903 9902
f 9878 9877 9904 9903
f 9877 9876 9905 9904
f 9906 9905 9876 9875
f 9904 9905 9907 9908
f 9909 9907 9905 9906
f 9903 9904 9908 9910
f 9902 9903 9910 9911
f 9899 9902 9911 9912
f 9900 9899 9912 9913
f 9901 9900 9913 9914
f 9915 9901 9914 9916
f 9917 9898 9901 9915
f 9897 9896 9898 9917
f 9918 9897 9917 9919
f 9920 9895 9897 9918
f 9921 9894 9895 9920
f 9922 9893 9894 9921
f 9923 9891 9893 9922
f 9922 9921 9925 9924
f 9926 9923 9922 9924
f 9925 9921 9920 9927
f 9927 9920 9918 9928
f 9928 9918 9919 9929
f 9919 9917 9915 9930
f 9929 9919 9930 9931
f 9930 9915 9916 9932
f 9916 9914 9933 9934
f 9932 9916 9934 9935
f 9914 9913 9936 9933
f 9913 9912 9937 9936
f 9912 9911 9938 9937
f 9911 9910 9939 9938
f 9938 9939 9940 9941
f 9937 9938 9941 9942
f 9936 9937 9942 9943
f 9933 9936 9943 9944
f 9934 9933 9944 9945
f 9935 9934 9945 9946
f 9947 9935 9946 9948
f 9949 9932 9935 9947
f 9931 9930 9932 9949
f 9950 9931 9949 9951
f 9952 9929 9931 9950
f 9953 9928 9929 9952
f 9954 9927 9928 9953
f 9955 9925 9927 9954
f 9956 9954 9953 9957
f 9955 9954 9956 9958
f 9957 9953 9952 9959
f 9959 9952 9950 9960
f 9960 9950 9951 9961
f 9951 9949 9947 9962
f 9961 9951 9962 9963
f 9962 9947 9948 9964
f 9948 9946 9965 9966
f 9964 9948 9966 9967
f 9946 9945 9968 9965
f 9945 9944 9969 9968
f 9944 9943 9970 9969
f 9943 9942 9971 9970
f 9942 9941 9972 9971
f 9971 9972 9973 9974
f 9970 9971 9974 9975
f 9969 9970 9975 9976
f 9968 9969 9976 9977
f 9965 9968 9977 9978
f 9966 9965 9978 9979
f 9967 9966 9979 9980
f 9981 9967 9980 9982
f 9983 9964 9967 9981
f 9963 9962 9964 9983
f 9984 9963 9983 9985
f 9986 9961 9963 9984
f 9987 9960 9961 9986
f 9988 9959 9960 9987
f 9989 9957 9959 9988
f 9990 9988 9987 9991
f 9989 9988 9990 9992
f 9991 9987 9986 9993
f 9993 9986 9984 9994
f 9994 9984 9985 9995
f 9985 9983 9981 9996
f 9995 9985 9996 9997
f 9996 9981 9982 9998
f 9980 9999 10000 9982
f 9982 10000 10001 9998
f 9980 9979 10002 9999
f 9979 9978 10003 10002
f 9978 9977 10004 10003
f 9977 9976 10005 10004
f 10004 10005 10006 10007
f 10003 10004 10007 10008
f 10002 10003 10008 10009
f 10002 10009 10010 9999
f 10010 10011 10012 9999
f 9996 9998 10016 9997
f 10022 10023 9995 10021
f 9994 9995 10023 10024
f 10123 10147 9992 10120
f 10149 9989 9992 10147
f 10148 10150 10149 10147
f 10150 9958 9956 10149
f 10177 10178 9955 9958
f 10178 9924 9925 9955
f 10149 9956 9957 9989
f 10322 10321 10320 10319
f 10322 10319 10323 10324
f 10325 10316 10317 10326
f 10323 10316 10325 10327
f 10326 10345 10348 10347
f 10325 10326 10347 10349
f 10327 10325 10349 10350
f 10324 10323 10327 10351
f 10352 10351 10327 10350
f 10353 10350 10349 10354
f 10355 10352 10350 10353
f 10349 10347 10356 10354
f 10347 10348 10357 10356
f 10348 10358 10359 10357
f 10378 10359 10376 10379
f 10357 10359 10378 10380
f 10381 10356 10357 10380
f 10382 10354 10356 10381
f 10383 10353 10354 10382
f 10384 10382 10381 10385
f 10386 10383 10382 10384
f 10385 10381 10380 10387
f 10387 10380 10378 10388
f 10388 10378 10379 10389
f 10376 10377 10390 10379
f 10379 10390 10391 10389
f 10394 10405 10407 10406
f 10390 10394 10406 10391
f 10391 10406 10409 10408
f 10410 10389 10391 10408
f 10411 10388 10389 10410
f 10412 10387 10388 10411
f 10413 10385 10387 10412
f 10414 10384 10385 10413
f 10415 10413 10412 10416
f 10414 10413 10415 10417
f 10416 10412 10411 10418
f 10418 10411 10410 10419
f 10419 10410 10408 10420
f 10420 10408 10409 10421
f 10406 10407 10422 10409
f 10421 10409 10422 10423
f 10422 10407 10425 10426
f 10436 10426 10435 10437
f 10422 10426 10436 10423
f 10438 10423 10436 10439
f 10440 10421 10423 10438
f 10441 10420 10421 10440
f 10442 10419 10420 10441
f 10443 10418 10419 10442
f 10444 10416 10418 10443
f 10415 10416 10444 10445
f 10444 10443 10447 10446
f 10448 10445 10444 10446
f 10447 10443 10442 10449
f 10449 10442 10441 10450
f 10450 10441 10440 10451
f 10451 10440 10438 10452
f 10452 10438 10439 10453
f 10436 10437 10454 10439
f 10453 10439 10454 10455
f 10437 10457 10458 10454
f 10458 10457 10464 10465
f 10458 10465 10467 10466
f 10454 10458 10466 10455
f 10455 10466 10469 10468
f 10470 10453 10455 10468
f 10471 10452 10453 10470
f 10472 10451 10452 10471
f 10473 10450 10451 10472
f 10474 10449 10450 10473
f 10475 10447 10449 10474
f 10476 10446 10447 10475
f 10477 10475 10474 10478
f 10479 10476 10475 10477
f 10478 10474 10473 10480
f 10480 10473 10472 10481
f 10466 10467 10488 10469
f 10467 10465 10490 10491
f 10467 10491 10492 10488
f 10537 10538 10534 10535
f 10539 10479 10534 10538
f 10560 10538 10537 10559
f 10009 10008 10560 10559
f 10009 10559 10040 10010
f 10560 10561 10562 10538
f 10008 10007 10561 10560
f 10561 10563 10564 10562
f 10007 10006 10563 10561
f 10562 10564 10448 10565
f 10539 10538 10562 10565
f 10563 10566 10567 10564
f 10564 10567 10445 10448
f 10006 10568 10566 10563
f 10005 10569 10568 10006
f 10569 10570 10571 10568
f 10568 10571 10572 10566
f 10566 10572 10417 10567
f 10567 10417 10415 10445
f 10572 10573 10414 10417
f 10571 10574 10573 10572
f 10570 10575 10574 10571
f 9974 9973 10575 10570
f 9975 9974 10570 10569
f 9976 9975 10569 10005
f 9973 10576 10577 10575
f 10575 10577 10578 10574
f 10574 10578 10386 10573
f 10386 10384 10414 10573
f 10579 10383 10386 10578
f 10577 10580 10579 10578
f 10576 10581 10580 10577
f 9972 10582 10576 9973
f 10576 10582 10583 10581
f 10584 10585 10580 10581
f 10586 10581 10583 10587
f 10586 10588 10584 10581
f 10585 10355 10579 10580
f 10579 10355 10353 10383
f 10585 10589 10352 10355
f 10590 10589 10585 10584
f 10588 10591 10590 10584
f 10592 10593 10591 10588
f 10594 10592 10588 10586
f 10586 10587 10595 10594
f 9940 10587 10583 10582
f 9939 10595 10587 9940
f 9941 9940 10582 9972
f 9908 9907 10594 10595
f 9910 9908 10595 9939
f 10592 10594 9907 9909
f 9909 10596 10593 10592
f 10593 10597 10598 10591
f 10596 10599 10597 10593
f 10591 10598 10600 10590
f 10590 10600 10601 10589
f 10589 10601 10351 10352
f 10601 10602 10324 10351
f 10600 10603 10602 10601
f 10598 10604 10603 10600
f 10597 10605 10604 10598
f 10599 10606 10605 10597
f 10607 10608 10606 10599
f 10609 10607 10599 10596
f 9906 10609 10596 9909
f 9874 9873 10607 10609
f 9875 9874 10609 9906
f 9873 10610 10608 10607
f 10608 10611 10612 10606
f 10610 10613 10611 10608
f 10606 10612 10614 10605
f 10605 10614 10615 10604
f 10604 10615 10616 10603
f 10603 10616 10617 10602
f 10617 10322 10324 10602
f 10618 10321 10322 10617
f 10619 10618 10617 10616
f 10615 10620 10619 10616
f 10614 10621 10620 10615
f 10612 10622 10621 10614
f 10611 10623 10622 10612
f 10613 10624 10623 10611
f 10625 10626 10624 10613
f 10627 10625 10613 10610
f 9872 10627 10610 9873
f 9840 10628 10625 10627
f 9841 9840 10627 9872
f 10628 10629 10626 10625
f 10626 10630 10631 10624
f 10632 10630 10626 10629
f 10624 10631 10633 10623
f 10623 10633 10634 10622
f 10622 10634 10635 10621
f 10621 10635 10636 10620
f 10636 10637 10619 10620
f 10637 10638 10618 10619
f 10618 10638 10639 10321
f 10637 10644 10642 10638
f 10636 10645 10644 10637
f 10635 10646 10645 10636
f 10647 10646 10635 10634
f 10648 10647 10634 10633
f 10649 10648 10633 10631
f 10650 10649 10631 10630
f 10651 10650 10630 10632
f 10653 10632 10629 10652
f 10654 10651 10632 10653
f 10655 10652 10629 10628
f 9839 10655 10628 9840
f 9807 10656 10652 10655
f 9808 9807 10655 9839
f 10657 10653 10652 10656
f 10658 10654 10653 10657
f 10659 10660 10651 10654
f 10661 10659 10654 10658
f 10660 10662 10650 10651
f 10662 10663 10649 10650
f 10663 10664 10648 10649
f 10664 10665 10647 10648
f 10666 10646 10647 10665
f 10667 10668 10645 10646
f 10666 10669 10667 10646
f 10668 10670 10644 10645
f 10644 10670 10671 10642
f 10668 9657 9658 10670
f 10673 9657 10668 10667
f 10669 10674 10673 10667
f 10675 10676 10674 10669
f 10675 10669 10666 10665
f 10677 10675 10665 10664
f 10678 10677 10664 10663
f 10679 10678 10663 10662
f 10680 10679 10662 10660
f 10659 10681 10680 10660
f 10682 10681 10659 10661
f 10683 10684 10682 10661
f 10685 10683 10661 10658
f 10682 10686 10687 10681
f 10684 10688 10686 10682
f 10681 10687 10689 10680
f 10680 10689 10690 10679
f 10690 10691 10678 10679
f 10678 10691 10692 10677
f 10677 10692 10676 10675
f 10676 8837 8838 10674
f 10692 8839 8837 10676
f 10674 8838 10693 10673
f 10693 9659 9657 10673
f 10693 9629 9632 9659
f 8838 8836 9629 10693
f 8836 8807 9628 9629
f 10691 8840 8839 10692
f 10690 8843 8840 10691
f 10689 10694 8843 10690
f 10687 10695 10694 10689
f 10686 10696 10695 10687
f 10688 10697 10696 10686
f 10699 10697 10688 10698
f 10698 10688 10684 10700
f 10701 10702 10696 10697
f 10703 10701 10697 10699
f 10696 10702 10704 10695
f 10695 10704 10705 10694
f 10694 10705 8841 8843
f 10705 8869 8842 8841
f 8872 8869 10705 10704
f 10706 8872 10704 10702
f 10707 10708 10706 10702
f 10701 10709 10707 10702
f 10703 10710 10709 10701
f 10712 10710 10703 10711
f 10713 10711 10703 10699
f 10713 10699 10698 10714
f 10714 10698 10700 10715
f 10716 10700 10684 10683
f 9772 10715 10700 10716
f 10715 10717 10718 10714
f 10718 10711 10713 10714
f 10721 10711 10718 10723
f 10706 10708 8879 8872
f 8879 8871 8870 8872
f 10730 10723 10718 10717
f 9773 9772 10716 10734
f 10734 10716 10683 10685
f 10735 9774 9773 10734
f 10735 10734 10685 10736
f 10685 10658 10657 10736
f 10736 10657 10656 10737
f 10735 10736 10737 9774
f 9775 9774 10737 9806
f 10737 10656 9807 9806
f 10565 10448 10446 10476
f 10539 10565 10476 10479
f 10742 9992 9990 10743
f 10744 10120 9992 10742
f 10742 10743 10745 10744
f 10743 9990 9991 10746
f 10743 10746 10747 10745
f 10745 10747 10749 10748
f 10750 10744 10745 10748
f 10751 10748 10749 10752
f 10749 10747 10753 10754
f 10752 10749 10754 10755
f 10747 10746 10756 10753
f 10746 9991 9993 10756
f 9993 9994 10024 10756
f 10753 10756 10024 10757
f 10754 10753 10757 10758
f 10755 10754 10758 10759
f 10752 10755 10760 10762
f 10763 10751 10752 10762
f 10766 10762 10760 10768
f 10758 10757 10022 10028
f 10757 10024 10023 10022
g Right
f 8767 8768 8769 8770
f 8765 8767 8770 8771
f 8764 8765 8771 8772
f 8766 8764 8772 8773
f 8774 8766 8773 8775
f 8797 8774 8775 8798
f 8804 8798 8775 8802
f 8807 8797 8798 8806
f 8810 8812 8795 8796
f 9372 9370 9368 9373
f 9374 9373 9368 9369
f 9377 9365 9376 9379
f 9385 9384 9388 9387
f 9389 9388 9382 9381
f 9390 9389 9381 9380
f 9391 9390 9380 9378
f 9379 9391 9378 9377
f 9392 9393 9391 9379
f 9392 9379 9376 9394
f 9395 9394 9376 9375
f 9396 9395 9375 9371
f 9372 9396 9371 9370
f 9372 9373 9397 9396
f 9401 9374 9369 9402
f 9392 9394 9413 9393
f 9393 9414 9390 9391
f 9414 9416 9389 9390
f 9416 9387 9388 9389
f 9479 9477 9475 9476
f 9505 9502 9509 9510
f 9508 9505 9510 9511
f 9502 9477 9512 9509
f 9509 9512 9513 9514
f 9510 9509 9514 9515
f 9511 9510 9515 9516
f 9517 9511 9516 9518
f 9519 9508 9511 9517
f 9520 9519 9517 9521
f 9518 9516 9523 9524
f 9532 9533 9531 9512
f 9479 9532 9512 9477
f 9533 9536 9534 9531
f 9520 9521 9547 9548
f 8768 9548 9547 8769
f 9577 9578 9575 9576
f 9579 9577 9576 9536
f 9341 9338 9575 9578
f 9580 9402 9341 9578
f 9581 9580 9578 9431
f 9449 9431 9578 9577
f 9449 9577 9579 9452
f 9452 9579 9536 9450
f 9450 9536 9533 9476
f 9476 9533 9532 9479
f 9581 9431 9403 9401
f 9581 9401 9402 9580
f 8807 8806 9627 9628
f 9629 9628 9627 9626
f 9626 9631 9632 9629
f 9635 9656 9658 9657
f 9657 9659 9630 9635
f 10288 10286 10260 10285
f 10285 10290 10291 10292
f 10285 10292 10293 10288
f 10289 10314 10315 10290
f 10316 10290 10315 10317
f 10318 10291 10290 10316
f 10292 10291 10318 10319
f 10320 10293 10292 10319
f 10288 10293 10320 10321
f 10323 10319 10318 10316
f 10317 10315 10328 10326
f 10328 10315 10314 10313
f 10328 10313 10330 10331
f 10342 10343 10344 10331
f 10331 10344 10346 10345
f 10328 10331 10345 10326
f 10348 10345 10346 10358
f 10346 10344 10343 10358
f 10360 10361 10343 10342
f 10343 10361 10362 10358
f 10341 10363 10360 10342
f 10360 10373 10374 10361
f 10362 10361 10374 10375
f 10376 10362 10375 10377
f 10359 10358 10362 10376
f 10373 10392 10393 10377
f 10375 10374 10373 10377
f 10390 10377 10393 10394
f 10373 10372 10395 10392
f 10393 10392 10403 10394
f 10403 10404 10405 10394
f 10407 10405 10424 10425
f 10404 10427 10424 10405
f 10402 10428 10427 10404
f 10429 10432 10433 10428
f 10424 10427 10428 10425
f 10425 10428 10433 10426
f 10433 10434 10435 10426
f 10437 10435 10456 10457
f 10434 10459 10456 10435
f 10434 10433 10432 10431
f 10460 10434 10431 10461
f 10460 10462 10459 10434
f 10457 10456 10459 10462
f 10462 10463 10464 10457
f 10493 10494 10490 10465
f 10464 10463 10493 10465
f 10490 10494 10495 10491
f 10520 10495 10494 10493
f 10520 10493 10521 10519
f 10521 10493 10463 10462
f 10321 10639 10640 10288
f 10641 10640 10639 10638
f 10638 10642 10643 10641
f 9655 10672 10671 10670
f 9658 9656 9655 10670
f 9632 9631 9630 9659
f 9662 10643 10672 9655
f 10642 10671 10672 10643
f 10286 10641 10738 10287
f 10286 10288 10640 10641
f 10462 10460 10522 10521
g Back
f 8336 8337 8338 8339
f 8340 8341 8337 8336
f 8342 8336 8339 8343
f 8344 8340 8336 8342
f 8348 8349 8339 8338
f 8338 8346 8350 8348
f 8343 8339 8349 8351
f 8352 8343 8351 8353
f 8354 8342 8343 8352
f 8355 8344 8342 8354
f 8356 8357 8340 8344
f 8358 8356 8344 8355
f 8341 8340 8357 8359
f 8350 8366 8368 8369
f 8348 8350 8369 8370
f 8370 8371 8349 8348
f 8351 8349 8371 8372
f 8353 8351 8372 8373
f 8374 8353 8373 8375
f 8376 8352 8353 8374
f 8377 8354 8352 8376
f 8378 8355 8354 8377
f 8379 8358 8355 8378
f 8380 8381 8356 8358
f 8382 8380 8358 8379
f 8383 8357 8356 8381
f 8384 8359 8357 8383
f 8368 8396 8397 8369
f 8398 8396 8368 8395
f 8370 8369 8397 8399
f 8371 8370 8399 8400
f 8400 8401 8372 8371
f 8373 8372 8401 8402
f 8375 8373 8402 8403
f 8402 8401 8404 8405
f 8403 8402 8405 8406
f 8400 8407 8404 8401
f 8400 8399 8408 8407
f 8399 8397 8409 8408
f 8397 8396 8410 8409
f 8396 8398 8411 8410
f 8411 8413 8423 8424
f 8411 8424 8426 8410
f 8409 8410 8426 8427
f 8408 8409 8427 8428
f 8408 8428 8429 8407
f 8430 8405 8404 8407
f 8430 8407 8429 8431
f 8406 8405 8430 8432
f 8433 8406 8432 8434
f 8435 8403 8406 8433
f 8432 8430 8431 8436
f 8437 8434 8432 8436
f 8433 8434 8459 8461
f 8462 8461 8459 8463
f 8773 8800 8801 8775
f 8802 8775 8801 8803
f 8805 8806 8798 8804
f 8851 8859 8860 8858
f 8849 8861 8859 8851
f 8848 8862 8861 8849
f 8863 8864 8862 8848
f 8850 8865 8863 8848
f 8873 8874 8865 8866
f 8875 8876 8873 8866
f 8874 8880 8863 8865
f 8880 8881 8864 8863
f 8882 8862 8864 8881
f 8862 8802 8803 8861
f 8882 8804 8802 8862
f 8861 8803 8883 8859
f 8859 8883 8884 8860
f 8860 8884 8885 8886
f 8858 8860 8886 8856
f 8884 8887 8888 8885
f 8883 8889 8887 8884
f 8803 8801 8889 8883
f 8889 8890 8891 8887
f 8801 8800 8890 8889
f 8887 8891 8892 8888
f 8888 8892 8893 8894
f 8888 8894 8895 8885
f 8885 8895 8896 8886
f 8886 8896 8857 8856
f 8895 8897 8898 8896
f 8896 8898 8899 8857
f 8894 8900 8897 8895
f 8894 8893 8901 8900
f 8893 8902 8903 8901
f 8892 8904 8902 8893
f 8891 8905 8904 8892
f 8890 8906 8905 8891
f 8800 8907 8906 8890
f 8773 8772 8907 8800
f 8907 8908 8909 8906
f 8772 8771 8908 8907
f 8906 8909 8910 8905
f 8905 8910 8911 8904
f 8904 8911 8912 8902
f 8902 8912 8913 8903
f 8903 8913 8914 8915
f 8901 8903 8915 8916
f 8901 8916 8917 8900
f 8900 8917 8918 8897
f 8897 8918 8919 8898
f 8899 8898 8919 8920
f 8920 8919 8923 8924
f 8918 8926 8923 8919
f 8917 8927 8926 8918
f 8917 8916 8928 8927
f 8916 8915 8929 8928
f 8915 8914 8930 8929
f 8914 8931 8932 8930
f 8913 8933 8931 8914
f 8912 8934 8933 8913
f 8911 8935 8934 8912
f 8910 8936 8935 8911
f 8909 8937 8936 8910
f 8936 8938 8939 8935
f 8937 8940 8938 8936
f 8935 8939 8941 8934
f 8934 8941 8942 8933
f 8933 8942 8943 8931
f 8931 8943 8944 8932
f 8932 8944 8945 8946
f 8930 8932 8946 8947
f 8929 8930 8947 8948
f 8928 8929 8948 8949
f 8927 8928 8949 8950
f 8927 8950 8951 8926
f 8926 8951 8952 8923
f 8950 8953 8954 8951
f 8952 8951 8954 8955
f 8949 8956 8953 8950
f 8949 8948 8957 8956
f 8948 8947 8958 8957
f 8947 8946 8959 8958
f 8946 8945 8960 8959
f 8945 8961 8962 8960
f 8944 8963 8961 8945
f 8943 8964 8963 8944
f 8942 8965 8964 8943
f 8941 8966 8965 8942
f 8939 8967 8966 8941
f 8938 8968 8967 8939
f 8967 8969 8970 8966
f 8968 8971 8969 8967
f 8966 8970 8972 8965
f 8965 8972 8973 8964
f 8964 8973 8974 8963
f 8974 8975 8961 8963
f 8961 8975 8976 8962
f 8962 8976 8977 8978
f 8960 8962 8978 8979
f 8959 8960 8979 8980
f 8958 8959 8980 8981
f 8957 8958 8981 8982
f 8957 8982 8983 8956
f 8956 8983 8984 8953
f 8983 8982 8986 8985
f 8987 8984 8983 8985
f 8981 8988 8989 8982
f 8986 8982 8989 8990
f 8980 8991 8988 8981
f 8980 8979 8992 8991
f 8979 8978 8993 8992
f 8978 8977 8994 8993
f 8977 8995 8996 8994
f 8976 8997 8995 8977
f 8975 8998 8997 8976
f 8999 8998 8975 8974
f 9000 8999 8974 8973
f 8972 9001 9000 8973
f 8970 9002 9001 8972
f 9001 9003 9004 9000
f 9002 9005 9003 9001
f 9000 9004 9006 8999
f 8999 9006 9007 8998
f 9007 9008 9009 8998
f 9009 9010 8997 8998
f 8997 9010 9011 8995
f 8995 9011 9012 8996
f 8996 9012 9013 9014
f 8994 8996 9014 9015
f 8993 8994 9015 9016
f 8992 8993 9016 9017
f 8991 8992 9017 9018
f 8988 8991 9018 9019
f 9017 9020 9021 9018
f 9017 9016 9023 9020
f 9016 9015 9024 9023
f 9015 9014 9025 9024
f 9013 9026 9025 9014
f 9013 9027 9028 9026
f 9012 9029 9027 9013
f 9011 9030 9029 9012
f 9010 9031 9030 9011
f 9009 9008 9031 9010
f 9008 9032 9033 9031
f 9007 9034 9032 9008
f 9006 9035 9034 9007
f 9004 9036 9035 9006
f 9035 9037 9038 9034
f 9036 9039 9037 9035
f 9034 9038 9040 9032
f 9032 9040 9041 9033
f 9033 9041 9042 9043
f 9031 9033 9043 9030
f 9030 9043 9044 9029
f 9029 9044 9045 9027
f 9027 9045 9046 9028
f 9028 9046 9047 9048
f 9028 9048 9049 9026
f 9026 9049 9050 9025
f 9024 9025 9050 9051
f 9024 9051 9052 9023
f 9023 9052 9053 9020
f 9050 9049 9057 9051
f 9057 9058 9059 9051
f 9048 9061 9057 9049
f 9048 9047 9062 9061
f 9047 9063 9064 9062
f 9046 9065 9063 9047
f 9045 9066 9065 9046
f 9044 9067 9066 9045
f 9043 9042 9067 9044
f 9042 9068 9069 9067
f 9041 9070 9068 9042
f 9067 9069 9071 9066
f 9066 9071 9072 9065
f 9065 9072 9073 9063
f 9063 9073 9074 9064
f 9074 9075 9076 9064
f 9064 9076 9077 9062
f 9062 9077 9078 9061
f 9058 9057 9061 8591
f 9020 9053 9083 9021
f 8988 9019 9089 8989
f 8990 8989 9089 9088
f 8990 9088 9091 9090
f 8986 8990 9090 8985
f 8985 9090 9093 8987
f 8955 8984 8987 9099
f 9100 8955 9099 9101
f 9108 8952 8955 9100
f 8954 8953 8984 8955
f 8923 8952 9108 8924
f 9076 9075 8556 8558
f 9074 9118 9116 9075
f 9118 9120 9119 9116
f 9121 8492 8522 9119
f 9120 9122 9121 9119
f 9123 9124 9122 9120
f 9125 9123 9120 9118
f 9073 9125 9118 9074
f 9126 9127 9123 9125
f 9072 9126 9125 9073
f 9128 9124 9123 9127
f 9124 9129 9130 9131
f 9131 9132 9122 9124
f 9128 9133 9129 9124
f 9122 9132 9134 9121
f 9121 9134 8491 8492
f 9134 9135 8462 8491
f 9132 9136 9135 9134
f 9137 9136 9132 9131
f 9138 9131 9130 9139
f 9138 9140 9137 9131
f 9133 9139 9130 9129
f 9141 9142 9139 9133
f 9141 9133 9128 9143
f 9144 9143 9128 9127
f 9145 9144 9127 9126
f 9071 9145 9126 9072
f 9146 9147 9144 9145
f 9069 9146 9145 9071
f 9148 9143 9144 9147
f 9143 9149 9142 9141
f 9148 9150 9149 9143
f 9138 9139 9142 9149
f 9151 9140 9138 9149
f 9140 9152 9153 9137
f 9151 9154 9152 9140
f 9137 9153 9155 9136
f 9136 9155 9156 9135
f 9135 9156 8461 8462
f 8435 8433 8461 9156
f 9155 9157 8435 9156
f 9153 9158 9157 9155
f 9152 9159 9158 9153
f 9154 9160 9159 9152
f 9161 9162 9160 9154
f 9163 9161 9154 9151
f 9150 9163 9151 9149
f 9164 9165 9163 9150
f 9166 9164 9150 9148
f 9167 9166 9148 9147
f 9168 9167 9147 9146
f 9068 9168 9146 9069
f 9169 9170 9167 9168
f 9070 9169 9168 9068
f 9170 9171 9166 9167
f 9171 9172 9164 9166
f 9172 9173 9165 9164
f 9165 9174 9161 9163
f 9173 9175 9174 9165
f 9174 9176 9162 9161
f 9162 8378 8377 9160
f 9176 8379 8378 9162
f 9160 8377 8376 9159
f 9159 8376 8374 9158
f 9158 8374 8375 9157
f 8375 8403 8435 9157
f 9177 8382 8379 9176
f 9175 9177 9176 9174
f 9178 9179 9177 9175
f 9180 9178 9175 9173
f 9181 9180 9173 9172
f 9182 9181 9172 9171
f 9183 9182 9171 9170
f 9184 9183 9170 9169
f 9185 9184 9169 9070
f 9040 9185 9070 9041
f 9187 9184 9185 9186
f 9038 9186 9185 9040
f 9187 9188 9183 9184
f 9188 9189 9182 9183
f 9189 9190 9181 9182
f 9190 9191 9180 9181
f 9191 9192 9178 9180
f 9192 9193 9179 9178
f 9179 9194 8382 9177
f 9193 9195 9194 9179
f 9194 9196 8380 8382
f 9195 9197 9196 9194
f 9198 9199 9197 9195
f 9200 9198 9195 9193
f 9201 9200 9193 9192
f 9202 9201 9192 9191
f 9203 9202 9191 9190
f 9204 9203 9190 9189
f 9205 9204 9189 9188
f 9206 9205 9188 9187
f 9207 9206 9187 9186
f 9037 9207 9186 9038
f 9208 9209 9206 9207
f 9039 9208 9207 9037
f 9209 9210 9205 9206
f 9210 9211 9204 9205
f 9211 9212 9203 9204
f 9212 9213 9202 9203
f 9213 9214 9201 9202
f 9214 9215 9200 9201
f 9215 9216 9198 9200
f 9216 9217 9199 9198
f 9199 9218 9219 9197
f 9220 9218 9199 9217
f 9197 9219 9221 9196
f 9196 9221 8381 8380
f 9221 9222 8383 8381
f 9219 9223 9222 9221
f 9224 9223 9219 9218
f 9225 9224 9218 9220
f 9227 9220 9217 9226
f 9225 9220 9227 9228
f 9229 9226 9217 9216
f 9230 9229 9216 9215
f 9231 9230 9215 9214
f 9232 9231 9214 9213
f 9233 9232 9213 9212
f 9234 9233 9212 9211
f 9235 9234 9211 9210
f 9236 9235 9210 9209
f 9237 9238 9234 9235
f 9239 9237 9235 9236
f 9238 9240 9233 9234
f 9240 9241 9232 9233
f 9241 9242 9231 9232
f 9242 9243 9230 9231
f 9243 9244 9229 9230
f 9244 9245 9226 9229
f 9245 9228 9227 9226
f 9246 9247 9225 9228
f 9248 9249 9246 9228
f 9248 9228 9245 9250
f 9247 9251 9224 9225
f 9251 9252 9223 9224
f 9252 9253 9222 9223
f 9260 9249 9248 9263
f 9263 9248 9250 9265
f 9266 9250 9245 9244
f 9267 9265 9250 9266
f 9268 9266 9244 9243
f 9269 9268 9243 9242
f 9270 9269 9242 9241
f 9271 9272 9268 9269
f 9273 9271 9269 9270
f 9272 9267 9266 9268
f 9274 9275 9265 9267
f 9276 9274 9267 9272
f 9275 9277 9263 9265
f 9278 9260 9263 9277
f 9279 9261 9260 9278
f 9297 9298 9294 9279
f 9297 9279 9278 9299
f 9300 9299 9278 9277
f 9301 9300 9277 9275
f 9302 9301 9275 9274
f 9303 9302 9274 9276
f 9304 9276 9272 9271
f 9305 9303 9276 9304
f 9306 9307 9302 9303
f 9308 9306 9303 9305
f 9307 9309 9301 9302
f 9309 9310 9300 9301
f 9310 9311 9299 9300
f 9311 9312 9297 9299
f 9312 9313 9298 9297
f 9313 9314 9315 9298
f 9326 9327 9314 9313
f 9329 9326 9313 9312
f 9330 9329 9312 9311
f 9331 9330 9311 9310
f 9332 9331 9310 9309
f 9333 9332 9309 9307
f 9334 9333 9307 9306
f 9335 9334 9306 9308
f 9336 9308 9305 9337
f 9338 9335 9308 9336
f 9339 9340 9334 9335
f 9341 9339 9335 9338
f 9340 9342 9333 9334
f 9342 9343 9332 9333
f 9343 9344 9331 9332
f 9344 9345 9330 9331
f 9345 9346 9329 9330
f 9346 9347 9326 9329
f 9348 9327 9326 9347
f 9361 9359 9349 9348
f 9362 9361 9348 9347
f 9363 9362 9347 9346
f 9364 9363 9346 9345
f 9364 9345 9344 9365
f 9366 9365 9344 9343
f 9367 9366 9343 9342
f 9367 9342 9340 9368
f 9369 9368 9340 9339
f 9370 9371 9367 9368
f 9371 9375 9366 9367
f 9376 9365 9366 9375
f 9377 9378 9364 9365
f 9378 9380 9363 9364
f 9380 9381 9362 9363
f 9381 9382 9361 9362
f 9383 9359 9361 9382
f 9358 9359 9383 9384
f 9388 9384 9383 9382
f 9521 9517 9518 9522
f 9522 9518 9524 9525
f 9516 9515 9526 9523
f 9515 9514 9527 9526
f 9514 9513 9528 9527
f 9513 9529 9530 9528
f 9531 9529 9513 9512
f 9531 9534 9535 9529
f 9529 9535 9537 9530
f 9530 9537 9538 9539
f 9528 9530 9539 9540
f 9527 9528 9540 9541
f 9526 9527 9541 9542
f 9523 9526 9542 9543
f 9524 9523 9543 9544
f 9525 9524 9544 8971
f 9545 9525 8971 8968
f 9546 9522 9525 9545
f 9547 9521 9522 9546
f 8769 9547 9546 9549
f 9549 9546 9545 8940
f 8940 9545 8968 8938
f 9550 9549 8940 8937
f 8770 8769 9549 9550
f 8908 9550 8937 8909
f 8771 8770 9550 8908
f 8971 9544 9551 8969
f 9544 9543 9552 9551
f 9543 9542 9553 9552
f 9542 9541 9554 9553
f 9541 9540 9555 9554
f 9554 9555 9556 9557
f 9553 9554 9557 9558
f 9552 9553 9558 9005
f 9551 9552 9005 9002
f 8969 9551 9002 8970
f 9005 9558 9559 9003
f 9558 9557 9560 9559
f 9557 9556 9561 9560
f 9556 9239 9236 9561
f 9555 9562 9239 9556
f 9540 9539 9562 9555
f 9562 9563 9237 9239
f 9539 9538 9563 9562
f 9563 9564 9238 9237
f 9538 9565 9564 9563
f 9537 9566 9565 9538
f 9565 9567 9568 9564
f 9566 9569 9567 9565
f 9564 9568 9240 9238
f 9568 9270 9241 9240
f 9567 9273 9270 9568
f 9569 9570 9273 9567
f 9571 9337 9570 9569
f 9572 9571 9569 9566
f 9535 9572 9566 9537
f 9573 9574 9571 9572
f 9534 9573 9572 9535
f 9574 9336 9337 9571
f 9337 9305 9304 9570
f 9570 9304 9271 9273
f 9575 9338 9336 9574
f 9576 9575 9574 9573
f 9576 9573 9534 9536
f 9402 9369 9339 9341
f 9561 9236 9209 9208
f 9560 9561 9208 9039
f 9559 9560 9039 9036
f 9003 9559 9036 9004
f 9253 8384 8383 9222
f 8804 8882 9615 8805
f 9616 9617 8805 9615
f 9618 8806 8805 9617
f 9619 9615 8882 8881
f 9620 9616 9615 9619
f 9621 9622 9617 9616
f 9623 9621 9616 9620
f 9622 9624 9618 9617
f 9625 9626 9618 9624
f 9618 9626 9627 8806
f 9625 9630 9631 9626
f 9625 9624 9634 9633
f 9633 9635 9630 9625
f 9636 9634 9624 9622
f 9637 9636 9622 9621
f 9638 9637 9621 9623
f 9639 9623 9620 9640
f 9641 9638 9623 9639
f 9640 9620 9619 9642
f 9642 9619 8881 8880
f 9642 8880 8874 9643
f 9640 9642 9643 9644
f 9645 9639 9640 9644
f 9646 9641 9639 9645
f 9647 9648 9638 9641
f 9649 9647 9641 9646
f 9648 9650 9637 9638
f 9650 9651 9636 9637
f 9651 9652 9634 9636
f 9652 9653 9633 9634
f 9654 9635 9633 9653
f 9654 9655 9656 9635
f 9660 9661 9654 9653
f 9662 9655 9654 9661
f 9663 9660 9653 9652
f 9664 9663 9652 9651
f 9665 9664 9651 9650
f 9666 9665 9650 9648
f 9667 9666 9648 9647
f 9668 9667 9647 9649
f 9669 9649 9646 9670
f 9671 9668 9649 9669
f 9670 9646 9645 9672
f 9672 9645 9644 9673
f 9644 9643 8876 9673
f 9672 9673 9675 9674
f 9676 9673 8876 8875
f 9675 9673 9676 9677
f 9670 9672 9674 9678
f 9679 9669 9670 9678
f 9680 9671 9669 9679
f 9681 9682 9668 9671
f 9683 9681 9671 9680
f 9682 9684 9667 9668
f 9684 9685 9666 9667
f 9685 9686 9665 9666
f 9686 9687 9664 9665
f 9687 9688 9663 9664
f 9688 9689 9660 9663
f 9690 9691 9689 9688
f 9692 9690 9688 9687
f 9693 9692 9687 9686
f 9694 9693 9686 9685
f 9695 9694 9685 9684
f 9696 9695 9684 9682
f 9697 9696 9682 9681
f 9698 9697 9681 9683
f 9699 9683 9680 9700
f 9701 9698 9683 9699
f 9700 9680 9679 9702
f 9679 9678 9703 9702
f 9678 9674 9704 9703
f 9703 9704 9706 9705
f 9702 9703 9705 9707
f 9708 9700 9702 9707
f 9709 9699 9700 9708
f 9710 9701 9699 9709
f 9711 9712 9698 9701
f 9713 9711 9701 9710
f 9712 9714 9697 9698
f 9714 9715 9696 9697
f 9715 9716 9695 9696
f 9716 9717 9694 9695
f 9717 9718 9693 9694
f 9718 9719 9692 9693
f 9719 9720 9690 9692
f 9721 9722 9720 9719
f 9723 9721 9719 9718
f 9724 9723 9718 9717
f 9725 9724 9717 9716
f 9726 9725 9716 9715
f 9727 9726 9715 9714
f 9728 9727 9714 9712
f 9729 9728 9712 9711
f 9730 9729 9711 9713
f 9713 9710 9732 9731
f 9733 9730 9713 9731
f 9710 9709 9734 9732
f 9734 9709 9708 9735
f 9708 9707 9736 9735
f 9707 9705 9737 9736
f 9736 9737 9739 9738
f 9735 9736 9738 9740
f 9741 9734 9735 9740
f 9732 9734 9741 9742
f 9746 9730 9733 9745
f 9746 9748 9729 9730
f 9748 9749 9728 9729
f 9749 9750 9727 9728
f 9750 9751 9726 9727
f 9751 9752 9725 9726
f 9752 9753 9724 9725
f 9753 9754 9723 9724
f 9755 9756 9754 9753
f 9757 9755 9753 9752
f 9757 9752 9751 9758
f 9758 9751 9750 9759
f 9759 9750 9749 9760
f 9760 9749 9748 9761
f 9762 9761 9748 9746
f 9763 9762 9746 9745
f 9782 9783 9762 9763
f 9784 9761 9762 9783
f 9785 9760 9761 9784
f 9760 9785 9786 9759
f 9759 9786 9787 9758
f 9758 9787 9788 9757
f 9790 9788 9787 9789
f 9789 9787 9786 9791
f 9791 9786 9785 9792
f 9784 9793 9792 9785
f 9794 9793 9784 9783
f 9795 9796 9794 9783
f 9820 9796 9795 9819
f 9821 9793 9794 9796
f 9822 9821 9796 9820
f 9823 9792 9793 9821
f 9822 9824 9823 9821
f 9825 9826 9824 9822
f 9827 9825 9822 9820
f 9828 9827 9820 9819
f 9855 9825 9827 9854
f 9856 9857 9855 9854
f 10029 10018 10031 10032
f 10034 10035 10033 10015
f 10012 10036 10034 10013
f 10012 10011 10037 10036
f 10038 10039 10037 10011
f 10037 10041 10042 10036
f 10037 10039 10043 10041
f 10044 10036 10042 10045
f 10034 10036 10044 10035
f 10046 10035 10044 10047
f 10033 10035 10046 10048
f 10030 10033 10048 10031
f 10031 10048 10049 10032
f 10032 10049 10051 10050
f 10052 10029 10032 10050
f 10053 10025 10029 10052
f 10027 10025 10053 10054
f 10058 10054 10053 10059
f 10060 10055 10054 10058
f 10059 10053 10052 10061
f 10061 10052 10050 10062
f 10062 10050 10051 10063
f 10051 10049 10064 10065
f 10063 10051 10065 10066
f 10048 10046 10064 10049
f 10064 10046 10047 10067
f 10047 10044 10045 10068
f 10067 10047 10068 10069
f 10045 10042 10070 10071
f 10068 10045 10071 10072
f 10069 10068 10072 10073
f 10074 10069 10073 10075
f 10076 10067 10069 10074
f 10065 10064 10067 10076
f 10066 10065 10076 10077
f 10078 10066 10077 10079
f 10080 10063 10066 10078
f 10081 10062 10063 10080
f 10082 10061 10062 10081
f 10083 10059 10061 10082
f 10058 10059 10083 10084
f 10085 10060 10058 10084
f 10087 10055 10060 10086
f 10086 10060 10085 10088
f 10089 10085 10084 10090
f 10084 10083 10092 10090
f 10092 10083 10082 10093
f 10093 10082 10081 10094
f 10094 10081 10080 10095
f 10095 10080 10078 10096
f 10096 10078 10079 10097
f 10079 10077 10098 10099
f 10097 10079 10099 10100
f 10077 10076 10074 10098
f 10098 10074 10075 10101
f 10075 10073 10102 10103
f 10101 10075 10103 10104
f 10105 10101 10104 10106
f 10099 10098 10101 10105
f 10100 10099 10105 10107
f 10108 10100 10107 10109
f 10110 10097 10100 10108
f 10111 10096 10097 10110
f 10112 10095 10096 10111
f 10113 10094 10095 10112
f 10093 10094 10113 10114
f 10092 10093 10114 10115
f 10116 10090 10092 10115
f 10121 10115 10114 10122
f 10114 10113 10124 10122
f 10124 10113 10112 10125
f 10125 10112 10111 10126
f 10111 10110 10127 10126
f 10127 10110 10108 10128
f 10128 10108 10109 10129
f 10109 10107 10130 10131
f 10129 10109 10131 10132
f 10107 10105 10106 10130
f 10106 10104 10133 10134
f 10130 10106 10134 10135
f 10131 10130 10135 10136
f 10132 10131 10136 10137
f 10138 10132 10137 10139
f 10140 10129 10132 10138
f 10141 10128 10129 10140
f 10127 10128 10141 10142
f 10126 10127 10142 10143
f 10144 10125 10126 10143
f 10145 10124 10125 10144
f 10146 10122 10124 10145
f 10144 10143 10152 10151
f 10153 10143 10142 10154
f 10154 10142 10141 10156
f 10141 10140 10157 10156
f 10157 10140 10138 10158
f 10158 10138 10139 10159
f 10139 10137 10160 10161
f 10159 10139 10161 10162
f 10137 10136 10163 10160
f 10136 10135 10164 10163
f 10163 10164 10165 10166
f 10160 10163 10166 10167
f 10161 10160 10167 10168
f 10162 10161 10168 10169
f 9857 10162 10169 9855
f 10159 10162 9857 10170
f 10171 10158 10159 10170
f 10180 10170 9857 9856
f 9855 10169 9826 9825
f 9826 10181 10182 9824
f 10169 10168 10181 9826
f 10181 10183 10184 10182
f 10168 10167 10183 10181
f 10182 10184 10185 10186
f 9824 10182 10186 9823
f 10184 10187 10188 10185
f 10183 10189 10187 10184
f 10167 10166 10189 10183
f 10189 10190 10191 10187
f 10166 10165 10190 10189
f 10187 10191 10192 10188
f 10188 10192 10193 9790
f 10185 10188 9790 9789
f 10186 10185 9789 9791
f 9823 10186 9791 9792
f 9790 10193 10194 9788
f 10193 10195 10196 10194
f 10192 10197 10195 10193
f 10191 10198 10197 10192
f 10190 10199 10198 10191
f 10165 10200 10199 10190
f 10164 10201 10200 10165
f 10200 10202 10203 10199
f 10201 10204 10202 10200
f 10199 10203 10205 10198
f 10198 10205 10206 10197
f 10197 10206 10207 10195
f 10195 10207 10208 10196
f 10196 10208 10209 9756
f 10194 10196 9756 9755
f 9757 9788 10194 9755
f 9756 10209 10210 9754
f 10208 10211 10212 10209
f 10209 10212 10213 10210
f 10207 10214 10211 10208
f 10206 10215 10214 10207
f 10205 10216 10215 10206
f 10203 10217 10216 10205
f 10202 10218 10217 10203
f 10204 10219 10218 10202
f 10133 10220 10219 10204
f 10134 10133 10204 10201
f 10134 10201 10164 10135
f 10104 10103 10220 10133
f 10220 10221 10222 10219
f 10103 10102 10221 10220
f 10219 10222 10223 10218
f 10218 10223 10224 10217
f 10217 10224 10225 10216
f 10216 10225 10226 10215
f 10215 10226 10227 10214
f 10214 10227 10228 10211
f 10212 10211 10228 10229
f 10212 10229 10230 10213
f 10213 10230 10231 9722
f 10210 10213 9722 9721
f 10232 10233 10231 10230
f 10234 10232 10230 10229
f 10235 10229 10228 10227
f 10235 10236 10234 10229
f 10226 10237 10235 10227
f 10225 10238 10237 10226
f 10224 10239 10238 10225
f 10223 10240 10239 10224
f 10222 10241 10240 10223
f 10221 10242 10241 10222
f 10102 10243 10242 10221
f 10073 10072 10243 10102
f 10243 10244 10245 10242
f 10072 10071 10244 10243
f 10242 10245 10246 10241
f 10241 10246 10247 10240
f 10240 10247 10248 10239
f 10239 10248 10249 10238
f 10238 10249 10250 10237
f 10236 10235 10237 10250
f 10236 10251 10252 10234
f 10250 10253 10251 10236
f 10252 10254 10232 10234
f 10232 10254 10255 10233
f 10255 10256 10257 10233
f 10231 10233 10257 10258
f 10255 10259 10260 10256
f 10261 10259 10255 10254
f 10252 10262 10261 10254
f 10251 10263 10262 10252
f 10253 10264 10263 10251
f 10253 10250 10249 10265
f 10265 10266 10264 10253
f 10248 10267 10265 10249
f 10247 10268 10267 10248
f 10246 10269 10268 10247
f 10245 10270 10269 10246
f 10244 10271 10270 10245
f 10071 10070 10271 10244
f 10271 10272 10273 10270
f 10070 10274 10272 10271
f 10270 10273 10275 10269
f 10269 10275 10276 10268
f 10268 10276 10277 10267
f 10266 10265 10267 10277
f 10266 10278 10279 10264
f 10277 10280 10278 10266
f 10264 10279 10281 10263
f 10263 10281 10282 10262
f 10282 10283 10261 10262
f 10261 10283 10284 10259
f 10259 10284 10285 10260
f 10256 10260 10286 10287
f 10284 10289 10290 10285
f 10283 10294 10289 10284
f 10282 10295 10294 10283
f 10281 10296 10295 10282
f 10279 10297 10296 10281
f 10278 10298 10297 10279
f 10280 10299 10298 10278
f 10280 10277 10276 10300
f 10300 10301 10299 10280
f 10275 10302 10300 10276
f 10273 10303 10302 10275
f 10303 10304 10305 10302
f 10301 10300 10302 10305
f 10301 10306 10307 10299
f 10305 10308 10306 10301
f 10307 10309 10298 10299
f 10298 10309 10310 10297
f 10297 10310 10311 10296
f 10296 10311 10312 10295
f 10295 10312 10313 10294
f 10294 10313 10314 10289
f 10312 10329 10330 10313
f 10311 10332 10329 10312
f 10310 10333 10332 10311
f 10309 10334 10333 10310
f 10307 10335 10334 10309
f 10336 10335 10307 10306
f 10335 10337 10338 10334
f 10336 10339 10337 10335
f 10334 10338 10340 10333
f 10333 10340 10341 10332
f 10332 10341 10342 10329
f 10331 10330 10329 10342
f 10340 10364 10363 10341
f 10338 10365 10364 10340
f 10337 10366 10365 10338
f 10339 10367 10366 10337
f 10366 10368 10369 10365
f 10367 10370 10368 10366
f 10365 10369 10371 10364
f 10364 10371 10372 10363
f 10360 10363 10372 10373
f 10371 10396 10395 10372
f 10369 10397 10396 10371
f 10398 10397 10369 10368
f 10398 10399 10400 10397
f 10401 10397 10400 10402
f 10401 10403 10396 10397
f 10403 10392 10395 10396
f 10401 10402 10404 10403
f 10402 10400 10429 10428
f 10399 10430 10429 10400
f 10430 10431 10432 10429
f 10496 10497 10498 10489
f 10513 10501 10502 10514
f 10502 10500 10515 10516
f 10514 10502 10516 10517
f 10499 10518 10515 10500
f 10498 10519 10518 10499
f 10497 10520 10519 10498
f 10518 10519 10521 10522
f 10515 10518 10522 10523
f 10515 10523 10524 10516
f 10517 10516 10524 10525
f 10526 10517 10525 10527
f 10528 10514 10517 10526
f 10512 10528 10529 10509
f 10510 10509 10529 10530
f 10511 10510 10530 10531
f 10532 10511 10531 10533
f 10533 10540 10541 10532
f 10542 10532 10541 10543
f 10536 10532 10542 10544
f 10533 10531 10545 10546
f 10540 10533 10546 10547
f 10531 10530 10548 10545
f 10530 10529 10549 10548
f 10529 10528 10526 10549
f 10549 10526 10527 10550
f 10527 10525 10551 10552
f 10550 10527 10552 10370
f 10553 10550 10370 10367
f 10548 10549 10550 10553
f 10545 10548 10553 10554
f 10546 10545 10554 10555
f 10547 10546 10555 10308
f 10308 10305 10304 10547
f 10547 10304 10556 10540
f 10541 10540 10556 10543
f 10543 10556 10558 10557
f 10542 10543 10557 10043
f 10544 10542 10043 10039
f 9677 9676 8875 8877
f 9677 8877 10726 10725
f 10727 9675 9677 10725
f 10727 10725 10724 10728
f 9739 9737 10728 10719
f 9739 10719 10722 10729
f 10731 9738 9739 10729
f 9706 9704 10727 10728
f 9737 9705 9706 10728
f 9674 9675 10727 9704
f 9662 9661 10739 10738
f 10738 10641 10643 9662
f 10740 10287 10738 10739
f 9689 10739 9661 9660
f 9691 10740 10739 9689
f 10257 10256 10287 10740
f 10257 10740 9691 10258
f 9720 10258 9691 9690
f 9722 10231 10258 9720
f 10043 10557 10274 10041
f 10042 10041 10274 10070
f 10557 10558 10272 10274
f 10558 10556 10304 10303
f 10272 10558 10303 10273
f 10308 10555 10336 10306
f 10554 10339 10336 10555
f 10554 10553 10367 10339
f 10370 10552 10398 10368
f 10552 10551 10399 10398
f 10551 10741 10430 10399
f 10525 10524 10741 10551
f 10741 10461 10431 10430
f 10524 10523 10461 10741
f 10523 10522 10460 10461
f 9754 10210 9721 9723
f 10770 10055 10087 10771
f 10767 10775 10774 10765
f 10774 10086 10088 10765
f 9643 8874 8873 8876
g Left
f 8431 8429 8439 8438
f 8440 8436 8431 8438
f 8439 8429 8428 8441
f 8441 8428 8427 8442
f 8442 8427 8426 8424
f 8443 8424 8423 8425
f 8442 8424 8443 8444
f 8450 8441 8442 8444
f 8451 8439 8441 8450
f 8452 8438 8439 8451
f 8456 8437 8436 8440
f 8458 8459 8434 8437
f 8460 8458 8437 8456
f 8464 8463 8459 8458
f 8465 8464 8458 8460
f 8487 8489 8464 8465
f 8490 8463 8464 8489
f 8462 8463 8490 8491
f 8491 8490 8493 8492
f 8493 8490 8489 8494
f 8495 8494 8489 8487
f 8520 8494 8495 8496
f 8519 8521 8520 8496
f 8520 8492 8493 8494
f 8522 8492 8520 8521
f 8524 8522 8521 8523
f 8525 8523 8521 8519
f 8554 8555 8523 8525
f 8556 8555 8554 8553
f 8557 8558 8556 8553
f 8587 8557 8559 8586
f 8588 8589 8587 8586
f 8590 8591 8588 8586
f 8722 8723 8721 8720
f 9018 9021 9022 9019
f 9052 9051 9055 9054
f 9053 9052 9054 9056
f 9055 9051 9059 9060
f 8591 9061 9078 8588
f 8622 9058 8591 8590
f 9060 9059 9058 8622
f 9060 8622 8624 9079
f 9055 9060 9079 8655
f 8657 9054 9055 8655
f 9080 9056 9054 8657
f 9081 9082 9056 9080
f 9083 9053 9056 9082
f 9084 9021 9083 9082
f 9084 9082 9081 8690
f 9085 9086 9084 8690
f 9022 9021 9084 9086
f 9087 9019 9022 9086
f 9087 9086 9085 8721
f 8723 9088 9087 8721
f 9089 9019 9087 9088
f 9091 9088 8723 9092
f 8752 9090 9091 9092
f 9094 9093 9090 8752
f 9096 9097 9093 9094
f 9096 9094 9095 9098
f 8987 9093 9097 9099
f 9098 9099 9097 9096
f 9101 9099 9098 9102
f 9078 9077 8589 8588
f 9077 9076 8558 8589
f 8587 8589 8558 8557
f 9116 8524 9117 9075
f 8556 9075 9117 8555
f 9116 9119 8522 8524
f 9117 8524 8523 8555
f 9731 9732 9742 9743
f 9744 9733 9731 9743
f 9747 9745 9733 9744
f 9763 9745 9747 9764
f 9747 9744 9766 9765
f 9764 9747 9765 9767
f 9744 9743 9768 9766
f 9743 9742 9769 9768
f 9742 9741 9770 9769
f 9741 9740 9771 9770
f 9768 9769 9774 9775
f 9779 9780 9764 9767
f 9780 9782 9763 9764
f 9795 9783 9782 9797
f 9797 9782 9780 9798
f 9799 9798 9780 9779
f 9816 9817 9797 9798
f 9816 9798 9815 9818
f 9817 9819 9795 9797
f 9829 9828 9819 9818
f 9816 9818 9819 9817
f 9852 9853 9828 9829
f 9853 9854 9827 9828
f 9858 9856 9854 9853
f 9859 9858 9853 9852
f 9888 9889 9858 9859
f 9888 9887 9890 9889
f 9891 9892 9890 9887
f 10091 10088 10085 10089
f 10089 10090 10118 10117
f 10118 10090 10116 10119
f 10119 10116 10115 10120
f 10120 10115 10121 10123
f 10123 10121 10122 10147
f 10148 10147 10122 10146
f 10148 10146 10151 10150
f 10145 10144 10151 10146
f 10152 10143 10153 10155
f 10172 10157 10158 10171
f 10173 10156 10157 10172
f 10154 10156 10175 10174
f 10175 10156 10173 10176
f 10153 10154 10174 10155
f 10177 9958 10152 10155
f 10177 10155 10174 10178
f 10150 10151 10152 9958
f 10178 10174 10175 9924
f 9926 9924 10175 10176
f 10173 10172 10179 10176
f 9926 10176 10179 9923
f 10179 10172 10171 9892
f 10171 10170 9890 9892
f 9890 10170 10180 9889
f 10180 9856 9858 9889
f 9923 10179 9892 9891
f 9772 9771 10717 10715
f 10730 10731 10729 10723
f 10732 10730 10717 9771
f 9771 9740 10733 10732
f 10732 10733 10731 10730
f 10733 9740 9738 10731
f 10750 10119 10120 10744
f 10750 10748 10118 10119
f 10751 10117 10118 10748
f 10763 10764 10117 10751
f 10091 10089 10117 10764
f 10764 10765 10088 10091
f 10763 10762 10765 10764
f 10766 10767 10765 10762
g Top
f 8826 8827 8825 8812
f 8826 8812 8810 8828
f 8848 8849 8826 8828
f 8846 8850 8848 8828
f 8849 8851 8827 8826
f 8827 8851 8852 8853
f 8827 8853 8824 8825
f 8853 8854 8823 8824
f 8853 8852 8855 8854
f 8856 8857 8855 8852
f 8858 8856 8852 8851
f 8865 8850 8867 8866
f 8867 8850 8846 8868
f 8871 8866 8867 8868
f 8875 8866 8878 8877
f 8878 8866 8871 8879
f 8899 8920 8922 8921
f 8855 8857 8899 8921
f 8820 8920 8924 8821
f 8922 8920 8820 8925
f 9106 9100 9101 9102
f 9108 9100 9110 9109
f 9110 9100 9106 9111
f 9111 9106 9113 9112
f 9114 9112 9113 8821
f 9112 9109 9110 9111
f 9114 9115 9109 9112
f 9115 8924 9108 9109
f 8821 8924 9115 9114
f 8925 8820 8822 9614
f 9614 8921 8922 8925
f 8854 8855 8921 9614
f 8854 9614 8822 8823
f 10719 10720 10712 10711
f 10721 10722 10719 10711
f 10720 10724 10710 10712
f 10724 10725 10709 10710
f 10709 10725 10726 10707
f 10726 8877 10708 10707
f 10708 8877 8878 8879
f 10728 10724 10720 10719
f 10723 10729 10722 10721
g Bottom
f 8346 8338 8337 8345
f 8347 8345 8337 8341
f 8360 8347 8341 8359
f 8361 8362 8345 8347
f 8363 8361 8347 8360
f 8364 8346 8345 8362
f 8365 8366 8350 8346
f 8364 8367 8365 8346
f 8363 8360 8359 8385
f 8385 8359 8384 8386
f 8392 8367 8364 8390
f 8367 8393 8366 8365
f 8392 8394 8393 8367
f 8393 8395 8368 8366
f 8412 8413 8411 8398
f 8414 8412 8398 8395
f 8416 8414 8395 8415
f 8415 8395 8393 8394
f 8419 8420 8416 8415
f 8416 8420 8412 8414
f 8420 8422 8413 8412
f 8422 8425 8423 8413
f 9254 9255 9253 9252
f 9256 9254 9252 9251
f 9257 9256 9251 9247
f 9258 9257 9247 9246
f 9259 9258 9246 9249
f 9260 9261 9262 9249
f 9259 9249 9262 9264
f 9280 9264 9262 9261
f 9281 9280 9261 9279
f 9283 9264 9280 9282
f 9259 9264 9283 9284
f 9285 9258 9259 9284
f 9282 9280 9281 9292
f 9281 9279 9294 9295
f 9281 9295 9296 9292
f 9316 9298 9315 9317
f 9316 9295 9294 9298
f 9296 9295 9316 9318
f 9318 9316 9317 9322
f 9324 9317 9315 9314
f 9317 9324 9325 9322
f 9324 9314 9327 9328
f 9349 9328 9327 9348
f 9349 9350 9351 9328
f 9328 9351 9353 9352
f 9325 9324 9328 9352
f 9355 9352 9353 9356
f 9356 9353 9351 9350
f 9350 9349 9359 9358
f 9360 9356 9350 9358
f 9385 9360 9358 9384
f 9255 8386 8384 9253
f 10000 9999 10012 10013
f 10000 10013 10014 10001
f 10001 10014 10015 9998
f 10016 9998 10015 10017
f 10016 10017 10018 9997
f 10019 9997 10018 10020
f 9995 9997 10019 10021
f 10021 10019 10020 10025
f 10026 10021 10025 10027
f 10022 10021 10026 10028
f 10020 10018 10029 10025
f 10017 10030 10031 10018
f 10017 10015 10033 10030
f 10014 10013 10034 10015
f 10040 10038 10011 10010
f 10056 10027 10054 10055
f 10026 10027 10056 10057
f 10481 10472 10471 10482
f 10482 10471 10470 10483
f 10470 10468 10484 10483
f 10468 10469 10485 10486
f 10484 10468 10486 10487
f 10469 10488 10489 10485
f 10492 10491 10495 10496
f 10492 10496 10489 10488
f 10485 10489 10498 10499
f 10485 10499 10500 10486
f 10501 10486 10500 10502
f 10487 10486 10501 10503
f 10483 10484 10487 10503
f 10482 10483 10503 10504
f 10481 10482 10504 10505
f 10480 10481 10505 10506
f 10478 10480 10506 10507
f 10478 10507 10508 10477
f 10507 10506 10509 10510
f 10508 10507 10510 10511
f 10506 10505 10512 10509
f 10505 10504 10513 10512
f 10504 10503 10501 10513
f 10495 10520 10497 10496
f 10512 10513 10514 10528
f 10534 10508 10511 10532
f 10479 10477 10508 10534
f 10534 10532 10536 10535
f 10535 10536 10544 10537
f 10559 10537 10544 10039
f 10040 10559 10039 10038
f 10755 10759 10761 10760
f 10760 10761 10769 10768
f 10761 10759 10770 10771
f 10761 10771 10772 10769
f 10773 10057 10770 10759
f 10758 10028 10773 10759
f 10773 10028 10026 10057
f 10770 10057 10056 10055
f 10774 10771 10087 10086
f 10772 10771 10774 10775
f 10768 10769 10772 10775
f 10768 10775 10767 10766
